# {"t_start": 1594040701.5503657, "env_id": "CartPole-v0"} 
r,l,t
34.0,34,17.522566
8.0,8,17.540086
10.0,10,17.558682
14.0,14,17.58775
31.0,31,17.651067
14.0,14,17.677974
16.0,16,17.715471
45.0,45,17.808244
13.0,13,17.831722
38.0,38,17.90754
22.0,22,17.95696
21.0,21,17.995778
30.0,30,18.052812
27.0,27,18.106471
13.0,13,18.125472
26.0,26,18.15805
38.0,38,18.225702
12.0,12,18.236015
13.0,13,18.262814
14.0,14,18.287893
23.0,23,18.320884
10.0,10,18.330252
14.0,14,18.342214
11.0,11,18.351751
12.0,12,18.39106
36.0,36,18.442291
10.0,10,18.452081
16.0,16,18.488227
40.0,40,18.549348
30.0,30,18.598456
10.0,10,18.615547
31.0,31,18.670093
13.0,13,18.692739
20.0,20,18.727377
43.0,43,18.80349
16.0,16,18.830501
29.0,29,18.881595
44.0,44,18.958421
9.0,9,18.974509
18.0,18,19.006147
33.0,33,19.06816
18.0,18,19.100442
16.0,16,19.128114
10.0,10,19.14565
23.0,23,19.185526
20.0,20,19.222996
16.0,16,20.594268
30.0,30,23.534904
36.0,36,27.521367
23.0,23,30.191497
15.0,15,31.870496
16.0,16,33.429835
31.0,31,36.619218
18.0,18,38.591535
24.0,24,41.252541
29.0,29,44.064925
10.0,10,45.013424
20.0,20,47.058843
15.0,15,48.670086
19.0,19,50.619006
35.0,35,54.800621
16.0,16,56.532796
12.0,12,57.749989
65.0,65,64.520211
17.0,17,66.143684
41.0,41,70.349291
12.0,12,71.685058
9.0,9,72.648646
72.0,72,80.170585
22.0,22,82.159368
33.0,33,85.839836
18.0,18,87.851564
36.0,36,91.847316
27.0,27,94.419511
13.0,13,95.894441
12.0,12,97.173012
41.0,41,101.560635
9.0,9,102.451427
26.0,26,104.835696
20.0,20,106.794626
24.0,24,109.20272
30.0,30,112.363192
17.0,17,114.192638
9.0,9,115.257319
14.0,14,116.708101
22.0,22,118.794302
28.0,28,122.059438
12.0,12,123.377163
13.0,13,124.89972
37.0,37,128.73371
34.0,34,132.376097
23.0,23,134.982028
16.0,16,136.563143
20.0,20,138.737633
22.0,22,140.748801
21.0,21,143.209421
12.0,12,144.461016
14.0,14,146.163324
26.0,26,149.197441
24.0,24,151.492034
33.0,33,154.949393
54.0,54,160.804903
14.0,14,162.28582
23.0,23,164.900858
23.0,23,166.92064
21.0,21,169.144598
12.0,12,170.416862
12.0,12,171.77631
11.0,11,172.876251
24.0,24,175.371262
13.0,13,176.746295
10.0,10,177.642944
25.0,25,180.259793
12.0,12,181.41361
15.0,15,182.688006
34.0,34,186.279473
9.0,9,187.236154
14.0,14,188.696409
15.0,15,190.360523
33.0,33,194.145359
60.0,60,200.660643
27.0,27,203.651832
16.0,16,205.560859
22.0,22,208.030349
11.0,11,209.205283
39.0,39,213.183162
12.0,12,214.477129
19.0,19,216.552737
40.0,40,221.013635
31.0,31,224.221491
16.0,16,225.903955
15.0,15,227.548552
20.0,20,229.427271
17.0,17,231.428496
34.0,34,234.863061
12.0,12,236.149897
24.0,24,238.43275
20.0,20,240.521632
9.0,9,241.419314
19.0,19,243.516188
14.0,14,245.0945
11.0,11,246.220344
12.0,12,247.163888
17.0,17,248.875011
54.0,54,254.3046
24.0,24,256.584577
14.0,14,257.929607
25.0,25,260.730733
16.0,16,262.53239
33.0,33,266.056965
27.0,27,268.905711
12.0,12,270.150326
12.0,12,271.454024
15.0,15,273.079681
40.0,40,276.888108
18.0,18,278.409523
14.0,14,279.677805
11.0,11,280.92774
15.0,15,282.632706
34.0,34,285.895526
28.0,28,288.45505
27.0,27,290.938299
13.0,13,292.287993
29.0,29,295.313911
26.0,26,298.044776
21.0,21,299.950866
29.0,29,303.040568
22.0,22,305.187512
25.0,25,307.380042
14.0,14,308.986739
22.0,22,311.265626
17.0,17,313.149286
104.0,104,323.568686
23.0,23,326.160524
18.0,18,327.929126
14.0,14,329.046094
12.0,12,330.210838
16.0,16,331.554944
12.0,12,332.82145
12.0,12,334.125467
25.0,25,336.332844
65.0,65,343.382824
24.0,24,345.668394
16.0,16,347.212554
22.0,22,349.666824
15.0,15,351.249308
59.0,59,357.823753
11.0,11,358.835754
19.0,19,360.727114
29.0,29,363.564684
23.0,23,365.982344
18.0,18,368.152618
15.0,15,369.92324
25.0,25,372.802905
48.0,48,378.536633
12.0,12,379.65366
11.0,11,380.959244
22.0,22,383.339025
95.0,95,394.1055
27.0,27,396.782114
15.0,15,398.339456
36.0,36,402.260926
32.0,32,405.608652
23.0,23,408.362729
32.0,32,411.610435
15.0,15,413.006499
19.0,19,414.903162
16.0,16,416.713428
25.0,25,419.20374
34.0,34,422.853828
37.0,37,426.552965
23.0,23,428.733309
17.0,17,430.608041
33.0,33,434.078098
25.0,25,436.656042
11.0,11,437.867868
44.0,44,442.283823
28.0,28,445.142616
35.0,35,448.813895
31.0,31,452.316329
29.0,29,455.414889
18.0,18,457.069102
18.0,18,458.676198
18.0,18,460.305219
19.0,19,462.069518
12.0,12,463.067066
12.0,12,464.413503
14.0,14,466.010476
42.0,42,470.022048
12.0,12,471.263327
22.0,22,473.447052
12.0,12,474.708196
16.0,16,476.099828
21.0,21,478.218424
14.0,14,479.388921
14.0,14,480.563525
40.0,40,484.448277
21.0,21,486.312722
15.0,15,487.726073
29.0,29,490.207403
25.0,25,492.142231
24.0,24,494.349668
51.0,51,499.502691
47.0,47,504.376212
35.0,35,508.052214
23.0,23,510.492481
16.0,16,512.261837
17.0,17,514.126236
48.0,48,519.559002
41.0,41,523.824617
35.0,35,527.363001
30.0,30,530.468449
21.0,21,532.157717
9.0,9,533.035954
13.0,13,534.180719
37.0,37,537.965865
16.0,16,539.445213
42.0,42,544.3383
53.0,53,549.930212
14.0,14,551.294044
11.0,11,552.266152
36.0,36,555.790458
14.0,14,557.36504
37.0,37,561.424407
12.0,12,562.709336
23.0,23,565.148309
21.0,21,567.512532
26.0,26,570.159063
47.0,47,574.946934
21.0,21,577.093127
18.0,18,578.88155
47.0,47,583.683053
11.0,11,584.859594
21.0,21,587.185663
31.0,31,590.524261
18.0,18,592.019862
33.0,33,594.982148
26.0,26,597.532624
35.0,35,601.224014
10.0,10,602.197202
16.0,16,603.903183
26.0,26,606.788557
12.0,12,608.171159
32.0,32,611.611332
20.0,20,613.669223
16.0,16,615.502866
50.0,50,620.247397
36.0,36,624.307475
15.0,15,625.788132
39.0,39,629.625613
13.0,13,630.798291
19.0,19,632.821541
22.0,22,635.061603
17.0,17,636.763829
13.0,13,638.252485
16.0,16,639.840415
17.0,17,641.524897
28.0,28,644.339007
8.0,8,645.122456
10.0,10,646.220284
20.0,20,648.487041
15.0,15,649.803554
13.0,13,650.957522
12.0,12,652.258621
16.0,16,653.596261
19.0,19,655.631906
35.0,35,659.473226
27.0,27,662.179409
17.0,17,663.519277
13.0,13,665.04796
14.0,14,666.587589
39.0,39,670.740618
13.0,13,672.128592
24.0,24,674.548602
12.0,12,675.87196
10.0,10,676.702424
16.0,16,678.098913
26.0,26,680.507937
39.0,39,684.920218
19.0,19,687.080242
15.0,15,688.527252
13.0,13,689.686823
10.0,10,690.792194
16.0,16,692.292351
21.0,21,694.449318
21.0,21,696.442355
14.0,14,697.865553
28.0,28,701.02709
8.0,8,701.879832
22.0,22,704.101789
29.0,29,707.072259
26.0,26,710.048829
32.0,32,713.347326
17.0,17,715.131267
18.0,18,717.033998
20.0,20,718.777031
17.0,17,720.346277
34.0,34,723.970917
16.0,16,725.787447
34.0,34,729.473801
19.0,19,731.298537
17.0,17,732.88106
20.0,20,734.734947
13.0,13,736.176636
12.0,12,737.188567
22.0,22,739.332373
10.0,10,740.276143
12.0,12,741.538269
13.0,13,742.804807
16.0,16,744.500679
38.0,38,748.150293
28.0,28,751.141321
12.0,12,752.556563
12.0,12,753.83594
38.0,38,757.794854
28.0,28,760.558315
10.0,10,761.577549
22.0,22,763.981497
15.0,15,765.521394
42.0,42,770.082474
32.0,32,773.557933
27.0,27,776.101419
27.0,27,778.939848
19.0,19,780.708962
16.0,16,782.587097
26.0,26,785.398532
13.0,13,786.666518
19.0,19,788.409968
23.0,23,790.986965
16.0,16,792.676453
11.0,11,793.711746
32.0,32,797.169181
112.0,112,809.246499
17.0,17,811.000019
22.0,22,812.868712
39.0,39,816.845262
18.0,18,818.490317
16.0,16,820.175228
14.0,14,821.641389
55.0,55,827.442791
16.0,16,828.923551
25.0,25,831.621887
16.0,16,833.329388
26.0,26,835.88726
13.0,13,837.287563
14.0,14,838.86538
9.0,9,839.6069
31.0,31,842.642334
59.0,59,848.134573
18.0,18,849.96722
13.0,13,851.383756
11.0,11,852.425554
14.0,14,853.787522
13.0,13,855.274806
60.0,60,861.609894
27.0,27,864.566842
28.0,28,867.679981
16.0,16,869.319475
19.0,19,871.166326
15.0,15,872.726943
23.0,23,875.298336
11.0,11,876.399851
10.0,10,877.392396
26.0,26,880.204622
22.0,22,882.537483
9.0,9,883.578662
21.0,21,885.326497
12.0,12,886.569628
15.0,15,888.211355
15.0,15,889.876057
13.0,13,891.257561
29.0,29,894.48757
22.0,22,897.153869
17.0,17,898.771411
25.0,25,901.487992
17.0,17,903.211479
23.0,23,905.785131
9.0,9,906.742761
10.0,10,907.399279
16.0,16,908.902777
12.0,12,910.206139
12.0,12,911.583868
11.0,11,912.508462
11.0,11,913.786862
12.0,12,915.116693
22.0,22,917.672912
13.0,13,918.852787
17.0,17,920.785606
28.0,28,923.569562
16.0,16,925.229642
13.0,13,926.535817
10.0,10,927.372967
12.0,12,928.711678
9.0,9,929.574546
14.0,14,930.918632
24.0,24,933.659317
12.0,12,934.931848
12.0,12,935.915774
11.0,11,936.932194
17.0,17,938.503627
12.0,12,939.802082
13.0,13,941.217418
13.0,13,942.713285
11.0,11,944.044169
15.0,15,945.753027
18.0,18,947.764128
22.0,22,949.999206
18.0,18,952.469823
21.0,21,954.279759
51.0,51,959.610283
20.0,20,961.894596
12.0,12,963.184619
12.0,12,964.313495
15.0,15,965.867688
13.0,13,967.181103
22.0,22,969.334536
10.0,10,970.437965
33.0,33,974.066851
26.0,26,976.4203
11.0,11,977.700721
12.0,12,979.031082
10.0,10,980.033914
36.0,36,984.292756
20.0,20,986.550949
31.0,31,989.339108
15.0,15,990.938244
14.0,14,992.477859
35.0,35,995.920975
13.0,13,997.323319
11.0,11,998.417798
12.0,12,999.585066
14.0,14,1001.084379
28.0,28,1004.215581
11.0,11,1005.445911
13.0,13,1006.987925
21.0,21,1009.141608
21.0,21,1011.270436
40.0,40,1015.463415
23.0,23,1017.863292
20.0,20,1019.463701
14.0,14,1020.905798
27.0,27,1024.024438
18.0,18,1025.977362
14.0,14,1027.375046
14.0,14,1028.741893
23.0,23,1031.150163
18.0,18,1033.152169
22.0,22,1035.616526
11.0,11,1036.917156
14.0,14,1038.047335
35.0,35,1041.714399
13.0,13,1043.127689
12.0,12,1044.522317
18.0,18,1046.335631
40.0,40,1050.634999
16.0,16,1052.226417
17.0,17,1053.932837
13.0,13,1055.421994
16.0,16,1057.233168
51.0,51,1062.126324
18.0,18,1064.094892
17.0,17,1066.013257
42.0,42,1070.515035
37.0,37,1074.394812
16.0,16,1076.091548
68.0,68,1083.391223
13.0,13,1084.888279
53.0,53,1090.46697
17.0,17,1092.245867
23.0,23,1094.433841
15.0,15,1096.096174
16.0,16,1097.921712
12.0,12,1098.94441
30.0,30,1102.169172
32.0,32,1105.645449
10.0,10,1106.751251
17.0,17,1108.451669
39.0,39,1112.763765
20.0,20,1114.777394
11.0,11,1115.996957
18.0,18,1118.03697
15.0,15,1119.559806
24.0,24,1121.682643
11.0,11,1122.938841
21.0,21,1125.126501
16.0,16,1126.830535
17.0,17,1128.541192
14.0,14,1129.864836
23.0,23,1132.313432
20.0,20,1133.978112
18.0,18,1135.751939
17.0,17,1137.515131
14.0,14,1139.108917
19.0,19,1141.235573
13.0,13,1142.636331
15.0,15,1144.172431
19.0,19,1145.931666
17.0,17,1147.463233
50.0,50,1152.933241
13.0,13,1154.423569
60.0,60,1160.350086
10.0,10,1161.296027
55.0,55,1167.279948
22.0,22,1169.818166
16.0,16,1171.640617
14.0,14,1173.158722
13.0,13,1174.643326
24.0,24,1177.118077
13.0,13,1178.483891
30.0,30,1181.801978
27.0,27,1184.597315
14.0,14,1185.952205
33.0,33,1189.467256
11.0,11,1190.673914
17.0,17,1192.584608
44.0,44,1197.101996
16.0,16,1198.643375
46.0,46,1203.540216
14.0,14,1204.977291
12.0,12,1206.232506
23.0,23,1208.788544
36.0,36,1212.795608
35.0,35,1216.800362
13.0,13,1218.299172
14.0,14,1219.699966
18.0,18,1221.793173
31.0,31,1224.581665
13.0,13,1225.959059
11.0,11,1227.117795
17.0,17,1228.765647
11.0,11,1229.719652
50.0,50,1234.250675
18.0,18,1235.786927
19.0,19,1237.304531
15.0,15,1238.504304
17.0,17,1240.189691
19.0,19,1242.173349
15.0,15,1243.71157
27.0,27,1246.447596
14.0,14,1247.911326
29.0,29,1251.145323
16.0,16,1252.578614
12.0,12,1253.619292
40.0,40,1257.298986
32.0,32,1260.384112
25.0,25,1262.719508
12.0,12,1263.796798
23.0,23,1266.025623
18.0,18,1267.506908
12.0,12,1268.609523
43.0,43,1272.717945
63.0,63,1278.992234
18.0,18,1280.752423
40.0,40,1284.807279
73.0,73,1292.164733
21.0,21,1294.420442
10.0,10,1295.335365
17.0,17,1296.980687
12.0,12,1298.275563
29.0,29,1300.874744
18.0,18,1302.746304
19.0,19,1304.475707
17.0,17,1306.288722
15.0,15,1307.739063
24.0,24,1309.947785
19.0,19,1311.978953
25.0,25,1313.830063
11.0,11,1314.990911
21.0,21,1317.379431
22.0,22,1319.510049
51.0,51,1324.145641
50.0,50,1328.436418
20.0,20,1330.551291
31.0,31,1333.620337
45.0,45,1338.080452
11.0,11,1339.252251
21.0,21,1341.507239
14.0,14,1343.05793
44.0,44,1347.320123
33.0,33,1350.537427
28.0,28,1353.289216
11.0,11,1354.111205
32.0,32,1357.169573
32.0,32,1359.771388
22.0,22,1361.985148
15.0,15,1363.472458
25.0,25,1365.653044
30.0,30,1367.747588
17.0,17,1369.423326
20.0,20,1371.48544
60.0,60,1376.864572
10.0,10,1377.487478
9.0,9,1378.238547
18.0,18,1379.767541
20.0,20,1381.479554
21.0,21,1382.609859
12.0,12,1383.692526
10.0,10,1384.443968
15.0,15,1385.64453
17.0,17,1387.149991
39.0,39,1390.230546
118.0,118,1400.360195
11.0,11,1401.3655
27.0,27,1403.456248
51.0,51,1407.957532
34.0,34,1410.421324
13.0,13,1411.363614
28.0,28,1413.39887
15.0,15,1414.476189
22.0,22,1415.675969
100.0,100,1423.505419
39.0,39,1425.990897
23.0,23,1427.591172
11.0,11,1428.53511
18.0,18,1429.890919
24.0,24,1431.58022
13.0,13,1432.624859
9.0,9,1433.404986
14.0,14,1434.256794
14.0,14,1435.092913
13.0,13,1435.986808
14.0,14,1436.795652
10.0,10,1437.30177
14.0,14,1438.158273
17.0,17,1439.547609
16.0,16,1440.497933
22.0,22,1441.663115
38.0,38,1444.671595
17.0,17,1446.290261
32.0,32,1448.695585
15.0,15,1449.958146
15.0,15,1451.223665
13.0,13,1452.07337
15.0,15,1453.15667
20.0,20,1454.665356
12.0,12,1455.43202
14.0,14,1456.490913
14.0,14,1457.399172
13.0,13,1458.423417
19.0,19,1459.683325
23.0,23,1461.177889
19.0,19,1462.596123
23.0,23,1464.239069
13.0,13,1465.330497
10.0,10,1466.077418
29.0,29,1468.102453
37.0,37,1471.639789
16.0,16,1472.886106
21.0,21,1474.97539
16.0,16,1476.733219
20.0,20,1478.506569
28.0,28,1480.934658
17.0,17,1482.340271
22.0,22,1484.161144
25.0,25,1486.558292
13.0,13,1487.705259
32.0,32,1490.919907
51.0,51,1496.445352
86.0,86,1505.429338
11.0,11,1506.617023
68.0,68,1513.567438
19.0,19,1515.67807
17.0,17,1517.619102
17.0,17,1519.495695
36.0,36,1523.393625
18.0,18,1525.408499
18.0,18,1527.550476
20.0,20,1529.636643
85.0,85,1538.177363
121.0,121,1549.955386
20.0,20,1551.811939
28.0,28,1554.341702
116.0,116,1566.181832
45.0,45,1570.797498
13.0,13,1571.983147
26.0,26,1574.782592
27.0,27,1577.315432
102.0,102,1587.942469
34.0,34,1591.427322
45.0,45,1596.311939
78.0,78,1604.416951
26.0,26,1607.139165
32.0,32,1610.711078
131.0,131,1623.522748
98.0,98,1634.367517
33.0,33,1638.344087
73.0,73,1645.986367
53.0,53,1651.795615
102.0,102,1663.162891
39.0,39,1667.173902
120.0,120,1679.122005
35.0,35,1682.29258
16.0,16,1684.048587
77.0,77,1692.684741
70.0,70,1699.92739
15.0,15,1701.190679
75.0,75,1708.806142
16.0,16,1710.535285
176.0,176,1728.78842
61.0,61,1735.07089
84.0,84,1743.843675
65.0,65,1750.849166
17.0,17,1752.976348
129.0,129,1766.401356
56.0,56,1772.489379
28.0,28,1775.823965
15.0,15,1777.619357
33.0,33,1781.09658
156.0,156,1797.285716
122.0,122,1809.267355
105.0,105,1819.456664
42.0,42,1824.245561
178.0,178,1843.918031
153.0,153,1860.458333
24.0,24,1863.054986
73.0,73,1870.891451
58.0,58,1877.254035
31.0,31,1880.276626
62.0,62,1887.354925
39.0,39,1891.625124
105.0,105,1902.618126
142.0,142,1917.802058
17.0,17,1919.772536
169.0,169,1936.565241
100.0,100,1946.79795
30.0,30,1949.93655
15.0,15,1951.531995
68.0,68,1958.542817
16.0,16,1960.203632
72.0,72,1967.927379
36.0,36,1971.573103
57.0,57,1977.234406
73.0,73,1985.065066
26.0,26,1987.906265
105.0,105,1999.232028
152.0,152,2015.419111
37.0,37,2019.470805
26.0,26,2022.379451
197.0,197,2041.82448
17.0,17,2043.689308
74.0,74,2051.966405
24.0,24,2054.493696
15.0,15,2056.130824
17.0,17,2057.658269
20.0,20,2059.408427
25.0,25,2062.052507
13.0,13,2063.603435
50.0,50,2069.356006
14.0,14,2070.907192
13.0,13,2072.420765
19.0,19,2074.625755
10.0,10,2075.746187
80.0,80,2084.636582
15.0,15,2086.187272
20.0,20,2088.463967
15.0,15,2089.953113
69.0,69,2097.635244
11.0,11,2098.732354
22.0,22,2101.175098
63.0,63,2107.619753
19.0,19,2109.628726
21.0,21,2112.061354
16.0,16,2113.806125
22.0,22,2116.225307
16.0,16,2117.682734
34.0,34,2121.022836
25.0,25,2123.744018
36.0,36,2127.671843
12.0,12,2128.823463
31.0,31,2132.202331
38.0,38,2136.093325
20.0,20,2138.08212
18.0,18,2139.926193
10.0,10,2140.99807
17.0,17,2142.497358
53.0,53,2148.427812
10.0,10,2149.442591
10.0,10,2150.563012
24.0,24,2153.443198
13.0,13,2154.811584
18.0,18,2156.549821
17.0,17,2157.959027
71.0,71,2165.444466
125.0,125,2177.894877
34.0,34,2181.881089
11.0,11,2183.079233
102.0,102,2193.828399
14.0,14,2195.327727
26.0,26,2198.266871
14.0,14,2199.715696
13.0,13,2200.88381
21.0,21,2203.019609
10.0,10,2204.047756
14.0,14,2205.721112
48.0,48,2210.335831
14.0,14,2211.635636
13.0,13,2212.886629
13.0,13,2214.176733
43.0,43,2219.057368
10.0,10,2220.12372
25.0,25,2222.690085
12.0,12,2223.814022
48.0,48,2228.854262
54.0,54,2234.92636
39.0,39,2239.004298
19.0,19,2240.944337
41.0,41,2245.374684
72.0,72,2253.079281
13.0,13,2254.571967
11.0,11,2255.764846
33.0,33,2258.719173
11.0,11,2259.856124
17.0,17,2261.351934
24.0,24,2263.976149
110.0,110,2275.361854
99.0,99,2285.565165
20.0,20,2287.49881
51.0,51,2292.940625
104.0,104,2304.019778
17.0,17,2305.745478
59.0,59,2311.89701
92.0,92,2321.446749
107.0,107,2332.853251
17.0,17,2334.746063
76.0,76,2342.765158
111.0,111,2353.76081
36.0,36,2357.706172
26.0,26,2360.37477
36.0,36,2363.812221
67.0,67,2370.28775
108.0,108,2381.581109
15.0,15,2383.154018
68.0,68,2390.006453
46.0,46,2394.22336
21.0,21,2396.47389
25.0,25,2399.288085
31.0,31,2402.855029
19.0,19,2404.930127
15.0,15,2406.803377
23.0,23,2409.428977
11.0,11,2410.658949
30.0,30,2414.017912
14.0,14,2415.855912
12.0,12,2417.185795
19.0,19,2419.045878
13.0,13,2420.222205
35.0,35,2423.648187
13.0,13,2424.90134
16.0,16,2426.009385
14.0,14,2427.531087
71.0,71,2435.430591
16.0,16,2437.271907
16.0,16,2438.950864
21.0,21,2441.001315
17.0,17,2442.978972
13.0,13,2444.386384
14.0,14,2445.891169
14.0,14,2447.285741
11.0,11,2448.494794
54.0,54,2453.204761
14.0,14,2454.688158
26.0,26,2457.351182
71.0,71,2465.206152
16.0,16,2466.721941
13.0,13,2467.972574
19.0,19,2470.041295
18.0,18,2472.018687
109.0,109,2483.495762
115.0,115,2495.452629
27.0,27,2498.250664
29.0,29,2500.849554
155.0,155,2516.081104
115.0,115,2527.974633
156.0,156,2544.020115
148.0,148,2559.473553
129.0,129,2572.557778
34.0,34,2575.867491
18.0,18,2577.894897
27.0,27,2580.688181
16.0,16,2582.382176
15.0,15,2583.715598
22.0,22,2585.883828
60.0,60,2592.555031
12.0,12,2593.887713
14.0,14,2595.42456
45.0,45,2600.417258
32.0,32,2604.131472
13.0,13,2605.718485
18.0,18,2607.662781
37.0,37,2611.472673
84.0,84,2620.192852
22.0,22,2622.45408
28.0,28,2625.140517
173.0,173,2643.326601
149.0,149,2657.09944
143.0,143,2672.135604
168.0,168,2690.339546
105.0,105,2700.804617
85.0,85,2710.002105
155.0,155,2725.572487
165.0,165,2743.945334
149.0,149,2758.854904
87.0,87,2767.832749
108.0,108,2779.578681
32.0,32,2782.728312
25.0,25,2785.244091
40.0,40,2789.232991
27.0,27,2792.115756
15.0,15,2793.841802
15.0,15,2795.545405
12.0,12,2796.908926
15.0,15,2798.459947
11.0,11,2799.475913
11.0,11,2800.380789
27.0,27,2803.114823
24.0,24,2805.463681
22.0,22,2807.730275
25.0,25,2810.451318
12.0,12,2811.876324
26.0,26,2814.420925
17.0,17,2816.28479
20.0,20,2818.357871
27.0,27,2820.91726
21.0,21,2822.883145
19.0,19,2824.482829
25.0,25,2826.998929
20.0,20,2828.701865
23.0,23,2830.968985
13.0,13,2832.389522
16.0,16,2833.93886
19.0,19,2836.072773
18.0,18,2837.647049
11.0,11,2838.82598
10.0,10,2839.828704
20.0,20,2842.067597
16.0,16,2843.702878
31.0,31,2846.367431
10.0,10,2847.247345
32.0,32,2851.065883
20.0,20,2853.30565
13.0,13,2854.697811
13.0,13,2856.136053
16.0,16,2857.927523
12.0,12,2859.203593
14.0,14,2860.679977
11.0,11,2861.903076
21.0,21,2864.056008
17.0,17,2865.971276
25.0,25,2868.85884
14.0,14,2870.365044
18.0,18,2872.12709
16.0,16,2873.796516
13.0,13,2875.145897
15.0,15,2876.861908
17.0,17,2878.366586
17.0,17,2880.230597
15.0,15,2881.912663
30.0,30,2885.179152
10.0,10,2886.269199
11.0,11,2887.431143
36.0,36,2890.992541
13.0,13,2892.659435
13.0,13,2893.920275
33.0,33,2897.274357
20.0,20,2899.164847
10.0,10,2900.261418
15.0,15,2901.926201
14.0,14,2903.434595
34.0,34,2907.060237
11.0,11,2908.301273
15.0,15,2909.811065
15.0,15,2911.464716
16.0,16,2913.22136
10.0,10,2914.125083
12.0,12,2915.297034
27.0,27,2918.073294
55.0,55,2923.654526
51.0,51,2928.807855
13.0,13,2930.246012
53.0,53,2935.717677
20.0,20,2937.658181
16.0,16,2939.340783
19.0,19,2941.401482
13.0,13,2942.789624
14.0,14,2944.056585
20.0,20,2946.24211
25.0,25,2948.959449
10.0,10,2949.717014
25.0,25,2952.217833
17.0,17,2953.951277
19.0,19,2956.073701
23.0,23,2958.697782
14.0,14,2959.713087
18.0,18,2961.36111
33.0,33,2964.923488
26.0,26,2967.671082
25.0,25,2970.153255
13.0,13,2971.398978
21.0,21,2973.701447
33.0,33,2976.930621
32.0,32,2980.108518
13.0,13,2981.448603
35.0,35,2985.341568
12.0,12,2986.620775
38.0,38,2990.497678
12.0,12,2991.375619
36.0,36,2995.242439
27.0,27,2998.23101
19.0,19,3000.265007
65.0,65,3006.704494
35.0,35,3010.347198
12.0,12,3011.668987
25.0,25,3013.753507
28.0,28,3016.428896
21.0,21,3018.69866
14.0,14,3020.023746
91.0,91,3029.64717
13.0,13,3031.117067
36.0,36,3034.738153
14.0,14,3036.347758
15.0,15,3037.753963
14.0,14,3039.174461
15.0,15,3040.850583
14.0,14,3042.236214
16.0,16,3043.57113
27.0,27,3046.475856
50.0,50,3051.454172
12.0,12,3052.585629
14.0,14,3054.090455
10.0,10,3055.257223
88.0,88,3064.113919
88.0,88,3073.024498
17.0,17,3074.784537
14.0,14,3076.147636
11.0,11,3077.244427
35.0,35,3081.137264
26.0,26,3084.038405
46.0,46,3088.511827
11.0,11,3089.530478
11.0,11,3090.768574
22.0,22,3092.806357
90.0,90,3102.013353
104.0,104,3113.150239
91.0,91,3122.709834
13.0,13,3123.86723
49.0,49,3128.669603
70.0,70,3135.897232
14.0,14,3137.199867
99.0,99,3147.111545
13.0,13,3148.350636
111.0,111,3160.138758
109.0,109,3171.222012
107.0,107,3182.385357
13.0,13,3183.639184
27.0,27,3186.385172
109.0,109,3197.723701
111.0,111,3208.548496
109.0,109,3219.773569
15.0,15,3221.336801
27.0,27,3224.108196
16.0,16,3225.785294
106.0,106,3236.728375
15.0,15,3238.221552
65.0,65,3244.512607
128.0,128,3257.475919
73.0,73,3264.453374
127.0,127,3278.315652
44.0,44,3282.887195
132.0,132,3296.425323
10.0,10,3297.528578
153.0,153,3312.879074
152.0,152,3329.133834
154.0,154,3345.138033
45.0,45,3349.850563
184.0,184,3368.604521
144.0,144,3384.121737
17.0,17,3385.617807
200.0,200,3406.670547
14.0,14,3408.291116
152.0,152,3424.331915
13.0,13,3425.557704
200.0,200,3447.785856
200.0,200,3468.757404
200.0,200,3489.080129
200.0,200,3510.018521
21.0,21,3512.308458
188.0,188,3532.422939
200.0,200,3553.292042
200.0,200,3572.899217
200.0,200,3592.879308
183.0,183,3611.509766
200.0,200,3632.430352
200.0,200,3653.377325
174.0,174,3671.246765
200.0,200,3690.490981
106.0,106,3700.546657
59.0,59,3706.829118
134.0,134,3720.490247
128.0,128,3733.41773
88.0,88,3742.970599
19.0,19,3744.835342
134.0,134,3758.751833
85.0,85,3768.072788
116.0,116,3779.942943
149.0,149,3794.639178
115.0,115,3807.079044
200.0,200,3825.999516
200.0,200,3846.007406
175.0,175,3864.183751
115.0,115,3876.589531
200.0,200,3896.563264
149.0,149,3911.153881
114.0,114,3922.514961
102.0,102,3933.052227
107.0,107,3944.13865
11.0,11,3945.317869
112.0,112,3956.77506
93.0,93,3967.038873
64.0,64,3974.046899
129.0,129,3987.374041
177.0,177,4005.723788
77.0,77,4013.440023
119.0,119,4026.346952
135.0,135,4040.682088
200.0,200,4061.380161
82.0,82,4070.212775
200.0,200,4090.070775
199.0,199,4110.839988
89.0,89,4120.698895
75.0,75,4128.767105
163.0,163,4144.254607
187.0,187,4162.875499
200.0,200,4183.784971
110.0,110,4195.372102
200.0,200,4215.845393
200.0,200,4236.336331
92.0,92,4246.31329
145.0,145,4261.225605
116.0,116,4272.961888
95.0,95,4282.557464
80.0,80,4290.879086
39.0,39,4294.699292
184.0,184,4314.711434
173.0,173,4331.714167
182.0,182,4350.548587
99.0,99,4360.682948
152.0,152,4376.228943
149.0,149,4390.85514
30.0,30,4394.205045
169.0,169,4411.474477
103.0,103,4421.954473
42.0,42,4425.646615
166.0,166,4442.901482
169.0,169,4459.765223
55.0,55,4465.414946
49.0,49,4470.563244
53.0,53,4475.945266
97.0,97,4485.733721
87.0,87,4494.245367
63.0,63,4500.933339
58.0,58,4507.125973
52.0,52,4512.401696
74.0,74,4520.013484
44.0,44,4524.460756
44.0,44,4528.98332
87.0,87,4538.079539
98.0,98,4547.732054
98.0,98,4558.189068
98.0,98,4568.710064
102.0,102,4579.286312
96.0,96,4588.818641
102.0,102,4600.067008
96.0,96,4610.399175
97.0,97,4620.650117
91.0,91,4629.415363
66.0,66,4636.087322
178.0,178,4654.705064
107.0,107,4666.545883
107.0,107,4677.747031
107.0,107,4689.712938
103.0,103,4699.408314
104.0,104,4710.277366
101.0,101,4719.412445
97.0,97,4729.139765
101.0,101,4739.782364
122.0,122,4751.396167
108.0,108,4762.252375
99.0,99,4772.848238
106.0,106,4783.71723
100.0,100,4793.961492
69.0,69,4800.467992
46.0,46,4805.17099
46.0,46,4809.581166
49.0,49,4814.087713
25.0,25,4816.560874
53.0,53,4822.188902
48.0,48,4826.934287
64.0,64,4832.853704
105.0,105,4843.00772
115.0,115,4854.920607
114.0,114,4866.495068
134.0,134,4880.099461
131.0,131,4893.92071
110.0,110,4905.699291
15.0,15,4907.340128
66.0,66,4914.591549
60.0,60,4920.681055
108.0,108,4931.640835
91.0,91,4940.861897
150.0,150,4955.717967
115.0,115,4966.578107
93.0,93,4976.406285
126.0,126,4989.427428
164.0,164,5005.947333
162.0,162,5023.625419
165.0,165,5040.954851
183.0,183,5060.533347
141.0,141,5075.469106
148.0,148,5091.309371
159.0,159,5107.279335
169.0,169,5123.705688
168.0,168,5141.151996
139.0,139,5155.678295
134.0,134,5169.460389
166.0,166,5186.872473
145.0,145,5201.869018
93.0,93,5211.264742
89.0,89,5220.218211
84.0,84,5229.423271
90.0,90,5238.606941
84.0,84,5247.051601
200.0,200,5267.112721
200.0,200,5287.367788
141.0,141,5302.254012
104.0,104,5313.203878
116.0,116,5325.243562
113.0,113,5337.331258
115.0,115,5349.495902
114.0,114,5361.539704
200.0,200,5382.997317
162.0,162,5399.37883
194.0,194,5419.173729
121.0,121,5431.80151
136.0,136,5446.140119
49.0,49,5451.220748
157.0,157,5467.189451
200.0,200,5485.558892
200.0,200,5506.124955
146.0,146,5521.54705
78.0,78,5528.909805
142.0,142,5543.249591
153.0,153,5556.508352
131.0,131,5567.526907
114.0,114,5578.507485
200.0,200,5598.836516
187.0,187,5618.020336
158.0,158,5634.103994
189.0,189,5652.972047
136.0,136,5667.606261
137.0,137,5681.074033
126.0,126,5694.124271
113.0,113,5705.990445
177.0,177,5724.134461
161.0,161,5740.359609
138.0,138,5755.100755
152.0,152,5771.130222
142.0,142,5786.530581
200.0,200,5805.731882
149.0,149,5820.258433
136.0,136,5834.542657
170.0,170,5852.823597
166.0,166,5869.813221
200.0,200,5890.743089
178.0,178,5909.471201
113.0,113,5919.861035
96.0,96,5929.770594
113.0,113,5941.691717
89.0,89,5951.135506
90.0,90,5960.757936
140.0,140,5974.557161
37.0,37,5978.587345
121.0,121,5990.678362
104.0,104,6000.829819
125.0,125,6013.460278
200.0,200,6033.661207
200.0,200,6054.507297
200.0,200,6073.90504
200.0,200,6094.271131
200.0,200,6114.223976
88.0,88,6122.657501
50.0,50,6128.230382
42.0,42,6132.327944
31.0,31,6135.585601
64.0,64,6142.931354
17.0,17,6144.820834
36.0,36,6148.805892
17.0,17,6150.404493
25.0,25,6152.83465
16.0,16,6154.480909
34.0,34,6157.817774
110.0,110,6169.714802
17.0,17,6171.607275
200.0,200,6192.344108
200.0,200,6212.946578
189.0,189,6231.849386
16.0,16,6233.501689
121.0,121,6245.677424
44.0,44,6250.486153
154.0,154,6266.585409
200.0,200,6286.742123
200.0,200,6306.168558
200.0,200,6326.952106
200.0,200,6346.819606
179.0,179,6365.519107
200.0,200,6385.771418
200.0,200,6406.104378
200.0,200,6425.501098
195.0,195,6445.45417
141.0,141,6460.502231
200.0,200,6480.274792
142.0,142,6494.405273
130.0,130,6508.056061
172.0,172,6525.289717
37.0,37,6529.006725
179.0,179,6547.042515
134.0,134,6560.543343
149.0,149,6576.377852
200.0,200,6596.449405
186.0,186,6615.230407
36.0,36,6618.686872
154.0,154,6635.099377
131.0,131,6648.171971
200.0,200,6668.988062
23.0,23,6671.244399
200.0,200,6689.757281
200.0,200,6710.745061
200.0,200,6731.549956
200.0,200,6752.355705
200.0,200,6773.45508
147.0,147,6787.234814
49.0,49,6792.580893
146.0,146,6807.555459
109.0,109,6817.959152
69.0,69,6824.614361
200.0,200,6844.898578
200.0,200,6865.876546
156.0,156,6881.223268
32.0,32,6884.13673
35.0,35,6887.375406
58.0,58,6893.034358
22.0,22,6895.359532
132.0,132,6908.815667
121.0,121,6921.417418
200.0,200,6941.976753
127.0,127,6955.642849
132.0,132,6969.450204
130.0,130,6982.633582
138.0,138,6996.036981
168.0,168,7013.559064
183.0,183,7031.566442
151.0,151,7047.394797
153.0,153,7063.46659
97.0,97,7074.145009
149.0,149,7089.146037
121.0,121,7102.193876
140.0,140,7116.990412
121.0,121,7129.464653
131.0,131,7142.336009
147.0,147,7156.797141
131.0,131,7170.455618
157.0,157,7186.398934
22.0,22,7188.623245
36.0,36,7191.632719
64.0,64,7198.037153
30.0,30,7201.091135
40.0,40,7205.650313
30.0,30,7208.818419
26.0,26,7211.801968
40.0,40,7216.324338
110.0,110,7228.146664
33.0,33,7231.763904
69.0,69,7238.984765
88.0,88,7247.91379
87.0,87,7256.692866
98.0,98,7266.226864
87.0,87,7274.773212
44.0,44,7279.432222
27.0,27,7282.095429
87.0,87,7291.164007
28.0,28,7293.458308
87.0,87,7301.957645
122.0,122,7314.28872
38.0,38,7318.285219
89.0,89,7326.342837
119.0,119,7339.302624
87.0,87,7348.133988
87.0,87,7356.682251
87.0,87,7365.644396
80.0,80,7374.333812
87.0,87,7383.834781
22.0,22,7386.151235
89.0,89,7395.014404
86.0,86,7403.546486
17.0,17,7405.005309
15.0,15,7406.414312
87.0,87,7415.232247
87.0,87,7423.796042
92.0,92,7432.283683
95.0,95,7441.926142
97.0,97,7451.662372
97.0,97,7461.13619
98.0,98,7470.611615
97.0,97,7480.816257
100.0,100,7490.8655
99.0,99,7501.046213
20.0,20,7503.295511
34.0,34,7506.853971
26.0,26,7509.728933
24.0,24,7512.06849
39.0,39,7516.405511
13.0,13,7517.831701
12.0,12,7518.936203
34.0,34,7522.44968
87.0,87,7531.459017
18.0,18,7533.105498
40.0,40,7537.283426
112.0,112,7549.03091
131.0,131,7561.841646
128.0,128,7574.568373
142.0,142,7588.64095
106.0,106,7599.702493
53.0,53,7604.765868
113.0,113,7616.920699
105.0,105,7628.01414
123.0,123,7640.797708
36.0,36,7644.528663
25.0,25,7647.201286
30.0,30,7649.924752
55.0,55,7655.28032
12.0,12,7656.50428
19.0,19,7658.64145
18.0,18,7660.523064
26.0,26,7662.863881
16.0,16,7664.205827
44.0,44,7668.775073
25.0,25,7671.798421
14.0,14,7673.05733
35.0,35,7676.710088
33.0,33,7679.984035
31.0,31,7682.811635
70.0,70,7689.695461
51.0,51,7694.73663
16.0,16,7696.417242
94.0,94,7705.328922
15.0,15,7706.854085
99.0,99,7717.204285
12.0,12,7718.466541
17.0,17,7720.311315
91.0,91,7729.391627
10.0,10,7730.355789
14.0,14,7731.833869
15.0,15,7733.49162
15.0,15,7735.180854
9.0,9,7735.879126
16.0,16,7737.6061
17.0,17,7739.22879
108.0,108,7750.60138
114.0,114,7762.083613
121.0,121,7774.589199
179.0,179,7792.909002
200.0,200,7814.082145
167.0,167,7831.520421
169.0,169,7848.702236
200.0,200,7869.462633
200.0,200,7889.921715
200.0,200,7911.810359
20.0,20,7913.887352
103.0,103,7924.157093
144.0,144,7938.71895
27.0,27,7941.130664
35.0,35,7944.846424
200.0,200,7966.399785
200.0,200,7986.860236
200.0,200,8007.170419
136.0,136,8021.488892
138.0,138,8034.793607
78.0,78,8042.576329
156.0,156,8057.954911
150.0,150,8073.826419
129.0,129,8087.076351
147.0,147,8102.490995
108.0,108,8113.40532
46.0,46,8118.383189
118.0,118,8131.043844
60.0,60,8137.226244
99.0,99,8147.745352
97.0,97,8157.524977
169.0,169,8175.166946
185.0,185,8194.130524
200.0,200,8214.254974
16.0,16,8216.098772
17.0,17,8218.112267
100.0,100,8228.233248
17.0,17,8229.80474
14.0,14,8231.066563
53.0,53,8236.438255
18.0,18,8238.401731
40.0,40,8242.504721
33.0,33,8245.658409
23.0,23,8247.970134
28.0,28,8250.78353
21.0,21,8252.752262
28.0,28,8255.634653
24.0,24,8258.198875
187.0,187,8277.564857
15.0,15,8279.159112
45.0,45,8283.336394
200.0,200,8304.30215
33.0,33,8307.739743
13.0,13,8308.971752
93.0,93,8319.100633
92.0,92,8328.195514
98.0,98,8337.905601
106.0,106,8349.261932
96.0,96,8359.345745
111.0,111,8371.071855
125.0,125,8384.400131
117.0,117,8396.367049
118.0,118,8408.276221
145.0,145,8423.072707
200.0,200,8444.78649
200.0,200,8466.042843
200.0,200,8486.265641
200.0,200,8506.970496
200.0,200,8526.653853
200.0,200,8546.663913
200.0,200,8566.784676
183.0,183,8585.926386
151.0,151,8602.059785
200.0,200,8621.020859
112.0,112,8631.585083
131.0,131,8645.308491
121.0,121,8657.889256
119.0,119,8669.442765
119.0,119,8680.20366
138.0,138,8694.314101
148.0,148,8710.0634
132.0,132,8722.916244
142.0,142,8737.253226
144.0,144,8751.292988
133.0,133,8764.564751
112.0,112,8775.475862
137.0,137,8789.832364
144.0,144,8804.866589
145.0,145,8820.073606
140.0,140,8833.91512
128.0,128,8846.958307
134.0,134,8861.66501
116.0,116,8873.134465
139.0,139,8888.11371
138.0,138,8902.083619
129.0,129,8914.294605
149.0,149,8929.630864
135.0,135,8943.237385
131.0,131,8956.085117
129.0,129,8968.549546
177.0,177,8986.604306
200.0,200,9006.291812
200.0,200,9027.274069
162.0,162,9043.732349
133.0,133,9057.383962
111.0,111,9068.302644
185.0,185,9087.038637
200.0,200,9108.474021
200.0,200,9127.855826
200.0,200,9149.226748
200.0,200,9170.37268
126.0,126,9183.267609
200.0,200,9203.627987
200.0,200,9223.895307
105.0,105,9234.55181
44.0,44,9239.298565
68.0,68,9245.745212
32.0,32,9248.940222
117.0,117,9260.712861
45.0,45,9265.112025
81.0,81,9273.023838
119.0,119,9284.315476
127.0,127,9297.465691
126.0,126,9309.859929
150.0,150,9324.266602
154.0,154,9339.9582
140.0,140,9354.948641
113.0,113,9365.776818
124.0,124,9378.649311
87.0,87,9387.747224
19.0,19,9389.677387
14.0,14,9391.267903
20.0,20,9393.256714
18.0,18,9394.79817
13.0,13,9396.251534
14.0,14,9397.910099
17.0,17,9399.787972
13.0,13,9401.12463
15.0,15,9402.475292
16.0,16,9404.116458
18.0,18,9405.9708
17.0,17,9407.794332
16.0,16,9409.394245
21.0,21,9411.666573
11.0,11,9412.857015
13.0,13,9414.46675
15.0,15,9416.044123
18.0,18,9418.031742
25.0,25,9420.843273
15.0,15,9422.506037
18.0,18,9424.284212
15.0,15,9425.710657
13.0,13,9427.004884
12.0,12,9428.350535
200.0,200,9448.064368
159.0,159,9464.045868
200.0,200,9484.460271
96.0,96,9494.231035
97.0,97,9504.48907
100.0,100,9513.701647
98.0,98,9524.285932
92.0,92,9534.133241
106.0,106,9544.746602
92.0,92,9553.87881
91.0,91,9563.479575
98.0,98,9573.176039
92.0,92,9582.576443
93.0,93,9592.714428
99.0,99,9603.00352
101.0,101,9613.491502
131.0,131,9627.306388
121.0,121,9639.371611
155.0,155,9654.603657
132.0,132,9667.842866
165.0,165,9684.308666
127.0,127,9697.012573
123.0,123,9709.643476
120.0,120,9722.072813
118.0,118,9733.373673
170.0,170,9750.277901
170.0,170,9766.698946
200.0,200,9786.702231
137.0,137,9801.184285
126.0,126,9813.504016
141.0,141,9827.417909
119.0,119,9839.364872
136.0,136,9852.89726
200.0,200,9873.667922
200.0,200,9893.227257
200.0,200,9911.642312
122.0,122,9924.56992
111.0,111,9935.917735
200.0,200,9955.367197
200.0,200,9975.618994
200.0,200,9996.385663
200.0,200,10017.159094
137.0,137,10031.070218
200.0,200,10052.423131
200.0,200,10072.632138
37.0,37,10076.645843
200.0,200,10097.993905
200.0,200,10118.505167
200.0,200,10139.188382
137.0,137,10154.26955
200.0,200,10174.778042
200.0,200,10195.640471
124.0,124,10207.779047
200.0,200,10228.305428
200.0,200,10249.038906
200.0,200,10269.949443
200.0,200,10291.056765
200.0,200,10311.117999
200.0,200,10331.270696
200.0,200,10352.169213
160.0,160,10369.310924
200.0,200,10390.298145
200.0,200,10410.142636
200.0,200,10430.902838
200.0,200,10452.145207
80.0,80,10460.589991
55.0,55,10466.149467
26.0,26,10468.613825
26.0,26,10471.328353
23.0,23,10473.479884
22.0,22,10475.785896
25.0,25,10478.072551
33.0,33,10481.326042
23.0,23,10483.375151
21.0,21,10485.648289
17.0,17,10487.520873
27.0,27,10490.090342
23.0,23,10492.642307
35.0,35,10496.184329
29.0,29,10498.882135
50.0,50,10503.509521
110.0,110,10515.236336
200.0,200,10535.758153
103.0,103,10545.86979
117.0,117,10557.734143
96.0,96,10567.85551
96.0,96,10578.12507
90.0,90,10587.84501
96.0,96,10597.608001
110.0,110,10608.836282
105.0,105,10619.153672
200.0,200,10639.780994
200.0,200,10659.971711
116.0,116,10671.864219
200.0,200,10692.158441
116.0,116,10704.014853
107.0,107,10714.35839
200.0,200,10734.840204
184.0,184,10753.536181
111.0,111,10764.456698
127.0,127,10777.836797
200.0,200,10797.515092
90.0,90,10807.085658
200.0,200,10826.848017
200.0,200,10847.647172
200.0,200,10867.485547
123.0,123,10880.69748
153.0,153,10896.082451
114.0,114,10907.871092
131.0,131,10920.331553
96.0,96,10930.708508
95.0,95,10940.431625
82.0,82,10948.922356
108.0,108,10960.264472
200.0,200,10979.363601
200.0,200,11000.545497
200.0,200,11021.223481
200.0,200,11042.561827
200.0,200,11063.228572
200.0,200,11084.20215
200.0,200,11104.377887
200.0,200,11125.470714
137.0,137,11139.59289
131.0,131,11153.373297
145.0,145,11168.471668
200.0,200,11189.583755
200.0,200,11209.920204
200.0,200,11230.594383
200.0,200,11251.904886
200.0,200,11273.480058
187.0,187,11292.718115
128.0,128,11307.050108
154.0,154,11323.683864
200.0,200,11345.410028
200.0,200,11366.693282
200.0,200,11387.797275
200.0,200,11407.470818
154.0,154,11424.178361
200.0,200,11444.828193
200.0,200,11465.286
200.0,200,11485.803088
60.0,60,11492.434292
50.0,50,11498.116781
102.0,102,11509.160436
46.0,46,11513.299703
39.0,39,11517.275484
39.0,39,11521.329404
81.0,81,11529.737249
82.0,82,11538.133705
80.0,80,11546.222874
82.0,82,11554.476518
137.0,137,11568.761846
90.0,90,11579.33232
82.0,82,11588.402501
101.0,101,11598.399944
103.0,103,11609.520786
91.0,91,11619.392178
92.0,92,11629.299366
92.0,92,11639.541198
119.0,119,11652.42877
101.0,101,11662.504223
158.0,158,11679.57217
97.0,97,11689.708839
200.0,200,11709.170128
200.0,200,11730.241156
200.0,200,11749.989157
107.0,107,11761.215975
109.0,109,11772.105518
101.0,101,11782.405148
120.0,120,11794.819536
200.0,200,11816.174095
200.0,200,11836.594577
113.0,113,11848.651811
23.0,23,11851.112921
15.0,15,11852.400702
19.0,19,11854.303265
21.0,21,11856.081622
17.0,17,11858.028025
16.0,16,11859.856526
15.0,15,11861.309644
22.0,22,11863.562735
17.0,17,11865.611803
16.0,16,11867.605657
16.0,16,11869.191539
20.0,20,11870.833107
19.0,19,11872.895794
13.0,13,11874.274143
12.0,12,11875.590816
15.0,15,11877.238359
19.0,19,11879.060152
16.0,16,11880.922784
16.0,16,11882.506963
17.0,17,11883.80715
20.0,20,11886.163091
16.0,16,11888.066283
18.0,18,11890.196957
17.0,17,11892.100841
17.0,17,11893.923619
13.0,13,11895.18387
20.0,20,11897.274353
124.0,124,11910.278446
188.0,188,11928.992912
200.0,200,11949.281842
123.0,123,11962.843492
26.0,26,11965.599362
89.0,89,11975.18198
89.0,89,11985.045898
92.0,92,11994.165582
100.0,100,12004.727844
200.0,200,12025.760782
200.0,200,12046.542097
200.0,200,12066.912949
132.0,132,12080.818557
105.0,105,12091.973733
93.0,93,12101.454571
75.0,75,12109.577596
85.0,85,12118.588225
200.0,200,12139.787107
158.0,158,12156.893895
145.0,145,12172.140768
200.0,200,12191.776665
200.0,200,12212.097589
200.0,200,12232.694114
200.0,200,12253.749476
200.0,200,12274.760129
200.0,200,12295.152516
175.0,175,12313.371682
111.0,111,12325.062968
119.0,119,12337.712594
135.0,135,12352.31871
127.0,127,12365.81626
139.0,139,12380.424173
123.0,123,12393.711164
93.0,93,12403.520842
125.0,125,12416.63384
136.0,136,12430.2993
124.0,124,12444.004462
133.0,133,12458.111953
136.0,136,12472.129983
126.0,126,12484.735786
111.0,111,12495.663723
200.0,200,12516.436983
110.0,110,12527.302821
200.0,200,12547.825092
200.0,200,12568.802176
200.0,200,12589.846588
200.0,200,12611.063912
143.0,143,12626.310877
200.0,200,12647.886528
200.0,200,12669.703204
200.0,200,12689.805396
139.0,139,12705.557838
104.0,104,12716.017029
57.0,57,12721.673951
200.0,200,12742.359892
200.0,200,12762.983367
200.0,200,12783.583794
200.0,200,12804.785612
200.0,200,12825.022552
120.0,120,12837.396372
83.0,83,12846.404944
25.0,25,12849.076038
16.0,16,12850.438106
18.0,18,12852.506333
37.0,37,12856.549631
18.0,18,12858.153212
65.0,65,12865.168215
35.0,35,12868.647252
31.0,31,12871.941073
48.0,48,12877.054101
39.0,39,12880.940586
34.0,34,12884.696115
62.0,62,12891.045766
200.0,200,12912.104274
200.0,200,12932.764897
200.0,200,12952.16981
109.0,109,12963.719081
96.0,96,12973.327118
107.0,107,12985.017378
109.0,109,12996.845345
200.0,200,13016.949585
200.0,200,13037.510632
200.0,200,13058.506304
200.0,200,13079.060178
131.0,131,13092.809474
140.0,140,13106.965791
124.0,124,13120.536549
119.0,119,13132.297959
111.0,111,13143.207395
106.0,106,13154.223283
110.0,110,13165.470472
111.0,111,13176.96082
112.0,112,13188.128387
106.0,106,13198.956674
200.0,200,13220.347781
153.0,153,13236.192902
200.0,200,13257.247845
104.0,104,13267.910917
98.0,98,13277.366385
107.0,107,13288.451364
33.0,33,13292.053946
27.0,27,13294.925191
21.0,21,13296.863326
13.0,13,13298.045079
22.0,22,13300.406745
99.0,99,13310.277499
136.0,136,13324.82027
141.0,141,13339.720178
144.0,144,13355.336529
130.0,130,13368.671198
117.0,117,13381.361457
111.0,111,13392.708348
115.0,115,13405.129984
141.0,141,13419.735378
161.0,161,13436.490512
166.0,166,13453.41848
173.0,173,13471.725543
200.0,200,13491.750067
179.0,179,13510.173852
200.0,200,13529.060869
200.0,200,13546.465345
200.0,200,13563.056181
200.0,200,13579.194712
200.0,200,13597.819866
60.0,60,13602.821436
98.0,98,13611.729925
29.0,29,13614.850135
68.0,68,13622.013458
38.0,38,13626.151
59.0,59,13632.038156
40.0,40,13635.837847
58.0,58,13642.030301
99.0,99,13652.001624
200.0,200,13672.284025
200.0,200,13693.38731
152.0,152,13708.401461
104.0,104,13718.872669
104.0,104,13728.93693
102.0,102,13738.864721
101.0,101,13749.883476
150.0,150,13765.322612
200.0,200,13785.868308
200.0,200,13807.329103
200.0,200,13828.085074
200.0,200,13848.303811
200.0,200,13868.853421
133.0,133,13883.067407
192.0,192,13903.330736
126.0,126,13916.220454
122.0,122,13928.734091
200.0,200,13949.075177
200.0,200,13969.439324
108.0,108,13981.016378
111.0,111,13993.078702
98.0,98,14002.865608
125.0,125,14015.954915
123.0,123,14028.612541
200.0,200,14050.280851
190.0,190,14069.802818
20.0,20,14072.039355
27.0,27,14074.834063
20.0,20,14077.020647
24.0,24,14079.330857
25.0,25,14081.848091
31.0,31,14084.962316
53.0,53,14090.40593
35.0,35,14094.662382
46.0,46,14099.221481
43.0,43,14103.394275
34.0,34,14106.573217
47.0,47,14111.51213
23.0,23,14114.040319
200.0,200,14135.687363
200.0,200,14156.081089
200.0,200,14176.30372
200.0,200,14196.609219
121.0,121,14208.546187
200.0,200,14228.599229
200.0,200,14249.014328
168.0,168,14266.632764
200.0,200,14287.826499
200.0,200,14308.113939
200.0,200,14327.543446
200.0,200,14347.083139
200.0,200,14369.118243
200.0,200,14388.969924
200.0,200,14409.903606
200.0,200,14431.242416
200.0,200,14452.470557
200.0,200,14473.988887
127.0,127,14486.843219
126.0,126,14500.489084
148.0,148,14516.886858
133.0,133,14530.209241
200.0,200,14549.968632
200.0,200,14571.082915
147.0,147,14586.997262
93.0,93,14596.792783
103.0,103,14607.999052
74.0,74,14614.904983
91.0,91,14624.653915
102.0,102,14635.008245
200.0,200,14654.723997
200.0,200,14675.336061
118.0,118,14687.569486
50.0,50,14692.325833
58.0,58,14698.587054
36.0,36,14702.599808
53.0,53,14707.874213
45.0,45,14712.630058
51.0,51,14718.11348
58.0,58,14723.729903
51.0,51,14729.177746
35.0,35,14733.224979
54.0,54,14738.857669
75.0,75,14746.757281
76.0,76,14754.92044
75.0,75,14762.79787
83.0,83,14771.647816
68.0,68,14779.248762
66.0,66,14785.926864
76.0,76,14793.961749
71.0,71,14801.516205
86.0,86,14810.131302
89.0,89,14818.995134
82.0,82,14826.529298
99.0,99,14836.866299
125.0,125,14850.209462
122.0,122,14863.184931
104.0,104,14873.57618
127.0,127,14886.401364
200.0,200,14907.264797
176.0,176,14925.19416
191.0,191,14944.270161
151.0,151,14960.487189
166.0,166,14978.305139
173.0,173,14996.308815
151.0,151,15012.307454
132.0,132,15026.696416
134.0,134,15040.484569
124.0,124,15052.15487
101.0,101,15062.328578
110.0,110,15073.789039
67.0,67,15080.952434
73.0,73,15088.563363
77.0,77,15096.390995
184.0,184,15115.497805
156.0,156,15131.041134
168.0,168,15148.629319
110.0,110,15159.558671
88.0,88,15168.716547
72.0,72,15176.270963
102.0,102,15186.474371
89.0,89,15195.614841
86.0,86,15204.686307
86.0,86,15213.46938
86.0,86,15221.737334
91.0,91,15231.291826
77.0,77,15239.04964
120.0,120,15251.129328
71.0,71,15258.415597
89.0,89,15268.008916
29.0,29,15271.097154
23.0,23,15273.324815
30.0,30,15276.373284
46.0,46,15281.474578
23.0,23,15283.840251
33.0,33,15287.101739
23.0,23,15289.087763
36.0,36,15292.926923
21.0,21,15295.138284
21.0,21,15297.326094
24.0,24,15299.874137
139.0,139,15314.32462
110.0,110,15325.523483
112.0,112,15336.986163
116.0,116,15348.965318
132.0,132,15363.059249
125.0,125,15377.074148
126.0,126,15389.555464
119.0,119,15402.34207
112.0,112,15414.273968
96.0,96,15424.141936
99.0,99,15435.06636
93.0,93,15444.872015
24.0,24,15447.278165
90.0,90,15456.272531
200.0,200,15477.391336
200.0,200,15497.107553
200.0,200,15517.261669
178.0,178,15534.973325
144.0,144,15549.662083
127.0,127,15562.737336
200.0,200,15584.202788
200.0,200,15604.63852
200.0,200,15624.817262
200.0,200,15646.96597
200.0,200,15666.380765
163.0,163,15683.152054
166.0,166,15701.01265
200.0,200,15722.46201
114.0,114,15733.876405
109.0,109,15745.30998
102.0,102,15756.051486
107.0,107,15767.517011
126.0,126,15780.051205
122.0,122,15792.684758
115.0,115,15804.762487
114.0,114,15817.399324
118.0,118,15829.600573
124.0,124,15842.735688
109.0,109,15853.20522
96.0,96,15863.186613
172.0,172,15880.441205
100.0,100,15891.488979
101.0,101,15901.962363
100.0,100,15911.889191
32.0,32,15915.164902
44.0,44,15919.528373
33.0,33,15922.727132
118.0,118,15934.64637
129.0,129,15948.474187
128.0,128,15961.610978
148.0,148,15976.482181
117.0,117,15987.346174
117.0,117,15999.096245
116.0,116,16011.459271
118.0,118,16024.30647
141.0,141,16037.939388
141.0,141,16052.652552
146.0,146,16068.317814
133.0,133,16082.830714
123.0,123,16095.75
135.0,135,16110.337817
131.0,131,16124.619689
136.0,136,16139.734347
140.0,140,16154.580175
160.0,160,16171.31455
196.0,196,16192.202392
64.0,64,16198.693034
52.0,52,16204.361963
54.0,54,16210.019729
133.0,133,16223.492789
52.0,52,16228.27463
139.0,139,16243.626338
200.0,200,16264.796529
140.0,140,16279.50336
148.0,148,16296.035951
200.0,200,16316.834696
133.0,133,16331.379609
197.0,197,16351.981905
120.0,120,16364.549538
110.0,110,16376.417428
105.0,105,16387.671408
104.0,104,16398.152884
184.0,184,16417.217799
200.0,200,16439.153688
200.0,200,16460.520314
152.0,152,16475.300541
151.0,151,16491.22122
136.0,136,16505.454108
112.0,112,16517.355307
105.0,105,16528.506268
104.0,104,16539.580294
100.0,100,16549.370063
62.0,62,16555.773066
100.0,100,16566.03352
190.0,190,16586.777462
196.0,196,16606.462675
50.0,50,16611.879991
39.0,39,16615.974076
46.0,46,16620.776891
53.0,53,16625.748515
24.0,24,16628.373191
51.0,51,16633.766588
54.0,54,16639.594238
48.0,48,16644.857498
30.0,30,16648.169595
56.0,56,16654.510171
86.0,86,16663.608426
25.0,25,16666.406386
25.0,25,16668.748658
36.0,36,16672.589839
90.0,90,16681.652918
87.0,87,16690.871007
89.0,89,16700.378351
100.0,100,16711.538219
88.0,88,16720.60802
94.0,94,16730.778563
97.0,97,16741.322262
93.0,93,16750.453119
94.0,94,16760.075193
103.0,103,16771.063813
104.0,104,16782.740538
104.0,104,16793.699212
100.0,100,16803.769284
99.0,99,16813.830385
101.0,101,16824.224277
101.0,101,16834.900785
107.0,107,16845.681456
98.0,98,16855.394109
106.0,106,16866.543166
115.0,115,16878.46434
108.0,108,16889.616301
112.0,112,16900.539739
115.0,115,16912.484348
115.0,115,16924.341015
99.0,99,16933.939673
100.0,100,16944.070167
100.0,100,16954.490707
100.0,100,16964.836343
71.0,71,16972.56058
92.0,92,16982.206543
13.0,13,16983.591027
92.0,92,16992.289103
58.0,58,16998.048736
90.0,90,17007.190158
94.0,94,17017.467472
200.0,200,17038.01751
200.0,200,17059.510373
200.0,200,17080.754651
200.0,200,17100.696314
200.0,200,17121.116428
200.0,200,17142.263961
200.0,200,17163.373541
197.0,197,17182.808703
122.0,122,17195.747233
116.0,116,17206.860614
110.0,110,17218.320821
130.0,130,17231.734019
89.0,89,17240.6959
60.0,60,17246.320558
28.0,28,17249.301893
93.0,93,17258.868221
39.0,39,17263.137012
16.0,16,17265.067567
26.0,26,17267.565733
22.0,22,17270.041146
34.0,34,17273.681073
93.0,93,17283.975177
200.0,200,17304.473764
200.0,200,17325.072866
133.0,133,17338.499838
87.0,87,17347.582954
86.0,86,17356.451564
91.0,91,17365.561156
93.0,93,17375.641665
92.0,92,17384.907948
102.0,102,17396.030797
108.0,108,17407.385036
99.0,99,17418.126152
104.0,104,17429.497196
128.0,128,17442.691582
171.0,171,17460.200001
200.0,200,17481.804917
200.0,200,17502.519536
126.0,126,17514.683753
148.0,148,17529.754927
133.0,133,17542.796925
139.0,139,17556.695531
123.0,123,17569.173681
127.0,127,17581.478159
200.0,200,17602.108733
175.0,175,17621.052817
171.0,171,17639.685655
167.0,167,17657.034674
179.0,179,17676.36247
120.0,120,17688.820193
133.0,133,17702.526273
117.0,117,17713.263683
114.0,114,17724.935055
121.0,121,17737.63597
200.0,200,17758.108728
200.0,200,17779.070501
200.0,200,17799.525601
131.0,131,17813.366097
126.0,126,17826.660005
103.0,103,17837.250422
200.0,200,17857.700713
200.0,200,17875.784268
200.0,200,17897.480554
200.0,200,17918.265808
111.0,111,17929.963475
200.0,200,17951.127766
112.0,112,17963.44955
113.0,113,17974.451779
118.0,118,17986.96891
119.0,119,17998.77688
108.0,108,18010.172491
111.0,111,18021.50629
97.0,97,18031.643519
100.0,100,18041.606945
112.0,112,18052.809429
104.0,104,18063.813892
103.0,103,18074.522652
115.0,115,18086.614225
100.0,100,18097.453819
109.0,109,18109.046926
113.0,113,18119.924677
98.0,98,18130.491061
100.0,100,18140.585649
105.0,105,18150.580631
102.0,102,18161.168241
200.0,200,18181.169513
200.0,200,18201.642859
124.0,124,18215.086135
112.0,112,18226.530192
120.0,120,18238.807637
111.0,111,18250.109272
143.0,143,18265.032531
200.0,200,18285.407607
200.0,200,18306.204287
200.0,200,18326.164748
180.0,180,18344.993089
194.0,194,18363.910403
107.0,107,18374.801879
102.0,102,18385.379716
100.0,100,18396.48902
96.0,96,18406.559133
99.0,99,18416.527615
200.0,200,18437.001766
152.0,152,18452.359105
129.0,129,18466.250949
96.0,96,18476.42791
95.0,95,18486.490729
94.0,94,18496.887929
91.0,91,18505.869679
89.0,89,18515.294358
94.0,94,18525.105365
200.0,200,18546.050497
200.0,200,18566.530847
99.0,99,18576.930629
24.0,24,18579.419393
104.0,104,18591.097074
99.0,99,18600.460104
104.0,104,18611.088764
102.0,102,18621.435429
140.0,140,18636.395096
32.0,32,18639.456268
52.0,52,18644.679216
131.0,131,18658.2605
200.0,200,18679.394019
16.0,16,18681.065968
93.0,93,18690.847764
94.0,94,18701.300409
99.0,99,18711.18002
96.0,96,18721.487695
94.0,94,18731.004866
47.0,47,18736.081896
40.0,40,18740.363323
90.0,90,18749.491162
29.0,29,18752.531211
29.0,29,18755.893784
29.0,29,18758.884355
27.0,27,18761.605754
23.0,23,18764.13772
110.0,110,18775.248324
141.0,141,18789.545303
152.0,152,18804.978718
125.0,125,18817.860281
145.0,145,18831.238163
165.0,165,18849.309937
130.0,130,18862.912864
138.0,138,18877.51057
110.0,110,18888.753605
111.0,111,18900.48982
127.0,127,18913.25874
122.0,122,18926.272563
113.0,113,18937.759781
200.0,200,18958.502186
189.0,189,18978.141895
156.0,156,18994.87426
122.0,122,19007.608545
133.0,133,19021.933895
111.0,111,19033.235717
131.0,131,19046.408222
128.0,128,19059.522574
17.0,17,19061.492878
145.0,145,19076.469912
122.0,122,19088.553263
10.0,10,19089.622872
39.0,39,19093.576313
89.0,89,19103.169618
32.0,32,19106.239338
98.0,98,19116.282301
28.0,28,19119.337518
30.0,30,19122.369701
34.0,34,19125.884799
27.0,27,19128.917646
89.0,89,19138.202861
97.0,97,19148.786497
101.0,101,19159.152097
110.0,110,19171.24363
117.0,117,19183.376306
116.0,116,19195.277936
107.0,107,19205.61546
120.0,120,19218.374195
200.0,200,19239.70731
188.0,188,19258.409043
200.0,200,19278.863385
175.0,175,19297.198747
179.0,179,19315.633022
153.0,153,19330.492569
183.0,183,19349.570767
140.0,140,19363.661294
200.0,200,19383.922442
200.0,200,19404.577421
200.0,200,19425.641919
200.0,200,19446.187812
200.0,200,19467.667706
200.0,200,19489.250035
93.0,93,19499.448529
11.0,11,19500.53402
200.0,200,19521.903351
200.0,200,19541.550714
200.0,200,19562.147182
137.0,137,19576.859683
200.0,200,19598.180603
200.0,200,19619.350971
200.0,200,19639.381956
200.0,200,19659.142028
148.0,148,19674.771959
98.0,98,19685.395931
101.0,101,19695.834242
200.0,200,19716.235308
25.0,25,19718.736859
111.0,111,19730.08743
25.0,25,19732.405834
117.0,117,19744.487669
110.0,110,19755.380337
107.0,107,19765.97104
124.0,124,19777.830505
131.0,131,19790.801226
130.0,130,19803.717362
127.0,127,19817.142681
146.0,146,19832.913683
147.0,147,19848.493027
148.0,148,19863.745949
129.0,129,19876.762036
115.0,115,19889.375225
125.0,125,19901.717083
122.0,122,19914.430501
105.0,105,19925.937923
106.0,106,19936.809876
98.0,98,19947.316022
104.0,104,19957.947134
108.0,108,19969.208371
95.0,95,19979.604884
99.0,99,19989.554513
102.0,102,20000.163559
101.0,101,20010.594043
28.0,28,20013.648005
26.0,26,20016.209246
27.0,27,20019.040566
34.0,34,20022.553064
99.0,99,20032.947744
43.0,43,20036.608347
24.0,24,20039.131037
28.0,28,20042.138442
97.0,97,20052.275135
100.0,100,20062.312883
27.0,27,20064.903893
100.0,100,20075.283263
120.0,120,20087.034557
54.0,54,20092.913672
115.0,115,20105.182684
129.0,129,20118.469356
200.0,200,20139.744688
126.0,126,20152.941846
125.0,125,20165.335198
106.0,106,20175.666481
17.0,17,20177.348381
16.0,16,20179.149498
11.0,11,20180.397453
15.0,15,20181.987921
15.0,15,20183.574721
16.0,16,20185.380571
13.0,13,20186.917026
17.0,17,20188.905042
14.0,14,20190.380418
12.0,12,20191.705109
18.0,18,20193.446943
15.0,15,20195.089563
10.0,10,20195.88397
10.0,10,20196.948303
13.0,13,20198.316849
13.0,13,20199.601899
17.0,17,20201.471076
16.0,16,20203.137228
12.0,12,20204.45314
15.0,15,20206.082636
17.0,17,20207.897936
23.0,23,20210.261658
15.0,15,20211.904786
16.0,16,20213.563062
14.0,14,20215.114155
15.0,15,20216.714993
18.0,18,20218.7659
11.0,11,20219.830173
21.0,21,20222.034404
14.0,14,20223.496981
12.0,12,20224.65135
14.0,14,20226.135497
9.0,9,20227.093014
12.0,12,20228.345037
56.0,56,20234.03992
35.0,35,20237.732261
11.0,11,20238.926177
107.0,107,20249.81235
101.0,101,20259.783084
97.0,97,20269.351488
101.0,101,20279.756888
11.0,11,20280.896959
95.0,95,20290.785813
93.0,93,20300.432165
99.0,99,20310.674999
91.0,91,20320.103483
12.0,12,20321.302134
35.0,35,20324.762876
99.0,99,20334.262969
64.0,64,20340.956283
100.0,100,20351.132148
103.0,103,20361.66486
95.0,95,20370.960774
100.0,100,20381.082231
169.0,169,20399.0383
200.0,200,20418.982796
167.0,167,20435.865894
112.0,112,20448.115883
110.0,110,20459.84405
111.0,111,20470.834419
102.0,102,20482.151476
200.0,200,20502.265613
84.0,84,20511.127171
200.0,200,20530.458265
113.0,113,20542.086785
24.0,24,20544.744773
44.0,44,20549.381736
41.0,41,20553.891093
18.0,18,20555.861452
17.0,17,20557.715166
17.0,17,20559.582048
16.0,16,20561.407358
19.0,19,20563.113516
43.0,43,20567.372217
26.0,26,20570.119218
25.0,25,20572.757308
36.0,36,20575.977169
23.0,23,20578.497533
25.0,25,20581.116822
34.0,34,20584.804747
17.0,17,20586.547672
25.0,25,20589.113975
15.0,15,20590.509984
9.0,9,20591.499742
10.0,10,20592.574589
10.0,10,20593.725055
8.0,8,20594.465424
9.0,9,20595.34426
9.0,9,20596.225441
9.0,9,20597.349679
14.0,14,20598.734111
15.0,15,20599.972128
9.0,9,20600.936403
22.0,22,20603.270414
14.0,14,20604.617718
29.0,29,20607.210068
10.0,10,20608.251049
10.0,10,20609.112611
11.0,11,20610.414462
23.0,23,20612.884611
18.0,18,20614.903542
10.0,10,20616.00856
10.0,10,20616.840607
10.0,10,20617.666547
10.0,10,20618.524751
9.0,9,20619.378487
8.0,8,20620.233758
8.0,8,20621.037517
16.0,16,20622.826915
9.0,9,20623.727996
31.0,31,20626.843801
18.0,18,20628.501669
8.0,8,20629.383191
8.0,8,20630.246127
9.0,9,20631.131414
9.0,9,20631.964542
12.0,12,20633.288135
19.0,19,20635.269918
60.0,60,20641.537203
31.0,31,20644.854654
16.0,16,20646.633707
20.0,20,20648.900822
38.0,38,20652.906264
40.0,40,20657.155087
11.0,11,20658.113019
12.0,12,20659.160923
10.0,10,20660.143486
9.0,9,20661.208567
10.0,10,20662.314333
14.0,14,20663.893255
14.0,14,20664.964119
9.0,9,20665.743606
16.0,16,20667.315782
16.0,16,20668.648023
8.0,8,20669.186967
10.0,10,20670.259988
9.0,9,20671.231813
9.0,9,20672.185054
9.0,9,20673.082531
9.0,9,20674.053857
9.0,9,20674.926042
15.0,15,20676.257098
18.0,18,20678.264342
19.0,19,20680.366115
10.0,10,20681.423485
9.0,9,20682.396301
8.0,8,20683.117006
12.0,12,20684.149617
16.0,16,20685.929271
10.0,10,20687.041288
89.0,89,20696.253114
90.0,90,20705.677541
18.0,18,20707.56819
90.0,90,20716.614405
17.0,17,20718.19846
18.0,18,20720.207624
21.0,21,20722.554552
19.0,19,20724.642463
16.0,16,20726.235147
22.0,22,20728.369785
15.0,15,20730.00898
34.0,34,20733.438868
37.0,37,20737.416723
15.0,15,20738.935094
19.0,19,20740.527786
90.0,90,20750.350656
15.0,15,20751.783584
12.0,12,20752.872995
15.0,15,20754.423228
12.0,12,20755.670778
14.0,14,20757.235373
102.0,102,20768.342913
15.0,15,20769.912909
15.0,15,20771.478506
17.0,17,20773.192323
14.0,14,20774.788674
24.0,24,20777.109156
13.0,13,20778.466788
13.0,13,20779.851478
14.0,14,20781.413275
21.0,21,20783.505506
18.0,18,20785.333794
13.0,13,20786.490903
31.0,31,20789.578615
12.0,12,20790.931456
14.0,14,20792.43648
13.0,13,20793.990511
29.0,29,20797.113457
14.0,14,20798.626802
21.0,21,20801.045771
11.0,11,20801.943099
13.0,13,20803.283049
23.0,23,20805.641799
24.0,24,20807.646409
33.0,33,20811.335367
12.0,12,20812.482158
17.0,17,20814.322478
13.0,13,20815.745279
24.0,24,20818.275304
26.0,26,20821.201435
17.0,17,20823.097245
18.0,18,20825.062399
15.0,15,20826.467148
18.0,18,20828.124453
17.0,17,20829.878649
19.0,19,20831.908906
18.0,18,20833.40721
17.0,17,20835.08708
16.0,16,20836.688585
28.0,28,20838.860868
15.0,15,20840.204225
115.0,115,20852.570421
20.0,20,20854.509731
105.0,105,20864.77657
108.0,108,20875.555203
200.0,200,20895.919695
17.0,17,20897.580163
76.0,76,20905.260489
86.0,86,20914.419341
74.0,74,20921.859119
20.0,20,20923.705586
147.0,147,20938.619007
117.0,117,20950.603241
12.0,12,20951.64923
16.0,16,20953.33357
17.0,17,20955.091874
15.0,15,20956.729496
23.0,23,20959.057657
15.0,15,20960.610531
19.0,19,20962.568572
17.0,17,20964.241234
14.0,14,20965.823914
16.0,16,20967.245799
27.0,27,20970.24315
15.0,15,20971.97551
18.0,18,20973.796805
16.0,16,20975.386898
15.0,15,20977.144611
14.0,14,20978.604589
16.0,16,20980.342269
15.0,15,20981.996647
16.0,16,20983.749846
16.0,16,20985.241525
20.0,20,20987.247617
17.0,17,20989.183153
14.0,14,20990.782693
19.0,19,20992.454818
15.0,15,20994.070711
116.0,116,21006.432101
200.0,200,21027.810173
200.0,200,21048.646579
200.0,200,21069.335588
200.0,200,21090.980552
200.0,200,21111.773556
123.0,123,21123.659318
116.0,116,21135.054108
166.0,166,21152.102191
163.0,163,21170.052891
48.0,48,21174.898161
200.0,200,21194.831098
200.0,200,21215.385227
191.0,191,21234.861697
170.0,170,21252.103869
87.0,87,21261.912341
115.0,115,21273.899256
94.0,94,21283.573632
200.0,200,21304.696967
125.0,125,21317.523678
200.0,200,21336.448585
200.0,200,21356.618713
47.0,47,21360.926225
200.0,200,21382.074652
173.0,173,21399.662241
200.0,200,21419.901493
95.0,95,21429.563366
23.0,23,21432.077433
200.0,200,21452.297551
102.0,102,21463.355813
27.0,27,21465.937728
32.0,32,21469.094381
38.0,38,21472.627399
21.0,21,21474.894573
25.0,25,21477.568325
30.0,30,21480.780988
23.0,23,21483.282182
28.0,28,21486.302427
30.0,30,21489.390525
35.0,35,21492.990421
25.0,25,21495.724986
25.0,25,21498.813433
29.0,29,21501.695841
29.0,29,21504.727611
29.0,29,21507.896196
27.0,27,21510.688353
60.0,60,21517.072282
200.0,200,21536.92382
79.0,79,21544.955253
101.0,101,21555.768326
200.0,200,21576.292225
82.0,82,21584.80533
21.0,21,21586.951298
100.0,100,21596.963528
200.0,200,21618.030209
165.0,165,21635.026987
181.0,181,21653.599324
23.0,23,21655.794104
184.0,184,21674.832815
103.0,103,21685.927457
53.0,53,21691.672491
200.0,200,21712.002117
68.0,68,21719.176725
200.0,200,21739.767174
200.0,200,21760.436712
168.0,168,21778.868701
200.0,200,21799.452741
89.0,89,21808.007435
90.0,90,21817.241678
92.0,92,21826.654938
200.0,200,21847.110888
200.0,200,21867.328177
200.0,200,21888.510559
200.0,200,21908.620887
200.0,200,21928.625179
200.0,200,21949.799819
200.0,200,21970.092058
200.0,200,21990.947838
200.0,200,22011.685448
200.0,200,22031.722135
200.0,200,22052.81675
178.0,178,22071.497606
200.0,200,22092.111348
200.0,200,22112.560804
200.0,200,22133.838926
200.0,200,22153.77925
200.0,200,22175.182875
200.0,200,22196.204936
200.0,200,22217.050761
108.0,108,22227.330696
65.0,65,22234.486742
194.0,194,22253.087893
200.0,200,22273.370434
195.0,195,22293.590906
82.0,82,22302.409083
101.0,101,22313.292084
200.0,200,22334.935124
193.0,193,22354.568026
22.0,22,22356.944603
10.0,10,22358.056939
200.0,200,22379.562861
200.0,200,22399.155149
135.0,135,22412.561062
145.0,145,22427.741687
83.0,83,22436.272058
97.0,97,22446.690777
120.0,120,22458.332195
133.0,133,22472.11363
123.0,123,22484.395076
68.0,68,22491.308448
67.0,67,22497.673346
200.0,200,22518.720572
81.0,81,22526.969116
139.0,139,22541.289767
56.0,56,22547.000859
200.0,200,22567.593033
160.0,160,22584.475829
59.0,59,22590.909459
83.0,83,22599.676717
144.0,144,22614.795687
64.0,64,22621.379789
164.0,164,22639.495681
66.0,66,22646.153912
138.0,138,22660.702863
179.0,179,22679.779649
73.0,73,22686.161304
200.0,200,22706.690205
95.0,95,22716.786994
125.0,125,22729.389352
133.0,133,22743.445351
85.0,85,22752.16568
115.0,115,22764.274494
85.0,85,22773.410984
71.0,71,22781.187966
74.0,74,22788.905357
82.0,82,22796.833323
80.0,80,22805.494369
148.0,148,22821.040267
93.0,93,22830.332934
105.0,105,22841.342232
119.0,119,22853.57274
76.0,76,22861.633287
92.0,92,22870.815161
120.0,120,22882.718912
193.0,193,22902.568797
200.0,200,22923.368446
200.0,200,22943.864249
200.0,200,22964.752657
79.0,79,22973.048976
200.0,200,22993.286526
115.0,115,23004.999892
119.0,119,23017.456716
92.0,92,23026.681916
87.0,87,23035.613976
113.0,113,23047.232819
101.0,101,23057.186752
123.0,123,23069.845736
54.0,54,23075.651878
93.0,93,23085.105336
131.0,131,23097.879028
159.0,159,23113.978723
115.0,115,23125.842664
67.0,67,23132.625976
122.0,122,23144.747363
77.0,77,23152.548333
102.0,102,23163.292949
64.0,64,23169.642062
105.0,105,23180.371746
82.0,82,23188.486659
27.0,27,23191.071984
83.0,83,23199.810472
86.0,86,23208.499871
75.0,75,23216.21804
45.0,45,23221.010994
51.0,51,23226.015541
168.0,168,23243.226324
184.0,184,23261.626553
200.0,200,23282.415776
200.0,200,23302.792172
175.0,175,23321.457652
115.0,115,23333.439996
126.0,126,23346.602937
138.0,138,23361.172429
200.0,200,23381.31725
200.0,200,23401.277807
200.0,200,23422.742329
200.0,200,23443.123174
200.0,200,23464.686884
200.0,200,23486.542983
200.0,200,23506.924612
200.0,200,23528.132033
200.0,200,23548.387747
200.0,200,23569.034343
200.0,200,23588.259217
200.0,200,23608.953392
200.0,200,23629.660857
82.0,82,23637.773153
200.0,200,23658.784467
200.0,200,23677.54252
200.0,200,23698.184826
200.0,200,23717.468455
200.0,200,23738.514294
200.0,200,23760.112692
200.0,200,23780.538211
200.0,200,23801.241159
200.0,200,23821.95744
200.0,200,23842.435183
200.0,200,23863.847441
200.0,200,23884.578873
200.0,200,23904.49761
200.0,200,23925.29673
200.0,200,23946.334399
200.0,200,23967.071991
200.0,200,23987.953615
200.0,200,24008.577926
189.0,189,24028.413607
200.0,200,24048.436432
158.0,158,24065.381562
167.0,167,24083.327326
68.0,68,24090.221536
37.0,37,24094.158507
200.0,200,24113.798505
200.0,200,24134.954299
200.0,200,24155.988766
200.0,200,24176.030635
118.0,118,24188.454112
76.0,76,24196.908763
200.0,200,24218.110186
116.0,116,24230.337765
200.0,200,24251.509542
200.0,200,24271.448303
200.0,200,24291.712893
200.0,200,24312.914075
114.0,114,24324.242586
111.0,111,24335.829776
145.0,145,24350.596417
117.0,117,24362.696726
95.0,95,24371.622726
99.0,99,24381.826331
93.0,93,24390.703437
103.0,103,24400.958056
107.0,107,24411.671988
78.0,78,24420.211436
77.0,77,24428.167742
200.0,200,24449.553838
119.0,119,24461.75949
128.0,128,24474.658023
121.0,121,24486.640386
148.0,148,24500.011791
200.0,200,24517.683273
200.0,200,24534.975074
200.0,200,24549.723191
200.0,200,24565.36441
200.0,200,24584.128284
200.0,200,24604.216211
200.0,200,24623.795578
200.0,200,24644.255907
155.0,155,24659.105603
200.0,200,24680.204176
200.0,200,24700.746103
189.0,189,24719.5619
200.0,200,24741.148244
200.0,200,24762.001251
177.0,177,24779.606072
139.0,139,24793.496565
200.0,200,24813.986442
200.0,200,24833.734096
160.0,160,24849.735131
127.0,127,24863.025322
134.0,134,24876.835451
122.0,122,24888.675598
200.0,200,24909.056017
200.0,200,24928.803162
200.0,200,24949.790103
200.0,200,24970.810363
200.0,200,24993.157933
177.0,177,25012.598601
181.0,181,25032.28749
200.0,200,25053.357415
200.0,200,25074.073046
200.0,200,25095.2055
200.0,200,25115.572511
200.0,200,25135.808307
146.0,146,25151.479486
62.0,62,25158.228393
54.0,54,25163.585129
65.0,65,25170.068886
54.0,54,25175.991637
67.0,67,25183.370294
62.0,62,25189.78062
67.0,67,25196.356103
69.0,69,25203.602573
97.0,97,25213.293386
103.0,103,25223.433526
127.0,127,25235.934598
148.0,148,25251.791021
118.0,118,25264.903886
200.0,200,25285.322648
200.0,200,25305.551511
193.0,193,25325.590725
109.0,109,25336.327441
91.0,91,25346.213394
200.0,200,25365.862312
200.0,200,25386.954726
113.0,113,25398.771625
131.0,131,25411.903844
135.0,135,25424.980168
108.0,108,25435.86271
120.0,120,25448.685109
135.0,135,25462.416945
136.0,136,25476.849325
115.0,115,25488.824606
132.0,132,25502.664961
117.0,117,25515.145817
112.0,112,25526.513347
111.0,111,25537.478232
110.0,110,25548.511545
118.0,118,25561.024633
142.0,142,25575.674646
200.0,200,25596.747559
145.0,145,25612.132234
146.0,146,25628.116587
151.0,151,25643.838711
179.0,179,25662.404945
166.0,166,25680.470662
187.0,187,25699.541242
200.0,200,25720.841782
143.0,143,25735.279875
200.0,200,25755.521158
157.0,157,25772.667963
200.0,200,25793.931745
200.0,200,25815.858635
200.0,200,25837.006405
200.0,200,25858.867384
197.0,197,25879.587077
200.0,200,25899.844727
200.0,200,25921.296513
200.0,200,25940.979142
107.0,107,25952.598813
108.0,108,25964.170101
125.0,125,25976.646832
93.0,93,25986.641331
200.0,200,26006.572587
200.0,200,26028.358951
200.0,200,26049.473828
200.0,200,26070.079426
200.0,200,26090.12164
200.0,200,26110.955093
200.0,200,26131.643902
200.0,200,26152.247044
200.0,200,26171.291408
200.0,200,26192.806285
162.0,162,26209.609748
157.0,157,26226.690838
165.0,165,26243.313443
200.0,200,26263.358836
200.0,200,26282.362199
200.0,200,26303.297839
200.0,200,26324.445129
200.0,200,26346.158044
149.0,149,26362.295382
146.0,146,26376.40198
153.0,153,26392.434445
200.0,200,26412.372112
200.0,200,26433.172533
200.0,200,26451.958245
200.0,200,26471.835231
200.0,200,26492.489071
200.0,200,26513.041016
200.0,200,26533.749981
200.0,200,26554.166951
200.0,200,26575.255706
200.0,200,26595.085785
157.0,157,26611.895575
200.0,200,26632.502446
197.0,197,26652.016663
200.0,200,26673.107994
200.0,200,26693.502439
200.0,200,26713.487534
200.0,200,26733.073648
200.0,200,26754.292365
200.0,200,26773.512927
200.0,200,26792.334376
200.0,200,26812.248051
200.0,200,26833.292447
200.0,200,26854.043599
164.0,164,26870.598877
123.0,123,26883.242841
148.0,148,26899.058543
171.0,171,26916.934495
200.0,200,26937.297158
200.0,200,26958.665432
200.0,200,26979.946412
200.0,200,27000.625087
189.0,189,27019.658518
200.0,200,27039.680258
200.0,200,27060.227681
168.0,168,27077.840518
143.0,143,27093.190872
134.0,134,27106.481049
200.0,200,27127.434697
200.0,200,27149.05168
200.0,200,27170.695218
200.0,200,27191.480549
200.0,200,27212.721318
175.0,175,27230.375308
196.0,196,27250.001182
138.0,138,27264.331957
200.0,200,27286.532895
200.0,200,27307.470092
176.0,176,27326.017028
200.0,200,27347.219783
200.0,200,27367.734729
172.0,172,27384.80723
135.0,135,27399.479532
153.0,153,27414.528802
129.0,129,27427.086033
104.0,104,27438.401442
109.0,109,27449.003878
132.0,132,27463.615097
134.0,134,27478.708142
200.0,200,27499.680816
200.0,200,27521.033787
200.0,200,27541.278382
145.0,145,27555.621092
146.0,146,27570.990186
174.0,174,27589.431208
200.0,200,27609.60638
200.0,200,27631.401463
200.0,200,27652.680364
200.0,200,27673.532845
176.0,176,27691.10499
181.0,181,27709.718335
200.0,200,27730.87613
200.0,200,27751.587921
200.0,200,27772.321886
200.0,200,27792.87524
200.0,200,27813.519822
200.0,200,27834.325646
161.0,161,27851.33538
156.0,156,27867.979602
146.0,146,27883.036743
99.0,99,27893.150819
200.0,200,27913.722452
200.0,200,27935.770899
200.0,200,27955.693314
200.0,200,27975.265351
200.0,200,27995.258106
200.0,200,28016.424316
200.0,200,28035.892587
200.0,200,28056.907028
200.0,200,28077.448236
200.0,200,28097.548174
200.0,200,28118.256992
200.0,200,28139.490023
200.0,200,28159.71814
200.0,200,28179.718947
200.0,200,28200.174219
200.0,200,28220.64274
200.0,200,28241.057261
200.0,200,28261.146425
200.0,200,28281.591266
200.0,200,28301.533629
200.0,200,28322.079168
200.0,200,28342.648062
200.0,200,28363.390254
200.0,200,28384.278752
200.0,200,28404.502034
200.0,200,28424.335248
200.0,200,28444.684032
200.0,200,28464.709623
200.0,200,28484.326782
200.0,200,28504.575397
200.0,200,28525.358369
200.0,200,28546.479634
200.0,200,28568.24388
200.0,200,28589.729915
200.0,200,28610.805443
200.0,200,28631.265846
200.0,200,28653.718866
200.0,200,28675.608687
200.0,200,28695.546862
200.0,200,28716.613752
200.0,200,28738.17369
200.0,200,28758.630097
200.0,200,28779.274717
200.0,200,28800.989842
183.0,183,28820.094228
200.0,200,28841.397105
200.0,200,28862.386125
200.0,200,28883.345125
200.0,200,28903.152062
200.0,200,28924.027379
200.0,200,28945.320284
200.0,200,28966.068824
200.0,200,28986.67404
190.0,190,29007.061308
200.0,200,29028.864358
200.0,200,29050.122419
200.0,200,29071.024349
200.0,200,29091.230398
200.0,200,29112.002532
200.0,200,29132.807811
200.0,200,29153.192337
200.0,200,29174.16558
200.0,200,29195.067397
200.0,200,29216.923496
200.0,200,29237.265447
200.0,200,29258.166523
200.0,200,29279.879125
200.0,200,29300.92908
138.0,138,29315.390394
191.0,191,29334.756715
200.0,200,29355.156477
199.0,199,29376.502818
197.0,197,29397.092167
200.0,200,29417.395297
200.0,200,29438.401612
200.0,200,29459.462451
200.0,200,29481.02235
200.0,200,29502.483584
200.0,200,29522.872929
183.0,183,29541.579509
200.0,200,29561.645514
117.0,117,29574.232371
200.0,200,29594.969599
200.0,200,29615.955922
200.0,200,29636.339692
200.0,200,29657.360941
200.0,200,29678.117178
200.0,200,29698.585049
200.0,200,29719.841465
200.0,200,29740.728882
200.0,200,29761.953546
200.0,200,29782.825698
200.0,200,29802.846763
200.0,200,29823.921445
200.0,200,29844.273155
200.0,200,29865.230462
200.0,200,29886.266637
200.0,200,29906.623546
200.0,200,29928.191197
200.0,200,29948.169974
200.0,200,29969.023661
200.0,200,29989.206783
200.0,200,30010.854122
200.0,200,30030.89087
200.0,200,30051.446013
200.0,200,30072.644294
200.0,200,30093.490387
200.0,200,30113.840759
200.0,200,30134.217407
200.0,200,30155.639668
200.0,200,30176.0083
200.0,200,30196.604499
200.0,200,30217.587292
200.0,200,30238.464758
200.0,200,30258.407305
200.0,200,30279.599672
200.0,200,30300.810001
200.0,200,30320.670204
200.0,200,30340.954726
200.0,200,30362.485655
200.0,200,30383.057597
200.0,200,30403.924286
200.0,200,30424.601859
200.0,200,30443.752409
200.0,200,30465.062197
200.0,200,30486.733546
199.0,199,30508.102268
200.0,200,30528.970385
200.0,200,30549.00975
200.0,200,30570.084976
200.0,200,30591.191673
200.0,200,30611.323935
200.0,200,30632.010562
200.0,200,30652.402649
200.0,200,30673.248345
178.0,178,30691.192769
191.0,191,30710.37809
182.0,182,30727.839606
172.0,172,30746.407046
200.0,200,30766.116103
200.0,200,30786.780668
200.0,200,30807.501794
196.0,196,30826.937109
200.0,200,30847.530198
200.0,200,30867.775263
200.0,200,30889.151121
200.0,200,30908.157377
200.0,200,30928.720341
200.0,200,30949.647768
200.0,200,30971.277623
200.0,200,30991.667772
200.0,200,31012.144565
200.0,200,31032.881186
200.0,200,31052.940435
200.0,200,31075.174148
200.0,200,31095.75723
200.0,200,31116.024043
200.0,200,31137.500647
200.0,200,31158.026117
200.0,200,31178.404892
200.0,200,31199.518561
200.0,200,31220.967288
200.0,200,31241.708452
200.0,200,31262.166372
200.0,200,31283.721349
200.0,200,31303.682897
200.0,200,31323.912414
200.0,200,31344.191349
200.0,200,31365.29954
200.0,200,31386.945408
200.0,200,31407.680872
200.0,200,31428.167804
200.0,200,31448.082037
170.0,170,31464.955498
200.0,200,31486.525684
200.0,200,31507.052269
200.0,200,31529.562632
200.0,200,31551.364349
200.0,200,31571.898191
200.0,200,31591.813011
200.0,200,31612.226512
200.0,200,31631.944896
200.0,200,31652.317045
200.0,200,31673.797889
200.0,200,31694.43231
200.0,200,31715.081
200.0,200,31735.68098
200.0,200,31756.448329
200.0,200,31776.802067
200.0,200,31798.170756
200.0,200,31818.913593
200.0,200,31839.759715
200.0,200,31860.65418
200.0,200,31881.135925
200.0,200,31902.296645
200.0,200,31922.078192
200.0,200,31943.3579
200.0,200,31964.502945
167.0,167,31982.450372
200.0,200,32003.295039
200.0,200,32023.984607
200.0,200,32044.967452
200.0,200,32065.104445
200.0,200,32085.928756
200.0,200,32106.791532
200.0,200,32127.126865
200.0,200,32147.203315
200.0,200,32168.516234
200.0,200,32190.014152
200.0,200,32211.371395
200.0,200,32231.639428
196.0,196,32251.681763
190.0,190,32272.382007
200.0,200,32294.55936
200.0,200,32315.787891
184.0,184,32334.356085
179.0,179,32352.272467
200.0,200,32373.414272
200.0,200,32393.43815
164.0,164,32411.468998
200.0,200,32432.812739
172.0,172,32450.308899
200.0,200,32471.363459
153.0,153,32487.514627
158.0,158,32504.12675
173.0,173,32521.625464
162.0,162,32538.741497
162.0,162,32555.966175
174.0,174,32573.637798
167.0,167,32591.491059
174.0,174,32608.708221
160.0,160,32624.824444
200.0,200,32644.498503
161.0,161,32661.856359
200.0,200,32683.864476
198.0,198,32704.43642
200.0,200,32725.34562
200.0,200,32746.020524
200.0,200,32766.715959
200.0,200,32788.369944
200.0,200,32809.204625
200.0,200,32829.682715
200.0,200,32847.724653
200.0,200,32864.578246
200.0,200,32880.377023
200.0,200,32895.386558
200.0,200,32911.790629
200.0,200,32929.604939
200.0,200,32949.950388
200.0,200,32971.350433
200.0,200,32991.967903
200.0,200,33013.277202
200.0,200,33034.123755
200.0,200,33054.377484
200.0,200,33075.375504
200.0,200,33096.470587
200.0,200,33116.491354
200.0,200,33135.488986
200.0,200,33155.530995
200.0,200,33177.054598
200.0,200,33197.518024
200.0,200,33218.666672
200.0,200,33239.225331
196.0,196,33259.590669
200.0,200,33280.502909
200.0,200,33300.103609
200.0,200,33319.786101
200.0,200,33340.692358
200.0,200,33361.28993
200.0,200,33381.799847
183.0,183,33400.593578
200.0,200,33420.800429
200.0,200,33441.923447
185.0,185,33461.248498
200.0,200,33482.394308
200.0,200,33501.583841
200.0,200,33521.89788
191.0,191,33541.627109
183.0,183,33560.508542
200.0,200,33581.314272
152.0,152,33597.16761
200.0,200,33617.083005
172.0,172,33635.585128
174.0,174,33653.653517
200.0,200,33674.419475
200.0,200,33695.260379
200.0,200,33716.142884
160.0,160,33732.232401
200.0,200,33752.170324
109.0,109,33763.489926
106.0,106,33774.308085
200.0,200,33795.285094
200.0,200,33816.544114
200.0,200,33836.526563
200.0,200,33856.759657
200.0,200,33877.622039
200.0,200,33897.625367
200.0,200,33919.334621
200.0,200,33939.663864
200.0,200,33960.25707
111.0,111,33970.559462
200.0,200,33990.842511
200.0,200,34010.800189
113.0,113,34022.445386
200.0,200,34043.197349
200.0,200,34064.221364
200.0,200,34084.883906
200.0,200,34105.983519
200.0,200,34127.2027
180.0,180,34146.377591
200.0,200,34167.256022
200.0,200,34189.256789
192.0,192,34209.283039
200.0,200,34229.870542
162.0,162,34246.391556
200.0,200,34267.564095
200.0,200,34288.015747
145.0,145,34302.368265
200.0,200,34321.555109
200.0,200,34342.906333
200.0,200,34363.95442
200.0,200,34384.259763
200.0,200,34403.469003
200.0,200,34423.1821
200.0,200,34444.091961
200.0,200,34465.067871
200.0,200,34485.029341
200.0,200,34506.377881
200.0,200,34526.695068
200.0,200,34547.223622
200.0,200,34566.237723
200.0,200,34586.283844
200.0,200,34606.509063
200.0,200,34627.534577
200.0,200,34648.287943
200.0,200,34669.965408
200.0,200,34690.597898
200.0,200,34711.877779
200.0,200,34733.009235
200.0,200,34754.206343
200.0,200,34775.108464
200.0,200,34795.715532
200.0,200,34816.523904
200.0,200,34837.602342
200.0,200,34858.267793
200.0,200,34878.320904
200.0,200,34899.137543
200.0,200,34918.824375
200.0,200,34940.393334
200.0,200,34961.500287
200.0,200,34982.318102
200.0,200,35003.150296
200.0,200,35024.399707
200.0,200,35045.456775
200.0,200,35066.584891
200.0,200,35086.673743
200.0,200,35106.704389
200.0,200,35127.080698
194.0,194,35146.720481
87.0,87,35155.35163
200.0,200,35176.87883
200.0,200,35198.146314
195.0,195,35216.987458
200.0,200,35238.130295
200.0,200,35258.651155
184.0,184,35277.113774
200.0,200,35298.558352
200.0,200,35319.765788
200.0,200,35339.64685
200.0,200,35361.007105
200.0,200,35382.144062
197.0,197,35401.594206
200.0,200,35421.636458
186.0,186,35440.068153
200.0,200,35460.641457
195.0,195,35480.815007
200.0,200,35500.978911
200.0,200,35521.995591
200.0,200,35540.884633
200.0,200,35561.342145
200.0,200,35582.716832
192.0,192,35601.353452
200.0,200,35621.599917
200.0,200,35642.467228
200.0,200,35662.082927
200.0,200,35682.434583
189.0,189,35702.471864
200.0,200,35722.504015
200.0,200,35742.959302
200.0,200,35763.345355
200.0,200,35783.775089
200.0,200,35805.816273
200.0,200,35826.417769
200.0,200,35847.974097
197.0,197,35869.746676
200.0,200,35891.160662
200.0,200,35913.031348
200.0,200,35934.584106
200.0,200,35955.299161
200.0,200,35976.660384
200.0,200,35998.153199
200.0,200,36019.207182
200.0,200,36039.773885
200.0,200,36059.923943
200.0,200,36080.122795
200.0,200,36101.317498
200.0,200,36121.319017
200.0,200,36142.300483
200.0,200,36162.67591
200.0,200,36183.244816
200.0,200,36204.387223
200.0,200,36225.832481
200.0,200,36246.185652
200.0,200,36266.377012
200.0,200,36287.09417
200.0,200,36307.023752
200.0,200,36327.665493
200.0,200,36348.36953
200.0,200,36369.193163
200.0,200,36389.33014
200.0,200,36409.158025
200.0,200,36429.738466
200.0,200,36450.584833
200.0,200,36469.704602
200.0,200,36489.858403
200.0,200,36510.99243
200.0,200,36531.856584
188.0,188,36551.471131
169.0,169,36567.398273
196.0,196,36587.990941
200.0,200,36607.780588
185.0,185,36626.895025
200.0,200,36648.29436
197.0,197,36668.852248
200.0,200,36688.562052
200.0,200,36710.057976
200.0,200,36731.455174
200.0,200,36752.058087
200.0,200,36773.398073
200.0,200,36793.417998
200.0,200,36813.749433
200.0,200,36834.011765
200.0,200,36854.122669
200.0,200,36874.333798
200.0,200,36894.85175
200.0,200,36916.928454
200.0,200,36938.205376
200.0,200,36959.2795
200.0,200,36981.170452
200.0,200,37001.618403
200.0,200,37022.795088
200.0,200,37041.081208
200.0,200,37061.536618
200.0,200,37082.715186
200.0,200,37102.491502
200.0,200,37124.172643
200.0,200,37144.184473
200.0,200,37164.416338
200.0,200,37184.593967
200.0,200,37205.917357
200.0,200,37226.141502
200.0,200,37247.019047
200.0,200,37267.532767
200.0,200,37288.67798
200.0,200,37309.83168
200.0,200,37330.291673
200.0,200,37351.502141
200.0,200,37371.722919
200.0,200,37391.203252
200.0,200,37412.027601
200.0,200,37432.945808
200.0,200,37452.993091
200.0,200,37473.28138
191.0,191,37493.338287
200.0,200,37513.182342
200.0,200,37533.762092
200.0,200,37554.137907
200.0,200,37574.876175
200.0,200,37596.077959
200.0,200,37617.641427
200.0,200,37637.420831
200.0,200,37657.548905
200.0,200,37677.863235
200.0,200,37699.147503
200.0,200,37720.282547
200.0,200,37740.469125
200.0,200,37760.843271
200.0,200,37781.76376
200.0,200,37801.9292
200.0,200,37822.111524
200.0,200,37842.54058
200.0,200,37863.466706
200.0,200,37883.359988
200.0,200,37903.799895
200.0,200,37923.835407
200.0,200,37944.59303
200.0,200,37964.7487
200.0,200,37984.931338
200.0,200,38004.040053
182.0,182,38023.740775
188.0,188,38042.476006
174.0,174,38060.022596
200.0,200,38081.358677
200.0,200,38101.337574
200.0,200,38121.61085
200.0,200,38142.530345
200.0,200,38162.816989
184.0,184,38181.932392
170.0,170,38200.103963
200.0,200,38221.001503
200.0,200,38239.59687
200.0,200,38260.077402
200.0,200,38280.03844
200.0,200,38300.038368
200.0,200,38321.335613
200.0,200,38341.808107
200.0,200,38362.718203
200.0,200,38383.353711
200.0,200,38403.753349
200.0,200,38424.119565
200.0,200,38444.405586
200.0,200,38465.407298
200.0,200,38486.686765
200.0,200,38507.4809
200.0,200,38528.015508
200.0,200,38549.32808
195.0,195,38568.427956
200.0,200,38588.446406
200.0,200,38608.043851
200.0,200,38629.380893
200.0,200,38649.886563
200.0,200,38669.205414
200.0,200,38689.549262
200.0,200,38710.643974
200.0,200,38731.583621
200.0,200,38751.531632
200.0,200,38772.398785
200.0,200,38793.610563
200.0,200,38813.991293
200.0,200,38835.617498
200.0,200,38854.995114
200.0,200,38876.388769
200.0,200,38897.227752
200.0,200,38916.941679
200.0,200,38938.203106
200.0,200,38959.558458
200.0,200,38979.578419
200.0,200,39000.470712
200.0,200,39021.768946
188.0,188,39040.406781
200.0,200,39059.681298
193.0,193,39079.707119
200.0,200,39099.2357
200.0,200,39119.354569
200.0,200,39140.262137
200.0,200,39161.842446
200.0,200,39183.09184
200.0,200,39201.957728
200.0,200,39221.957949
200.0,200,39243.355013
200.0,200,39264.406206
200.0,200,39284.084298
200.0,200,39305.986649
200.0,200,39327.785734
200.0,200,39348.730943
200.0,200,39369.040163
200.0,200,39389.076596
200.0,200,39410.186376
200.0,200,39430.670236
200.0,200,39451.348697
200.0,200,39472.02999
200.0,200,39492.897297
192.0,192,39514.610399
183.0,183,39534.503345
177.0,177,39551.363384
200.0,200,39573.012637
189.0,189,39593.25043
200.0,200,39614.368494
200.0,200,39634.851203
123.0,123,39647.979457
200.0,200,39667.719868
200.0,200,39689.010188
200.0,200,39709.404635
200.0,200,39729.896998
200.0,200,39749.931396
200.0,200,39771.532199
200.0,200,39792.33988
200.0,200,39812.134097
200.0,200,39833.128925
199.0,199,39854.126212
200.0,200,39875.178332
200.0,200,39895.432585
200.0,200,39917.102849
189.0,189,39937.169932
200.0,200,39958.304606
200.0,200,39978.771964
200.0,200,39999.245467
200.0,200,40020.966459
200.0,200,40041.039002
200.0,200,40061.437915
200.0,200,40082.787263
200.0,200,40103.682889
198.0,198,40124.249447
200.0,200,40145.257603
171.0,171,40162.681376
200.0,200,40182.680804
200.0,200,40203.350036
200.0,200,40222.979709
200.0,200,40244.045299
200.0,200,40264.048295
200.0,200,40284.78031
200.0,200,40304.639724
200.0,200,40324.588041
200.0,200,40345.122001
200.0,200,40366.389942
138.0,138,40380.679532
200.0,200,40401.472909
200.0,200,40421.893581
200.0,200,40443.063002
200.0,200,40460.999363
200.0,200,40482.718749
200.0,200,40503.898168
200.0,200,40524.013972
200.0,200,40544.752965
200.0,200,40566.455412
200.0,200,40588.391311
200.0,200,40608.730595
200.0,200,40629.242834
200.0,200,40650.922285
200.0,200,40671.452744
200.0,200,40692.198326
200.0,200,40712.320709
200.0,200,40732.836641
200.0,200,40753.432109
200.0,200,40774.588896
200.0,200,40795.482034
200.0,200,40814.814135
200.0,200,40835.019661
200.0,200,40855.899204
200.0,200,40877.411535
200.0,200,40897.921435
200.0,200,40918.985105
200.0,200,40939.690152
200.0,200,40960.230351
200.0,200,40979.666413
200.0,200,41001.027824
200.0,200,41021.810913
200.0,200,41041.739759
200.0,200,41063.281464
200.0,200,41084.430756
