# {"t_start": 1599616712.5572262, "env_id": "CartPole-v0"} 
r,l,t
38.0,38,8.666445
35.0,35,8.703794
20.0,20,8.724844
12.0,12,8.743404
29.0,29,8.797241
33.0,33,8.860089
19.0,19,8.897385
23.0,23,8.941767
35.0,35,9.013323
39.0,39,9.09338
12.0,12,9.120411
32.0,32,9.19577
36.0,36,9.264015
27.0,27,9.317714
62.0,62,9.384818
27.0,27,9.414757
82.0,82,9.565059
17.0,17,9.613326
17.0,17,9.644304
21.0,21,9.681848
20.0,20,9.715461
16.0,16,9.734993
25.0,25,9.793925
24.0,24,9.845237
17.0,17,9.903944
16.0,16,9.936049
17.0,17,9.970505
12.0,12,9.982976
22.0,22,10.032935
15.0,15,10.058631
17.0,17,10.093658
10.0,10,10.118225
26.0,26,10.150442
13.0,13,10.178906
23.0,23,10.22295
27.0,27,10.287541
29.0,29,10.351568
26.0,26,10.383295
29.0,29,10.419559
14.0,14,11.537996
40.0,40,13.498854
18.0,18,14.354116
44.0,44,16.56453
15.0,15,17.128422
47.0,47,18.947194
51.0,51,21.349303
13.0,13,22.173327
11.0,11,22.633024
15.0,15,23.37695
24.0,24,24.577348
21.0,21,25.52386
15.0,15,26.104316
23.0,23,27.443563
11.0,11,27.987215
34.0,34,29.841086
24.0,24,30.859807
20.0,20,32.212009
15.0,15,32.998759
14.0,14,33.884967
17.0,17,34.840211
26.0,26,35.98416
13.0,13,36.582256
17.0,17,37.614867
14.0,14,38.373729
12.0,12,39.028687
18.0,18,39.99879
11.0,11,40.552435
11.0,11,41.077954
34.0,34,42.439422
22.0,22,43.707106
19.0,19,44.478632
21.0,21,45.409279
14.0,14,46.274678
27.0,27,47.651212
27.0,27,48.81625
11.0,11,49.352629
19.0,19,50.185951
22.0,22,51.515013
13.0,13,52.335362
11.0,11,52.939775
32.0,32,54.344078
16.0,16,54.989802
10.0,10,55.482797
20.0,20,56.449203
10.0,10,56.858032
11.0,11,57.299059
24.0,24,58.26964
16.0,16,59.1092
79.0,79,62.860064
38.0,38,64.860797
17.0,17,65.525157
10.0,10,66.081702
11.0,11,66.773894
16.0,16,67.766951
14.0,14,68.585761
23.0,23,69.680786
36.0,36,71.481175
15.0,15,72.128293
23.0,23,73.314719
9.0,9,73.876605
12.0,12,74.684616
25.0,25,76.03146
41.0,41,78.144998
13.0,13,78.704213
23.0,23,79.735464
12.0,12,80.318995
17.0,17,81.198106
22.0,22,82.417087
15.0,15,83.284526
13.0,13,83.800977
12.0,12,84.281318
50.0,50,86.430013
15.0,15,87.031279
64.0,64,90.727053
9.0,9,91.166514
27.0,27,92.579992
47.0,47,95.076724
14.0,14,95.729777
26.0,26,96.950626
36.0,36,99.021977
15.0,15,99.585244
28.0,28,101.220596
17.0,17,102.036618
24.0,24,103.204658
12.0,12,103.697942
29.0,29,105.135788
9.0,9,105.517784
17.0,17,106.187161
15.0,15,106.780187
23.0,23,107.970524
13.0,13,108.695998
26.0,26,110.242939
24.0,24,111.459222
29.0,29,113.292554
23.0,23,114.41593
13.0,13,115.173109
18.0,18,116.345246
13.0,13,116.970427
61.0,61,120.337484
13.0,13,120.859328
28.0,28,122.402754
21.0,21,123.466447
46.0,46,125.60949
14.0,14,126.349923
40.0,40,128.556347
13.0,13,129.3389
26.0,26,130.90216
43.0,43,133.337953
40.0,40,135.822953
38.0,38,137.960478
22.0,22,138.7821
37.0,37,140.974008
67.0,67,144.731532
13.0,13,145.323612
53.0,53,148.05744
27.0,27,149.107918
38.0,38,151.391352
13.0,13,152.309829
41.0,41,154.947964
27.0,27,156.302477
25.0,25,157.549703
10.0,10,158.146144
24.0,24,159.250061
34.0,34,160.799016
13.0,13,161.414862
35.0,35,162.882561
29.0,29,164.193834
38.0,38,166.179929
11.0,11,166.748088
12.0,12,167.45401
12.0,12,168.077614
16.0,16,168.874425
19.0,19,169.978145
30.0,30,171.408149
22.0,22,172.329347
13.0,13,172.850027
30.0,30,174.75754
19.0,19,175.884369
28.0,28,177.084742
31.0,31,178.60919
47.0,47,181.147183
17.0,17,182.106273
18.0,18,182.866343
38.0,38,184.746233
10.0,10,185.179315
24.0,24,186.602835
29.0,29,188.396343
17.0,17,189.447395
33.0,33,191.153915
17.0,17,191.97075
41.0,41,193.952394
41.0,41,196.348895
14.0,14,197.04639
12.0,12,197.534964
11.0,11,198.022888
25.0,25,199.031246
15.0,15,199.647313
37.0,37,201.492102
16.0,16,202.119529
63.0,63,205.078498
37.0,37,206.616754
64.0,64,209.451954
15.0,15,210.216952
29.0,29,211.737889
10.0,10,212.316017
65.0,65,215.651627
15.0,15,216.551139
10.0,10,217.058556
10.0,10,217.471648
19.0,19,218.244309
21.0,21,219.277343
18.0,18,220.39702
18.0,18,221.32447
17.0,17,222.076652
9.0,9,222.571834
50.0,50,225.147671
21.0,21,226.052052
16.0,16,226.786217
15.0,15,227.635567
12.0,12,228.188772
12.0,12,228.650538
17.0,17,229.325796
27.0,27,230.604137
17.0,17,231.45054
28.0,28,232.679296
16.0,16,233.681882
23.0,23,234.844547
24.0,24,236.033822
22.0,22,236.984774
45.0,45,239.217944
48.0,48,241.143373
37.0,37,242.899254
15.0,15,243.719681
13.0,13,244.407042
18.0,18,245.153777
13.0,13,245.665675
21.0,21,246.800528
60.0,60,249.548906
17.0,17,250.250592
14.0,14,251.089629
14.0,14,251.691039
85.0,85,256.489902
43.0,43,258.622623
20.0,20,259.450325
23.0,23,260.503228
31.0,31,262.342592
49.0,49,265.630683
24.0,24,266.812715
17.0,17,267.525069
22.0,22,268.730733
40.0,40,270.385528
45.0,45,272.746862
18.0,18,273.550193
17.0,17,274.20092
16.0,16,274.871438
59.0,59,277.891065
97.0,97,282.329158
19.0,19,283.537297
28.0,28,285.198128
78.0,78,288.977223
14.0,14,289.559705
54.0,54,292.229183
28.0,28,293.676544
14.0,14,294.265849
15.0,15,294.875015
53.0,53,297.504716
28.0,28,298.879019
15.0,15,299.744347
39.0,39,301.659536
16.0,16,302.360037
24.0,24,303.987536
28.0,28,305.442385
15.0,15,306.286217
15.0,15,307.172477
22.0,22,308.148652
11.0,11,308.867933
22.0,22,309.863842
11.0,11,310.286316
21.0,21,311.307235
30.0,30,313.016128
23.0,23,314.292947
10.0,10,315.011663
17.0,17,316.01643
38.0,38,317.789664
31.0,31,319.606805
22.0,22,320.917295
100.0,100,325.808723
23.0,23,326.93756
45.0,45,329.295758
33.0,33,331.167599
9.0,9,331.591866
14.0,14,332.446384
49.0,49,335.040212
18.0,18,336.132103
75.0,75,340.475475
29.0,29,342.024686
18.0,18,343.092402
14.0,14,343.767311
67.0,67,347.117875
13.0,13,347.664318
19.0,19,348.954652
15.0,15,349.732531
13.0,13,350.223836
19.0,19,351.24088
10.0,10,351.651122
10.0,10,352.14787
42.0,42,354.057484
28.0,28,355.45529
11.0,11,355.987397
26.0,26,357.45642
14.0,14,358.102814
40.0,40,360.436387
16.0,16,361.138404
13.0,13,361.899838
9.0,9,362.530893
22.0,22,363.601223
21.0,21,364.608777
40.0,40,366.726501
14.0,14,367.345713
11.0,11,367.835984
14.0,14,368.568545
10.0,10,369.18171
10.0,10,369.756771
12.0,12,370.392428
20.0,20,371.200689
10.0,10,371.703315
53.0,53,374.709611
25.0,25,375.973965
26.0,26,376.961821
12.0,12,377.419535
24.0,24,378.787803
9.0,9,379.379821
15.0,15,380.109081
13.0,13,380.604666
19.0,19,381.680774
17.0,17,382.58481
15.0,15,383.3724
16.0,16,384.207194
13.0,13,384.841687
16.0,16,385.877977
20.0,20,387.113596
11.0,11,387.569695
20.0,20,388.45143
20.0,20,389.67175
31.0,31,391.249785
35.0,35,393.153214
13.0,13,393.716274
29.0,29,395.524465
17.0,17,396.368777
21.0,21,397.418475
16.0,16,398.322015
15.0,15,399.312969
10.0,10,399.983238
20.0,20,401.255667
17.0,17,402.319262
14.0,14,402.883471
13.0,13,403.45474
18.0,18,404.366016
21.0,21,405.657122
12.0,12,406.471284
15.0,15,407.435132
15.0,15,408.187027
27.0,27,409.55594
9.0,9,409.955971
28.0,28,411.603422
130.0,130,417.920401
13.0,13,418.492316
31.0,31,420.448348
10.0,10,421.089937
13.0,13,421.761334
14.0,14,422.639751
20.0,20,423.682518
13.0,13,424.49221
11.0,11,424.921119
27.0,27,425.973114
26.0,26,427.163575
22.0,22,428.382589
26.0,26,430.078522
10.0,10,430.62707
15.0,15,431.291815
27.0,27,432.429899
25.0,25,433.557904
26.0,26,434.760807
11.0,11,435.245574
14.0,14,435.86213
21.0,21,436.841877
12.0,12,437.338053
10.0,10,437.796525
13.0,13,438.656967
16.0,16,439.680356
44.0,44,441.682278
16.0,16,442.617581
11.0,11,443.104718
9.0,9,443.457624
14.0,14,444.113146
18.0,18,444.849303
10.0,10,445.287651
16.0,16,446.1928
13.0,13,446.805657
10.0,10,447.268912
13.0,13,447.874748
18.0,18,448.713613
16.0,16,449.466769
33.0,33,450.988615
11.0,11,451.508704
19.0,19,452.410034
9.0,9,452.853617
10.0,10,453.330937
18.0,18,454.159469
18.0,18,454.941079
10.0,10,455.36328
13.0,13,455.928304
14.0,14,456.508146
40.0,40,458.230361
17.0,17,458.91645
16.0,16,459.522115
13.0,13,460.267361
16.0,16,460.945175
11.0,11,461.544075
13.0,13,462.128088
12.0,12,462.827358
13.0,13,463.367808
19.0,19,464.150291
21.0,21,465.43558
22.0,22,466.492679
27.0,27,468.069787
11.0,11,468.551139
87.0,87,472.593587
28.0,28,474.118801
18.0,18,475.25307
17.0,17,475.919123
19.0,19,476.65957
19.0,19,477.435157
21.0,21,478.331656
19.0,19,479.400753
11.0,11,479.989939
45.0,45,482.13777
18.0,18,482.812509
31.0,31,484.293754
60.0,60,487.094069
18.0,18,488.13445
31.0,31,490.112218
17.0,17,490.893997
14.0,14,491.571835
19.0,19,492.582736
17.0,17,493.756936
38.0,38,495.495434
10.0,10,496.033022
58.0,58,498.846968
98.0,98,503.16279
50.0,50,506.025344
34.0,34,508.06492
65.0,65,511.123539
36.0,36,512.925937
49.0,49,515.15455
42.0,42,517.092084
19.0,19,517.970358
39.0,39,519.820966
76.0,76,523.875588
112.0,112,529.364981
32.0,32,530.925437
70.0,70,534.564896
93.0,93,539.213737
95.0,95,544.131842
25.0,25,545.313631
58.0,58,548.341096
18.0,18,549.347761
29.0,29,550.811343
34.0,34,552.445688
54.0,54,555.305056
200.0,200,566.502846
15.0,15,567.412206
30.0,30,569.158726
116.0,116,574.5192
200.0,200,584.995193
23.0,23,586.322155
16.0,16,587.343669
61.0,61,590.109733
85.0,85,593.972977
14.0,14,594.877182
56.0,56,597.610746
96.0,96,602.448273
142.0,142,609.025855
79.0,79,613.267593
47.0,47,615.398822
15.0,15,615.955701
200.0,200,625.304447
34.0,34,626.822139
18.0,18,627.595648
179.0,179,636.470899
15.0,15,637.175469
13.0,13,637.804647
74.0,74,641.558894
23.0,23,642.617729
50.0,50,644.690882
20.0,20,645.441483
12.0,12,645.901292
61.0,61,648.776738
18.0,18,649.459988
63.0,63,652.831677
14.0,14,653.562644
103.0,103,659.068047
149.0,149,666.378998
93.0,93,671.252108
13.0,13,671.995015
20.0,20,673.414585
20.0,20,674.473418
72.0,72,677.896788
10.0,10,678.301873
114.0,114,684.22442
19.0,19,685.203483
51.0,51,687.24622
42.0,42,689.26327
185.0,185,697.576436
32.0,32,699.176466
14.0,14,699.907
24.0,24,701.082083
14.0,14,701.673088
21.0,21,702.533765
48.0,48,704.92924
50.0,50,707.777559
15.0,15,708.392069
71.0,71,712.770696
17.0,17,713.780228
13.0,13,714.598417
30.0,30,716.26482
200.0,200,726.052741
34.0,34,728.041141
129.0,129,735.107349
14.0,14,735.987613
160.0,160,743.706384
18.0,18,744.389823
70.0,70,747.551852
11.0,11,747.991708
169.0,169,757.057027
19.0,19,757.861624
24.0,24,759.034861
155.0,155,767.0269
90.0,90,771.305857
16.0,16,772.212964
200.0,200,783.02961
113.0,113,788.865835
52.0,52,792.038268
61.0,61,795.009439
9.0,9,795.361605
71.0,71,798.961452
125.0,125,804.624539
26.0,26,805.809119
133.0,133,812.837358
60.0,60,815.666296
139.0,139,822.492576
85.0,85,826.852755
31.0,31,828.211137
47.0,47,830.667822
137.0,137,837.58901
58.0,58,840.480203
53.0,53,843.065983
40.0,40,845.001589
50.0,50,847.220157
151.0,151,856.044655
21.0,21,857.212879
47.0,47,859.648034
104.0,104,864.864995
125.0,125,871.351171
200.0,200,881.911045
28.0,28,883.040641
31.0,31,884.557663
16.0,16,885.412765
106.0,106,890.305101
83.0,83,894.304226
200.0,200,903.560083
39.0,39,905.139976
197.0,197,914.927397
32.0,32,916.583519
29.0,29,917.901569
43.0,43,919.628005
49.0,49,922.135695
99.0,99,926.961707
121.0,121,933.008701
31.0,31,934.906422
109.0,109,940.454864
44.0,44,942.421862
76.0,76,946.443368
152.0,152,954.603861
13.0,13,955.402718
51.0,51,958.214415
200.0,200,967.546504
42.0,42,969.583132
16.0,16,970.23089
15.0,15,970.82761
70.0,70,974.64743
110.0,110,979.970658
48.0,48,982.60438
188.0,188,991.242249
119.0,119,997.139419
11.0,11,997.760835
23.0,23,998.999667
34.0,34,1000.450132
21.0,21,1001.258017
14.0,14,1001.957945
19.0,19,1002.690264
17.0,17,1003.59887
23.0,23,1004.914275
20.0,20,1006.092474
22.0,22,1007.197653
15.0,15,1007.992967
21.0,21,1009.122149
13.0,13,1009.985337
45.0,45,1012.589092
33.0,33,1014.482332
35.0,35,1016.191012
20.0,20,1017.124191
20.0,20,1018.419306
12.0,12,1018.999546
17.0,17,1019.681651
24.0,24,1020.760238
87.0,87,1024.859335
13.0,13,1025.38918
106.0,106,1031.441677
100.0,100,1036.63279
116.0,116,1042.971196
53.0,53,1045.370416
34.0,34,1047.046616
13.0,13,1047.606036
14.0,14,1048.27452
19.0,19,1049.400975
12.0,12,1050.002802
105.0,105,1055.335919
14.0,14,1056.212616
12.0,12,1056.860233
60.0,60,1059.617683
50.0,50,1062.14758
49.0,49,1064.713867
120.0,120,1070.934173
16.0,16,1071.945182
50.0,50,1074.069915
15.0,15,1074.694632
114.0,114,1079.905722
61.0,61,1083.076074
39.0,39,1084.861534
51.0,51,1087.156741
43.0,43,1089.327253
40.0,40,1091.399108
16.0,16,1092.349634
48.0,48,1095.02968
44.0,44,1097.156691
12.0,12,1097.941465
39.0,39,1100.035546
54.0,54,1102.374266
39.0,39,1104.167098
52.0,52,1106.310269
61.0,61,1109.420251
58.0,58,1112.287141
39.0,39,1114.011005
40.0,40,1115.510855
190.0,190,1125.234497
36.0,36,1126.779455
55.0,55,1129.712717
52.0,52,1132.194649
65.0,65,1135.656144
16.0,16,1136.461053
18.0,18,1137.440006
49.0,49,1140.131596
60.0,60,1142.974668
181.0,181,1151.199831
200.0,200,1160.560343
10.0,10,1161.098259
24.0,24,1162.121994
29.0,29,1163.645218
36.0,36,1165.365318
31.0,31,1166.636808
49.0,49,1168.656672
45.0,45,1171.026522
200.0,200,1181.136386
61.0,61,1184.025155
200.0,200,1193.566368
187.0,187,1202.556958
37.0,37,1204.670015
28.0,28,1206.460152
155.0,155,1214.766908
39.0,39,1216.660755
176.0,176,1225.265197
176.0,176,1234.513639
52.0,52,1237.022193
48.0,48,1239.476868
84.0,84,1243.802192
172.0,172,1252.089879
155.0,155,1259.787153
199.0,199,1269.558639
200.0,200,1279.723693
197.0,197,1289.006575
200.0,200,1299.301883
118.0,118,1305.751359
200.0,200,1316.234624
170.0,170,1323.397271
141.0,141,1330.907012
27.0,27,1332.049114
11.0,11,1332.503531
15.0,15,1333.381383
15.0,15,1333.992878
14.0,14,1334.527597
56.0,56,1337.658558
51.0,51,1340.199951
128.0,128,1346.246082
74.0,74,1349.772404
70.0,70,1353.355309
150.0,150,1361.096047
82.0,82,1365.164893
200.0,200,1375.109739
73.0,73,1379.082026
73.0,73,1382.247969
200.0,200,1391.955111
200.0,200,1402.61991
200.0,200,1414.119589
190.0,190,1425.224006
200.0,200,1435.200922
200.0,200,1445.464306
68.0,68,1448.751753
140.0,140,1456.199753
123.0,123,1461.619977
104.0,104,1466.709667
58.0,58,1469.332648
26.0,26,1470.765556
90.0,90,1474.802131
14.0,14,1475.361493
12.0,12,1475.853585
11.0,11,1476.49871
13.0,13,1477.194203
12.0,12,1477.687066
13.0,13,1478.366081
14.0,14,1479.075469
14.0,14,1479.708499
12.0,12,1480.436099
13.0,13,1481.110852
15.0,15,1481.847343
12.0,12,1482.534409
14.0,14,1483.247721
12.0,12,1483.862428
12.0,12,1484.3402
13.0,13,1484.857393
13.0,13,1485.563684
11.0,11,1486.207142
15.0,15,1486.853776
11.0,11,1487.48102
13.0,13,1488.160137
13.0,13,1488.675436
12.0,12,1489.138571
14.0,14,1490.088763
14.0,14,1490.915689
14.0,14,1491.608715
11.0,11,1492.378405
12.0,12,1493.219188
14.0,14,1494.064556
10.0,10,1494.706944
12.0,12,1495.4504
12.0,12,1496.108832
13.0,13,1496.866964
12.0,12,1497.399877
15.0,15,1498.168489
14.0,14,1499.098206
15.0,15,1499.934043
11.0,11,1500.362307
14.0,14,1501.136205
14.0,14,1501.786385
14.0,14,1502.650868
14.0,14,1503.429731
13.0,13,1504.089104
13.0,13,1504.940978
12.0,12,1505.64194
12.0,12,1506.406417
12.0,12,1506.91896
14.0,14,1507.588448
12.0,12,1508.124031
16.0,16,1509.010414
15.0,15,1509.774183
12.0,12,1510.391695
14.0,14,1511.321041
12.0,12,1511.953709
14.0,14,1512.614146
13.0,13,1513.461847
11.0,11,1514.20354
14.0,14,1515.207006
14.0,14,1516.018749
14.0,14,1516.574836
12.0,12,1517.304306
10.0,10,1518.021358
12.0,12,1518.649337
13.0,13,1519.310478
14.0,14,1519.848373
14.0,14,1520.394934
12.0,12,1521.146903
14.0,14,1521.839545
15.0,15,1522.561419
10.0,10,1522.998306
156.0,156,1530.637799
87.0,87,1534.483854
84.0,84,1538.337422
93.0,93,1543.152584
112.0,112,1549.611371
106.0,106,1555.3506
107.0,107,1561.205451
98.0,98,1566.148138
101.0,101,1570.82128
99.0,99,1575.833139
112.0,112,1581.436317
109.0,109,1587.236489
111.0,111,1592.680442
115.0,115,1597.746107
112.0,112,1603.197368
107.0,107,1608.518526
110.0,110,1614.504184
106.0,106,1619.116195
109.0,109,1624.42817
96.0,96,1629.015562
136.0,136,1635.94619
76.0,76,1639.542469
118.0,118,1645.438652
77.0,77,1649.936384
69.0,69,1653.365933
19.0,19,1654.591651
68.0,68,1657.514081
16.0,16,1658.406741
13.0,13,1659.030248
14.0,14,1659.875724
11.0,11,1660.49943
19.0,19,1661.499078
37.0,37,1663.43101
13.0,13,1664.256966
51.0,51,1666.671056
16.0,16,1667.316224
11.0,11,1667.763523
13.0,13,1668.474834
13.0,13,1669.250756
13.0,13,1669.809953
14.0,14,1670.378178
14.0,14,1671.0041
11.0,11,1671.564874
12.0,12,1672.070447
12.0,12,1672.522181
13.0,13,1673.016614
10.0,10,1673.399029
10.0,10,1673.902845
15.0,15,1674.760104
12.0,12,1675.263824
11.0,11,1675.782965
15.0,15,1676.354859
19.0,19,1677.306108
15.0,15,1678.249505
51.0,51,1680.445335
52.0,52,1683.450181
46.0,46,1685.469475
16.0,16,1686.137387
21.0,21,1687.123653
16.0,16,1687.968247
80.0,80,1691.741269
10.0,10,1692.355593
14.0,14,1693.097714
55.0,55,1695.702252
89.0,89,1700.015249
78.0,78,1703.952332
64.0,64,1706.757131
15.0,15,1707.521745
87.0,87,1712.740676
84.0,84,1716.485427
12.0,12,1717.055969
60.0,60,1719.992646
86.0,86,1724.527168
96.0,96,1729.403097
50.0,50,1731.764001
69.0,69,1734.972731
80.0,80,1738.622162
69.0,69,1742.803226
62.0,62,1745.519986
13.0,13,1746.151901
85.0,85,1750.470411
64.0,64,1753.894629
10.0,10,1754.29634
70.0,70,1757.660901
61.0,61,1760.464467
51.0,51,1762.771059
72.0,72,1766.311771
14.0,14,1766.919533
67.0,67,1771.041398
55.0,55,1773.482146
51.0,51,1775.632601
9.0,9,1776.313131
57.0,57,1779.524857
55.0,55,1782.356005
53.0,53,1784.873579
61.0,61,1788.536276
55.0,55,1791.333314
50.0,50,1793.524731
66.0,66,1796.709832
51.0,51,1799.447888
55.0,55,1802.340189
55.0,55,1805.436334
53.0,53,1808.178555
12.0,12,1808.789575
54.0,54,1811.458118
57.0,57,1813.794005
55.0,55,1816.583597
10.0,10,1816.976749
54.0,54,1820.021511
49.0,49,1822.467223
13.0,13,1823.141472
55.0,55,1825.563945
11.0,11,1826.184895
55.0,55,1829.016905
52.0,52,1831.724341
52.0,52,1834.385159
67.0,67,1837.948956
62.0,62,1841.114839
59.0,59,1843.895216
50.0,50,1846.580226
57.0,57,1849.991789
61.0,61,1853.177045
50.0,50,1855.587193
56.0,56,1858.37984
10.0,10,1859.052644
60.0,60,1862.381163
60.0,60,1865.473093
64.0,64,1868.737526
61.0,61,1871.793867
68.0,68,1874.958645
58.0,58,1877.705636
10.0,10,1878.237257
52.0,52,1880.527348
57.0,57,1882.959046
64.0,64,1886.40787
51.0,51,1889.118384
71.0,71,1892.767703
60.0,60,1895.582353
64.0,64,1899.206486
68.0,68,1902.645613
74.0,74,1906.706134
74.0,74,1910.434211
68.0,68,1913.916739
83.0,83,1917.761248
81.0,81,1922.264132
9.0,9,1922.862297
11.0,11,1923.552593
9.0,9,1923.904038
10.0,10,1924.332066
9.0,9,1924.723045
10.0,10,1925.279377
11.0,11,1925.831764
9.0,9,1926.248238
79.0,79,1930.631513
10.0,10,1931.255875
10.0,10,1931.854137
10.0,10,1932.55298
10.0,10,1933.129384
12.0,12,1933.858225
11.0,11,1934.453382
9.0,9,1935.044411
11.0,11,1935.743685
8.0,8,1936.100788
8.0,8,1936.631165
10.0,10,1937.32304
9.0,9,1937.877066
10.0,10,1938.342926
9.0,9,1939.01661
11.0,11,1939.665416
10.0,10,1940.215669
9.0,9,1940.742037
11.0,11,1941.254674
9.0,9,1941.751551
10.0,10,1942.247032
10.0,10,1942.934544
11.0,11,1943.55128
10.0,10,1943.988073
9.0,9,1944.398366
8.0,8,1944.76592
8.0,8,1945.094912
9.0,9,1945.622353
9.0,9,1946.066138
10.0,10,1946.469355
10.0,10,1946.966389
10.0,10,1947.348938
9.0,9,1947.73975
10.0,10,1948.348945
10.0,10,1948.966617
12.0,12,1949.757656
9.0,9,1950.368686
9.0,9,1950.909663
12.0,12,1951.536884
12.0,12,1952.078556
78.0,78,1956.195369
9.0,9,1956.658951
9.0,9,1957.018543
10.0,10,1957.640847
11.0,11,1958.260179
12.0,12,1958.77223
68.0,68,1962.215337
68.0,68,1965.12656
9.0,9,1965.560735
9.0,9,1966.029977
97.0,97,1970.75828
147.0,147,1978.122964
200.0,200,1988.099281
116.0,116,1994.848832
200.0,200,2005.178854
188.0,188,2015.066459
90.0,90,2018.665293
200.0,200,2029.696504
96.0,96,2034.776006
132.0,132,2040.9332
118.0,118,2047.457956
200.0,200,2057.884099
200.0,200,2067.738773
200.0,200,2078.352332
200.0,200,2088.828486
200.0,200,2098.986133
200.0,200,2108.985398
200.0,200,2118.894319
200.0,200,2128.66609
136.0,136,2135.853314
200.0,200,2145.84104
139.0,139,2153.137568
163.0,163,2161.255463
168.0,168,2169.417108
195.0,195,2178.893934
175.0,175,2187.931647
160.0,160,2196.160932
155.0,155,2204.455854
140.0,140,2211.962688
140.0,140,2219.284334
118.0,118,2225.604855
116.0,116,2231.440351
200.0,200,2241.050275
200.0,200,2252.467789
200.0,200,2261.343719
147.0,147,2269.440332
138.0,138,2276.287521
172.0,172,2284.203781
129.0,129,2290.441588
136.0,136,2297.96482
129.0,129,2304.432255
75.0,75,2307.697812
104.0,104,2312.541131
121.0,121,2318.73186
167.0,167,2327.794028
187.0,187,2335.921998
188.0,188,2345.814993
172.0,172,2353.817328
200.0,200,2363.033329
140.0,140,2369.38938
200.0,200,2378.678735
140.0,140,2385.689465
191.0,191,2395.257452
133.0,133,2401.148351
181.0,181,2410.669416
175.0,175,2419.132986
158.0,158,2427.61473
200.0,200,2436.699396
193.0,193,2446.238098
71.0,71,2449.413064
77.0,77,2453.723278
44.0,44,2456.12437
200.0,200,2466.520231
178.0,178,2474.989968
70.0,70,2478.286179
104.0,104,2483.840969
91.0,91,2488.300889
179.0,179,2497.070568
175.0,175,2505.686203
200.0,200,2515.693544
14.0,14,2516.284546
15.0,15,2517.147227
17.0,17,2517.903426
15.0,15,2518.513776
18.0,18,2519.278513
17.0,17,2519.889402
20.0,20,2520.873287
20.0,20,2521.609389
14.0,14,2522.20864
13.0,13,2522.965
17.0,17,2523.920311
12.0,12,2524.433497
13.0,13,2525.044212
13.0,13,2525.673608
14.0,14,2526.554734
13.0,13,2527.427377
14.0,14,2528.02684
13.0,13,2528.57699
12.0,12,2529.109143
13.0,13,2529.855233
11.0,11,2530.498257
14.0,14,2531.182501
13.0,13,2531.691246
13.0,13,2532.224168
13.0,13,2532.926275
11.0,11,2533.356957
13.0,13,2534.100022
11.0,11,2534.690916
12.0,12,2535.480617
9.0,9,2535.853073
11.0,11,2536.355345
11.0,11,2536.939247
10.0,10,2537.499652
10.0,10,2537.973368
12.0,12,2538.564089
14.0,14,2539.191375
13.0,13,2539.828265
10.0,10,2540.279569
10.0,10,2540.833273
12.0,12,2541.454365
10.0,10,2541.866619
12.0,12,2542.470509
13.0,13,2543.2541
11.0,11,2543.92587
12.0,12,2544.463235
13.0,13,2545.020557
11.0,11,2545.549169
10.0,10,2546.099369
9.0,9,2546.60808
11.0,11,2547.053967
11.0,11,2547.503607
11.0,11,2548.073566
11.0,11,2548.806879
11.0,11,2549.466603
11.0,11,2549.915509
13.0,13,2550.594743
13.0,13,2551.208234
10.0,10,2551.854251
10.0,10,2552.537438
13.0,13,2553.415012
13.0,13,2554.118466
11.0,11,2554.589688
24.0,24,2555.589428
14.0,14,2556.321074
11.0,11,2556.877505
9.0,9,2557.328199
11.0,11,2557.915464
10.0,10,2558.331771
11.0,11,2558.770264
13.0,13,2559.461792
13.0,13,2560.178776
12.0,12,2560.719155
12.0,12,2561.243682
13.0,13,2561.85721
11.0,11,2562.437418
11.0,11,2562.968571
14.0,14,2563.704173
11.0,11,2564.358659
10.0,10,2564.719811
11.0,11,2565.117216
14.0,14,2565.635617
13.0,13,2566.274921
11.0,11,2566.992751
14.0,14,2567.743994
13.0,13,2568.331632
13.0,13,2568.864126
13.0,13,2569.526918
12.0,12,2570.078679
11.0,11,2570.547275
11.0,11,2570.985578
11.0,11,2571.447414
11.0,11,2572.008626
11.0,11,2572.650349
13.0,13,2573.28448
14.0,14,2573.953508
16.0,16,2574.616161
12.0,12,2575.100282
10.0,10,2575.487536
15.0,15,2576.202287
11.0,11,2576.80397
11.0,11,2577.223089
13.0,13,2577.740416
17.0,17,2578.476177
11.0,11,2579.041993
12.0,12,2579.597083
12.0,12,2580.242925
13.0,13,2580.754073
14.0,14,2581.321429
10.0,10,2581.753165
11.0,11,2582.196795
11.0,11,2582.605599
15.0,15,2583.167712
51.0,51,2585.74089
19.0,19,2586.683202
20.0,20,2587.710197
19.0,19,2588.613256
83.0,83,2593.085423
11.0,11,2593.651255
15.0,15,2594.452085
21.0,21,2595.708458
29.0,29,2597.223162
98.0,98,2603.032923
31.0,31,2604.405086
36.0,36,2606.037711
41.0,41,2607.669688
28.0,28,2609.401456
11.0,11,2609.970507
41.0,41,2611.799293
23.0,23,2613.263438
91.0,91,2618.141681
45.0,45,2620.344636
39.0,39,2621.925132
78.0,78,2625.858962
60.0,60,2628.448081
21.0,21,2629.232542
31.0,31,2630.525859
30.0,30,2632.277898
49.0,49,2634.476664
35.0,35,2636.277545
50.0,50,2638.668798
41.0,41,2640.520624
51.0,51,2642.887989
48.0,48,2645.69409
37.0,37,2647.570676
35.0,35,2649.639349
23.0,23,2650.524451
11.0,11,2651.2119
13.0,13,2652.09788
12.0,12,2652.628478
11.0,11,2653.164993
13.0,13,2653.921099
11.0,11,2654.598759
11.0,11,2655.128551
10.0,10,2655.523429
10.0,10,2656.112958
11.0,11,2656.627535
12.0,12,2657.168537
12.0,12,2657.652867
12.0,12,2658.425195
11.0,11,2658.999104
10.0,10,2659.491894
15.0,15,2660.079067
13.0,13,2660.585864
11.0,11,2661.022796
12.0,12,2661.493471
10.0,10,2662.048896
13.0,13,2662.604292
11.0,11,2663.175946
11.0,11,2663.582891
13.0,13,2664.05822
12.0,12,2664.497569
41.0,41,2666.460566
26.0,26,2667.567029
11.0,11,2668.137213
13.0,13,2668.908592
11.0,11,2669.465391
13.0,13,2669.988794
10.0,10,2670.452482
13.0,13,2670.938334
11.0,11,2671.464876
13.0,13,2672.170984
13.0,13,2672.768962
11.0,11,2673.413358
10.0,10,2673.878147
13.0,13,2674.46831
11.0,11,2674.940417
28.0,28,2676.146706
9.0,9,2676.658994
13.0,13,2677.177828
13.0,13,2677.674026
13.0,13,2678.1719
11.0,11,2678.730279
11.0,11,2679.281952
11.0,11,2679.712925
11.0,11,2680.146033
13.0,13,2680.81232
36.0,36,2682.69954
12.0,12,2683.341398
17.0,17,2684.123075
10.0,10,2684.638026
12.0,12,2685.251115
13.0,13,2686.042133
13.0,13,2686.660543
13.0,13,2687.206117
15.0,15,2687.954308
17.0,17,2688.624294
15.0,15,2689.3887
13.0,13,2690.037172
14.0,14,2690.562307
41.0,41,2692.940703
34.0,34,2694.820834
16.0,16,2695.544454
23.0,23,2696.432517
13.0,13,2697.021701
34.0,34,2698.50802
53.0,53,2700.855937
160.0,160,2708.106991
119.0,119,2714.164375
95.0,95,2718.40511
120.0,120,2724.333412
148.0,148,2731.643834
23.0,23,2733.05612
33.0,33,2734.704175
55.0,55,2737.395223
49.0,49,2739.748696
136.0,136,2746.316532
38.0,38,2748.059857
18.0,18,2748.965205
33.0,33,2750.717521
18.0,18,2751.568719
132.0,132,2757.649086
16.0,16,2758.310265
55.0,55,2761.082721
32.0,32,2762.640275
15.0,15,2763.488047
140.0,140,2769.850201
76.0,76,2773.264895
58.0,58,2775.846594
37.0,37,2777.787851
40.0,40,2779.826855
34.0,34,2781.71978
76.0,76,2785.434868
33.0,33,2786.862926
44.0,44,2788.892332
85.0,85,2793.430283
168.0,168,2801.171408
80.0,80,2804.910902
44.0,44,2807.724066
89.0,89,2812.086629
70.0,70,2815.835975
91.0,91,2820.027092
39.0,39,2822.055099
200.0,200,2832.101675
41.0,41,2833.729045
150.0,150,2841.255208
200.0,200,2851.4698
200.0,200,2860.490227
200.0,200,2870.306469
200.0,200,2880.059885
200.0,200,2889.53195
78.0,78,2893.227616
38.0,38,2895.117117
20.0,20,2895.899544
16.0,16,2896.897473
33.0,33,2898.610195
120.0,120,2904.965169
70.0,70,2908.411305
12.0,12,2908.987175
88.0,88,2913.646249
61.0,61,2916.527873
10.0,10,2916.98472
10.0,10,2917.404439
12.0,12,2918.081452
11.0,11,2918.642653
9.0,9,2919.169183
10.0,10,2919.628603
10.0,10,2920.085757
11.0,11,2920.682755
10.0,10,2921.178543
9.0,9,2921.681722
10.0,10,2922.236997
12.0,12,2922.887675
14.0,14,2923.624138
12.0,12,2924.169043
10.0,10,2924.713843
11.0,11,2925.197414
11.0,11,2925.642986
10.0,10,2926.219714
12.0,12,2926.723314
10.0,10,2927.339586
10.0,10,2927.820902
10.0,10,2928.427427
11.0,11,2929.114413
12.0,12,2929.725077
12.0,12,2930.354474
11.0,11,2930.965976
11.0,11,2931.676927
11.0,11,2932.324136
10.0,10,2932.764155
12.0,12,2933.25408
12.0,12,2933.727294
11.0,11,2934.146388
10.0,10,2934.512092
10.0,10,2935.074583
11.0,11,2935.834884
12.0,12,2936.335708
11.0,11,2936.960628
10.0,10,2937.54568
44.0,44,2939.339685
11.0,11,2939.977529
25.0,25,2941.411094
12.0,12,2942.044355
10.0,10,2942.584354
13.0,13,2943.167171
11.0,11,2943.697068
9.0,9,2944.116377
10.0,10,2944.842175
18.0,18,2945.805644
12.0,12,2946.593396
16.0,16,2947.587609
12.0,12,2948.354612
33.0,33,2949.709347
10.0,10,2950.24638
79.0,79,2954.175061
75.0,75,2957.146983
17.0,17,2958.205748
9.0,9,2958.71629
29.0,29,2959.970769
30.0,30,2961.800895
20.0,20,2962.900944
57.0,57,2965.710543
21.0,21,2966.766919
17.0,17,2967.7675
200.0,200,2977.999524
10.0,10,2978.396765
200.0,200,2987.407877
200.0,200,2995.699078
200.0,200,3005.360834
27.0,27,3006.50334
13.0,13,3007.016052
13.0,13,3007.517978
200.0,200,3017.401672
200.0,200,3028.285847
192.0,192,3037.579423
10.0,10,3038.060887
11.0,11,3038.658154
144.0,144,3046.530113
115.0,115,3052.710471
136.0,136,3059.085344
11.0,11,3059.617763
119.0,119,3065.865441
117.0,117,3070.871482
112.0,112,3076.62517
111.0,111,3081.78202
117.0,117,3087.710689
111.0,111,3093.675572
131.0,131,3100.056859
108.0,108,3105.317336
108.0,108,3110.038374
104.0,104,3115.354265
101.0,101,3120.764657
100.0,100,3125.068995
99.0,99,3130.110923
40.0,40,3132.170465
108.0,108,3137.361621
46.0,46,3139.464824
49.0,49,3141.641386
38.0,38,3143.576165
100.0,100,3148.123144
100.0,100,3152.823479
37.0,37,3154.661454
102.0,102,3160.208228
97.0,97,3164.728516
107.0,107,3169.805271
33.0,33,3171.367094
48.0,48,3173.674519
109.0,109,3178.977709
108.0,108,3184.465823
100.0,100,3189.759014
111.0,111,3195.681897
107.0,107,3201.450918
105.0,105,3206.72512
51.0,51,3209.256246
102.0,102,3214.551249
126.0,126,3220.733085
129.0,129,3226.889601
154.0,154,3235.000811
128.0,128,3241.044363
200.0,200,3250.807152
200.0,200,3261.496721
195.0,195,3271.184366
200.0,200,3280.943977
200.0,200,3290.971865
200.0,200,3300.821186
58.0,58,3303.835981
200.0,200,3312.97703
195.0,195,3322.595204
134.0,134,3328.989115
184.0,184,3338.778556
200.0,200,3349.008531
155.0,155,3356.013433
184.0,184,3364.977048
77.0,77,3368.932127
119.0,119,3374.160593
64.0,64,3377.085918
139.0,139,3383.422728
126.0,126,3388.573924
97.0,97,3393.13395
200.0,200,3403.703435
92.0,92,3408.455746
200.0,200,3418.327001
171.0,171,3427.679373
39.0,39,3429.428799
82.0,82,3433.327381
144.0,144,3440.765924
173.0,173,3449.642081
66.0,66,3452.766188
145.0,145,3460.570093
10.0,10,3461.033453
85.0,85,3465.558992
93.0,93,3470.213743
145.0,145,3476.737237
197.0,197,3486.448889
29.0,29,3487.789499
40.0,40,3490.017941
23.0,23,3491.240225
26.0,26,3492.323829
24.0,24,3493.324826
28.0,28,3494.48581
40.0,40,3496.390501
133.0,133,3502.302628
38.0,38,3504.150494
36.0,36,3506.342659
36.0,36,3508.280513
23.0,23,3509.375915
127.0,127,3515.561745
26.0,26,3517.114293
143.0,143,3523.804502
9.0,9,3524.262177
159.0,159,3531.800434
34.0,34,3533.155454
34.0,34,3534.604383
22.0,22,3535.878837
155.0,155,3543.587653
141.0,141,3550.211937
30.0,30,3551.391914
154.0,154,3558.704551
20.0,20,3559.873255
31.0,31,3561.021797
131.0,131,3566.572649
20.0,20,3567.310551
30.0,30,3568.685246
25.0,25,3569.832747
12.0,12,3570.432499
23.0,23,3571.613319
11.0,11,3572.064081
14.0,14,3572.611207
21.0,21,3573.384697
31.0,31,3574.652866
11.0,11,3575.173586
11.0,11,3575.833223
17.0,17,3576.711658
13.0,13,3577.216865
28.0,28,3578.957175
12.0,12,3579.556807
16.0,16,3580.230111
10.0,10,3580.619953
116.0,116,3586.450227
23.0,23,3587.543072
110.0,110,3592.834898
19.0,19,3593.968709
26.0,26,3595.331368
22.0,22,3596.448993
40.0,40,3598.518396
108.0,108,3603.90574
200.0,200,3614.526109
200.0,200,3625.269315
200.0,200,3635.583863
200.0,200,3645.665309
187.0,187,3655.155967
135.0,135,3662.101183
200.0,200,3671.127568
200.0,200,3680.20647
134.0,134,3686.706468
69.0,69,3690.213657
130.0,130,3697.298479
130.0,130,3703.129762
39.0,39,3705.234397
141.0,141,3712.522845
59.0,59,3715.530983
135.0,135,3721.986671
119.0,119,3727.420298
135.0,135,3733.762467
59.0,59,3736.836369
56.0,56,3739.10282
55.0,55,3741.67
57.0,57,3744.590369
61.0,61,3747.894673
10.0,10,3748.432009
59.0,59,3750.995557
53.0,53,3753.988321
63.0,63,3757.177447
70.0,70,3760.507261
61.0,61,3763.053867
66.0,66,3766.442808
61.0,61,3769.521159
69.0,69,3772.966714
61.0,61,3775.53743
61.0,61,3778.877692
63.0,63,3781.552546
64.0,64,3784.277944
74.0,74,3788.344324
57.0,57,3790.972554
69.0,69,3794.385934
62.0,62,3798.104694
66.0,66,3801.158184
55.0,55,3803.846118
72.0,72,3807.002375
64.0,64,3810.701046
63.0,63,3813.565243
65.0,65,3817.004502
76.0,76,3820.420448
65.0,65,3824.370604
101.0,101,3829.026855
87.0,87,3832.565785
53.0,53,3835.211327
72.0,72,3838.746091
63.0,63,3841.748494
50.0,50,3843.6782
56.0,56,3846.128687
66.0,66,3849.540015
67.0,67,3853.262067
57.0,57,3856.134682
9.0,9,3856.492637
10.0,10,3856.918939
10.0,10,3857.449279
9.0,9,3858.061414
16.0,16,3859.031271
11.0,11,3859.661542
10.0,10,3860.268646
16.0,16,3860.862442
9.0,9,3861.45307
9.0,9,3861.903915
12.0,12,3862.356064
9.0,9,3862.732457
16.0,16,3863.327352
67.0,67,3866.520372
68.0,68,3870.224468
10.0,10,3870.72113
9.0,9,3871.078304
9.0,9,3871.527517
82.0,82,3875.429002
9.0,9,3875.760753
10.0,10,3876.212408
11.0,11,3876.707303
9.0,9,3877.052236
10.0,10,3877.56572
11.0,11,3878.147965
9.0,9,3878.709364
9.0,9,3879.239929
9.0,9,3879.579381
9.0,9,3879.915134
9.0,9,3880.23884
11.0,11,3880.827783
10.0,10,3881.282587
76.0,76,3885.202804
85.0,85,3889.065647
12.0,12,3889.612825
52.0,52,3892.240943
16.0,16,3893.043752
86.0,86,3897.664009
115.0,115,3903.192282
76.0,76,3907.175118
38.0,38,3908.609379
9.0,9,3908.954559
89.0,89,3913.233428
42.0,42,3915.444967
12.0,12,3915.898625
48.0,48,3918.294985
98.0,98,3923.22971
113.0,113,3928.714852
94.0,94,3932.630768
175.0,175,3941.078757
79.0,79,3944.869337
55.0,55,3948.037198
24.0,24,3949.557426
28.0,28,3951.147681
94.0,94,3955.894908
32.0,32,3957.770032
121.0,121,3963.053618
49.0,49,3965.38176
150.0,150,3973.372195
38.0,38,3975.16694
83.0,83,3979.56665
120.0,120,3985.358971
25.0,25,3986.397089
20.0,20,3987.23507
12.0,12,3987.964793
12.0,12,3988.407812
112.0,112,3994.467773
13.0,13,3994.994194
127.0,127,4001.206753
11.0,11,4001.711179
18.0,18,4002.718642
12.0,12,4003.434466
10.0,10,4004.040625
92.0,92,4008.937466
13.0,13,4009.477409
13.0,13,4010.042229
104.0,104,4015.926676
67.0,67,4018.796551
28.0,28,4020.058313
10.0,10,4020.731572
10.0,10,4021.346546
13.0,13,4021.865933
121.0,121,4028.167521
20.0,20,4029.060531
20.0,20,4029.945972
11.0,11,4030.450034
10.0,10,4030.942086
9.0,9,4031.41079
9.0,9,4031.984371
13.0,13,4032.791904
10.0,10,4033.279912
100.0,100,4038.309646
10.0,10,4038.883425
38.0,38,4040.521599
10.0,10,4040.995077
97.0,97,4045.422996
12.0,12,4045.93172
29.0,29,4047.318074
11.0,11,4047.754045
14.0,14,4048.379655
10.0,10,4048.988656
11.0,11,4049.591678
96.0,96,4054.415686
79.0,79,4057.953334
13.0,13,4058.454605
17.0,17,4059.121491
13.0,13,4059.865684
96.0,96,4064.402459
20.0,20,4065.4039
12.0,12,4066.331046
38.0,38,4067.98727
21.0,21,4068.998369
13.0,13,4069.704297
12.0,12,4070.175024
12.0,12,4070.653435
20.0,20,4071.459696
13.0,13,4071.974474
14.0,14,4072.716368
11.0,11,4073.419941
14.0,14,4073.98325
20.0,20,4074.777589
30.0,30,4076.49909
16.0,16,4077.454152
13.0,13,4077.968834
17.0,17,4078.741841
16.0,16,4079.391426
26.0,26,4080.669067
17.0,17,4081.359786
14.0,14,4081.923296
13.0,13,4082.418218
93.0,93,4086.742666
92.0,92,4091.382128
77.0,77,4095.425576
73.0,73,4098.781669
97.0,97,4103.481695
22.0,22,4104.791981
50.0,50,4107.595408
56.0,56,4110.572511
21.0,21,4111.347026
20.0,20,4112.211981
22.0,22,4113.337852
20.0,20,4114.534177
17.0,17,4115.574265
38.0,38,4117.703651
31.0,31,4119.391568
42.0,42,4121.216653
23.0,23,4122.071007
25.0,25,4123.00512
25.0,25,4124.297227
21.0,21,4125.420572
13.0,13,4125.919966
89.0,89,4130.72887
29.0,29,4131.905385
41.0,41,4133.713626
26.0,26,4135.021933
25.0,25,4135.982389
29.0,29,4137.473415
23.0,23,4138.886282
23.0,23,4139.889388
93.0,93,4144.076398
55.0,55,4146.618535
23.0,23,4147.846757
74.0,74,4151.878103
57.0,57,4155.01406
69.0,69,4158.724408
67.0,67,4161.859058
63.0,63,4165.20861
58.0,58,4168.485837
60.0,60,4171.211317
62.0,62,4173.826091
59.0,59,4176.458911
71.0,71,4179.33868
66.0,66,4183.025851
58.0,58,4186.095551
67.0,67,4189.795707
65.0,65,4193.299786
58.0,58,4196.19916
64.0,64,4198.956191
56.0,56,4201.780597
55.0,55,4204.560214
70.0,70,4207.431633
67.0,67,4211.265632
74.0,74,4215.397115
57.0,57,4218.42596
57.0,57,4221.509684
62.0,62,4224.672477
53.0,53,4227.779693
61.0,61,4230.923176
56.0,56,4233.728558
64.0,64,4237.410689
64.0,64,4240.296944
57.0,57,4242.74648
79.0,79,4246.296216
57.0,57,4249.458002
66.0,66,4253.124119
60.0,60,4255.750453
55.0,55,4258.407726
61.0,61,4261.295506
56.0,56,4264.368348
59.0,59,4267.044876
56.0,56,4269.653882
57.0,57,4272.573645
69.0,69,4276.001675
56.0,56,4278.365339
54.0,54,4281.389194
68.0,68,4284.865912
51.0,51,4287.229571
58.0,58,4290.012912
60.0,60,4292.909026
57.0,57,4295.74597
72.0,72,4299.558607
81.0,81,4303.705875
61.0,61,4306.58232
64.0,64,4310.219098
65.0,65,4313.06727
73.0,73,4317.219794
62.0,62,4319.980365
72.0,72,4323.045521
74.0,74,4327.001782
82.0,82,4330.527271
65.0,65,4334.331882
55.0,55,4337.057225
87.0,87,4341.46501
60.0,60,4344.339466
94.0,94,4348.631335
93.0,93,4352.416628
95.0,95,4356.638314
80.0,80,4360.542548
124.0,124,4366.370683
200.0,200,4376.918691
200.0,200,4385.940515
166.0,166,4394.478607
200.0,200,4403.305304
200.0,200,4412.534403
72.0,72,4415.934143
200.0,200,4426.424377
85.0,85,4429.924237
59.0,59,4432.841981
175.0,175,4443.154402
126.0,126,4449.097348
143.0,143,4455.935882
119.0,119,4461.760739
79.0,79,4465.046536
159.0,159,4473.7173
109.0,109,4479.228189
112.0,112,4485.12718
132.0,132,4491.832952
127.0,127,4497.650564
108.0,108,4503.744418
81.0,81,4508.160271
200.0,200,4518.301652
200.0,200,4528.28928
30.0,30,4529.635127
29.0,29,4531.354197
29.0,29,4533.028167
36.0,36,4534.595039
98.0,98,4539.379993
60.0,60,4542.765854
32.0,32,4544.551309
33.0,33,4546.614884
200.0,200,4556.541142
200.0,200,4565.850462
160.0,160,4573.775882
14.0,14,4574.304823
23.0,23,4575.314024
152.0,152,4583.325438
16.0,16,4584.17646
20.0,20,4584.968729
200.0,200,4594.47214
200.0,200,4604.927015
68.0,68,4608.320001
43.0,43,4610.407954
200.0,200,4620.249606
151.0,151,4627.644004
200.0,200,4638.345815
86.0,86,4642.648225
157.0,157,4649.285488
200.0,200,4657.776075
107.0,107,4662.904763
34.0,34,4664.447236
82.0,82,4667.668419
39.0,39,4669.320389
68.0,68,4672.657061
77.0,77,4676.460219
106.0,106,4682.187873
67.0,67,4685.348911
92.0,92,4689.434005
78.0,78,4693.389965
11.0,11,4693.812217
74.0,74,4697.421192
70.0,70,4701.092098
89.0,89,4705.288621
118.0,118,4711.42669
107.0,107,4716.741451
12.0,12,4717.399025
64.0,64,4720.569391
76.0,76,4724.354656
82.0,82,4728.238737
90.0,90,4732.857734
71.0,71,4736.905953
46.0,46,4738.70077
81.0,81,4742.726119
89.0,89,4746.815967
83.0,83,4750.390771
87.0,87,4754.152734
83.0,83,4758.069968
102.0,102,4763.08974
116.0,116,4768.279318
122.0,122,4774.274961
127.0,127,4780.193129
13.0,13,4780.731594
14.0,14,4781.609668
111.0,111,4787.246038
137.0,137,4794.474539
114.0,114,4799.765215
101.0,101,4804.710496
119.0,119,4810.541256
47.0,47,4812.496628
82.0,82,4817.24856
109.0,109,4822.548334
109.0,109,4827.150309
81.0,81,4830.818097
87.0,87,4834.681066
121.0,121,4840.556471
82.0,82,4844.358834
84.0,84,4848.194981
83.0,83,4852.831299
93.0,93,4856.996809
88.0,88,4861.494029
74.0,74,4864.779352
89.0,89,4868.46093
77.0,77,4872.761467
91.0,91,4877.615061
53.0,53,4880.183643
74.0,74,4883.867062
197.0,197,4893.488345
200.0,200,4903.274046
177.0,177,4912.837478
200.0,200,4922.981169
191.0,191,4932.619306
200.0,200,4941.808364
200.0,200,4951.116911
200.0,200,4961.3871
89.0,89,4966.082897
125.0,125,4971.890036
90.0,90,4976.227055
106.0,106,4980.990274
64.0,64,4983.783871
75.0,75,4987.266146
83.0,83,4991.15746
62.0,62,4994.314856
19.0,19,4995.324441
54.0,54,4997.502904
69.0,69,5000.859846
58.0,58,5004.063375
166.0,166,5012.811917
166.0,166,5021.081096
73.0,73,5024.943194
181.0,181,5033.673701
124.0,124,5040.367725
115.0,115,5046.435781
159.0,159,5055.516694
61.0,61,5058.713432
67.0,67,5062.288633
61.0,61,5065.136047
63.0,63,5068.461534
90.0,90,5072.552394
65.0,65,5075.717543
73.0,73,5079.495534
33.0,33,5081.365811
82.0,82,5085.700965
106.0,106,5092.008878
71.0,71,5095.798328
60.0,60,5098.633846
118.0,118,5104.595463
86.0,86,5108.512834
130.0,130,5114.747365
119.0,119,5120.73415
103.0,103,5125.836329
141.0,141,5132.605174
60.0,60,5135.689884
68.0,68,5138.646545
58.0,58,5141.904084
55.0,55,5144.642883
68.0,68,5147.855714
77.0,77,5151.638194
66.0,66,5154.519177
70.0,70,5158.052692
79.0,79,5161.618983
68.0,68,5165.421139
200.0,200,5175.218971
66.0,66,5178.517201
55.0,55,5181.167388
42.0,42,5183.114864
72.0,72,5187.083514
48.0,48,5189.533448
62.0,62,5192.449919
62.0,62,5195.179524
66.0,66,5198.064881
65.0,65,5201.799116
65.0,65,5204.790822
63.0,63,5207.86188
64.0,64,5210.838336
85.0,85,5215.226291
67.0,67,5218.433085
63.0,63,5221.798592
65.0,65,5225.212399
70.0,70,5229.330788
60.0,60,5232.874099
57.0,57,5236.091205
64.0,64,5238.923851
59.0,59,5241.681605
61.0,61,5245.260314
65.0,65,5248.721346
56.0,56,5252.320528
69.0,69,5255.448293
68.0,68,5258.570403
65.0,65,5261.744114
66.0,66,5264.905196
72.0,72,5269.016772
81.0,81,5273.113539
62.0,62,5276.521496
63.0,63,5279.352919
74.0,74,5283.235692
60.0,60,5285.82451
68.0,68,5289.30443
72.0,72,5293.365781
69.0,69,5296.60329
61.0,61,5298.964403
57.0,57,5301.6716
54.0,54,5304.735396
55.0,55,5307.079363
83.0,83,5310.89091
62.0,62,5313.803058
71.0,71,5317.334469
66.0,66,5320.657531
77.0,77,5324.147398
76.0,76,5327.887876
76.0,76,5331.229247
85.0,85,5335.816633
71.0,71,5339.941464
58.0,58,5342.985346
66.0,66,5346.859312
59.0,59,5349.941854
64.0,64,5352.719342
61.0,61,5355.782107
65.0,65,5359.176796
72.0,72,5362.722459
92.0,92,5367.35297
124.0,124,5373.583109
200.0,200,5383.171154
71.0,71,5386.740996
197.0,197,5396.613506
75.0,75,5400.431772
64.0,64,5403.27188
66.0,66,5406.320751
69.0,69,5410.105166
66.0,66,5413.498565
62.0,62,5416.41503
65.0,65,5419.331432
67.0,67,5422.332842
200.0,200,5432.060811
65.0,65,5435.202264
138.0,138,5441.49609
114.0,114,5447.45967
200.0,200,5457.550952
165.0,165,5465.624447
138.0,138,5472.441042
158.0,158,5480.102131
119.0,119,5485.910245
187.0,187,5494.835146
38.0,38,5496.636432
128.0,128,5503.516114
14.0,14,5504.045851
107.0,107,5509.171784
129.0,129,5515.894136
123.0,123,5521.338759
13.0,13,5521.836415
66.0,66,5524.606975
65.0,65,5527.833344
10.0,10,5528.229266
128.0,128,5534.649564
9.0,9,5535.198639
9.0,9,5535.742478
104.0,104,5540.335195
100.0,100,5545.347321
102.0,102,5550.396615
11.0,11,5550.836186
50.0,50,5553.168923
144.0,144,5560.21633
119.0,119,5565.25004
97.0,97,5571.179307
112.0,112,5576.792707
145.0,145,5584.052565
96.0,96,5589.264875
98.0,98,5593.859365
200.0,200,5603.937445
101.0,101,5609.00496
198.0,198,5618.775162
125.0,125,5624.460468
122.0,122,5630.951612
89.0,89,5634.823461
96.0,96,5639.736624
200.0,200,5648.684715
118.0,118,5654.396435
200.0,200,5664.443263
200.0,200,5674.181511
200.0,200,5683.614277
200.0,200,5693.909832
200.0,200,5703.866779
200.0,200,5714.073988
200.0,200,5722.985348
200.0,200,5733.27411
200.0,200,5742.634289
128.0,128,5748.406539
160.0,160,5756.280357
200.0,200,5766.632418
200.0,200,5775.98179
200.0,200,5785.787117
200.0,200,5796.470338
95.0,95,5800.49953
200.0,200,5809.384463
200.0,200,5819.978345
200.0,200,5830.206393
200.0,200,5839.76783
161.0,161,5846.380196
200.0,200,5856.21262
50.0,50,5858.345189
90.0,90,5862.237302
74.0,74,5865.850439
51.0,51,5867.964095
104.0,104,5872.293617
200.0,200,5882.386237
42.0,42,5884.684753
53.0,53,5887.255451
24.0,24,5888.494548
34.0,34,5890.552373
200.0,200,5899.735749
59.0,59,5902.843565
53.0,53,5905.312129
60.0,60,5908.204808
69.0,69,5911.287565
50.0,50,5913.253767
51.0,51,5916.006935
13.0,13,5916.616283
58.0,58,5919.156948
56.0,56,5921.583761
33.0,33,5923.22321
46.0,46,5925.414873
15.0,15,5926.057443
13.0,13,5926.75091
14.0,14,5927.462544
58.0,58,5930.422077
24.0,24,5931.866828
105.0,105,5936.816687
24.0,24,5937.862446
28.0,28,5939.473474
30.0,30,5940.877061
29.0,29,5942.184841
52.0,52,5944.621043
32.0,32,5946.11164
21.0,21,5947.278149
21.0,21,5948.42642
28.0,28,5949.959119
30.0,30,5951.563142
24.0,24,5952.915274
36.0,36,5954.905245
36.0,36,5956.958064
22.0,22,5958.160719
21.0,21,5959.434364
32.0,32,5961.006346
25.0,25,5962.129938
37.0,37,5964.024185
22.0,22,5965.006667
31.0,31,5966.403482
153.0,153,5974.07281
181.0,181,5982.174647
32.0,32,5983.597436
111.0,111,5988.79569
17.0,17,5989.645442
200.0,200,5999.640011
44.0,44,6001.66417
34.0,34,6003.267692
28.0,28,6004.394923
46.0,46,6006.585
59.0,59,6009.484358
21.0,21,6010.451268
80.0,80,6013.670258
12.0,12,6014.139894
30.0,30,6015.31552
17.0,17,6016.041147
21.0,21,6017.118538
20.0,20,6018.097237
16.0,16,6018.99512
16.0,16,6019.803105
12.0,12,6020.275782
30.0,30,6021.863878
65.0,65,6024.859152
25.0,25,6025.932586
72.0,72,6029.629598
22.0,22,6030.522
17.0,17,6031.586911
16.0,16,6032.223073
23.0,23,6033.264611
19.0,19,6034.240159
85.0,85,6037.668641
17.0,17,6038.813106
16.0,16,6039.771767
21.0,21,6040.784943
14.0,14,6041.328557
25.0,25,6042.319056
18.0,18,6043.358926
17.0,17,6044.250585
18.0,18,6045.040613
10.0,10,6045.654315
19.0,19,6046.734077
15.0,15,6047.54731
23.0,23,6048.771074
17.0,17,6049.769894
10.0,10,6050.359406
19.0,19,6051.557996
25.0,25,6052.92085
21.0,21,6054.072698
19.0,19,6054.913322
19.0,19,6056.019881
14.0,14,6056.868428
26.0,26,6058.279903
24.0,24,6059.198261
22.0,22,6060.104728
18.0,18,6060.824823
16.0,16,6061.598553
113.0,113,6067.01321
187.0,187,6075.765103
100.0,100,6081.446212
31.0,31,6082.774763
186.0,186,6092.759014
64.0,64,6095.627614
104.0,104,6100.288576
17.0,17,6100.99266
64.0,64,6104.34355
75.0,75,6107.726635
54.0,54,6110.867747
164.0,164,6118.45405
63.0,63,6121.246552
46.0,46,6123.418204
54.0,54,6126.052492
146.0,146,6133.312286
107.0,107,6139.013116
62.0,62,6142.427404
47.0,47,6144.687585
111.0,111,6150.039365
46.0,46,6152.763346
106.0,106,6157.950506
72.0,72,6161.961345
36.0,36,6163.86986
21.0,21,6164.974228
49.0,49,6167.728027
64.0,64,6171.066257
120.0,120,6177.980064
114.0,114,6184.1698
129.0,129,6190.611683
67.0,67,6193.662834
35.0,35,6195.052695
60.0,60,6197.703485
39.0,39,6199.667104
135.0,135,6206.115013
124.0,124,6212.049702
67.0,67,6215.403071
159.0,159,6222.392128
200.0,200,6232.116583
192.0,192,6242.32138
176.0,176,6250.073867
124.0,124,6255.930204
116.0,116,6261.087545
200.0,200,6271.425517
160.0,160,6279.65011
200.0,200,6290.056602
136.0,136,6296.938614
152.0,152,6304.723083
200.0,200,6314.827626
182.0,182,6322.924497
200.0,200,6333.024562
31.0,31,6334.90058
50.0,50,6337.166339
23.0,23,6338.300275
24.0,24,6339.658404
200.0,200,6350.03849
200.0,200,6358.982419
161.0,161,6367.629363
116.0,116,6373.147446
200.0,200,6383.193818
200.0,200,6393.22212
144.0,144,6399.889899
200.0,200,6409.246551
200.0,200,6419.213045
200.0,200,6430.243287
200.0,200,6439.622322
200.0,200,6449.874724
200.0,200,6460.92367
134.0,134,6466.824646
200.0,200,6475.59337
179.0,179,6484.214123
177.0,177,6492.363348
200.0,200,6502.177926
200.0,200,6512.067843
200.0,200,6522.290445
198.0,198,6532.031195
200.0,200,6541.522113
200.0,200,6552.613648
200.0,200,6561.810227
89.0,89,6565.899251
152.0,152,6573.775316
200.0,200,6583.176689
200.0,200,6593.062389
66.0,66,6596.076585
200.0,200,6606.766024
170.0,170,6614.315558
133.0,133,6621.15453
111.0,111,6626.995341
200.0,200,6636.460367
120.0,120,6642.728535
99.0,99,6647.705478
103.0,103,6652.497541
95.0,95,6657.154404
100.0,100,6662.586206
105.0,105,6668.22289
91.0,91,6672.450682
98.0,98,6676.635439
91.0,91,6681.822069
106.0,106,6687.199594
104.0,104,6692.752809
101.0,101,6697.861252
78.0,78,6701.693331
53.0,53,6704.471251
107.0,107,6709.373586
100.0,100,6713.873309
99.0,99,6718.604862
105.0,105,6723.364821
96.0,96,6728.543769
135.0,135,6734.574717
200.0,200,6744.721812
95.0,95,6748.986868
136.0,136,6755.99296
80.0,80,6759.928013
149.0,149,6767.084249
132.0,132,6773.184614
174.0,174,6781.938508
165.0,165,6789.379511
165.0,165,6797.686568
183.0,183,6807.019944
76.0,76,6811.150785
63.0,63,6814.265195
99.0,99,6818.952136
75.0,75,6822.347014
69.0,69,6826.311626
137.0,137,6832.910818
129.0,129,6839.190138
130.0,130,6845.109738
109.0,109,6850.329784
139.0,139,6857.531047
159.0,159,6865.282789
89.0,89,6869.976359
119.0,119,6875.519158
124.0,124,6881.59064
120.0,120,6887.592876
151.0,151,6895.666647
127.0,127,6902.029675
64.0,64,6905.835341
132.0,132,6912.796507
116.0,116,6919.041868
106.0,106,6924.840172
113.0,113,6930.545184
131.0,131,6937.348028
111.0,111,6943.094221
157.0,157,6950.992739
136.0,136,6958.064625
200.0,200,6967.569959
200.0,200,6976.820405
200.0,200,6986.943899
200.0,200,6996.779481
64.0,64,7000.58774
74.0,74,7004.607971
200.0,200,7014.846332
105.0,105,7020.400543
100.0,100,7025.600544
138.0,138,7033.043523
144.0,144,7040.69754
200.0,200,7049.91907
94.0,94,7054.301254
200.0,200,7064.219976
200.0,200,7073.761355
182.0,182,7084.475267
177.0,177,7092.777117
200.0,200,7102.412769
79.0,79,7105.796212
115.0,115,7112.244493
98.0,98,7117.015113
113.0,113,7122.941444
119.0,119,7128.945207
158.0,158,7136.883749
89.0,89,7141.565668
62.0,62,7144.363491
83.0,83,7148.662832
76.0,76,7152.89026
90.0,90,7157.201441
84.0,84,7161.915584
86.0,86,7165.989223
101.0,101,7170.721975
68.0,68,7173.799116
85.0,85,7178.327748
159.0,159,7186.097117
103.0,103,7191.799999
69.0,69,7195.790407
73.0,73,7199.865725
77.0,77,7203.578324
90.0,90,7208.468707
86.0,86,7212.812617
83.0,83,7217.085747
91.0,91,7221.618725
85.0,85,7226.731922
97.0,97,7232.230699
90.0,90,7236.61725
116.0,116,7242.570506
164.0,164,7251.137441
113.0,113,7257.209647
177.0,177,7265.819331
98.0,98,7270.763633
112.0,112,7276.263039
102.0,102,7282.139505
70.0,70,7285.773136
113.0,113,7290.819712
102.0,102,7296.109463
119.0,119,7301.763954
118.0,118,7307.370526
38.0,38,7309.317307
140.0,140,7316.618476
130.0,130,7322.862344
122.0,122,7328.757972
142.0,142,7334.911527
122.0,122,7341.029185
126.0,126,7347.043362
112.0,112,7353.247067
119.0,119,7358.361907
128.0,128,7365.476694
118.0,118,7371.446538
112.0,112,7376.415633
173.0,173,7384.617795
200.0,200,7393.705252
200.0,200,7402.660097
176.0,176,7411.689508
190.0,190,7421.841896
200.0,200,7431.471746
200.0,200,7440.033769
157.0,157,7448.299409
112.0,112,7453.966249
200.0,200,7462.822467
200.0,200,7472.635234
200.0,200,7481.92673
200.0,200,7491.113915
170.0,170,7499.422142
200.0,200,7509.907665
200.0,200,7518.455688
200.0,200,7528.301139
200.0,200,7538.290272
200.0,200,7548.207779
167.0,167,7556.193555
117.0,117,7561.927701
200.0,200,7573.0065
124.0,124,7579.452347
96.0,96,7584.012544
68.0,68,7587.141175
67.0,67,7589.828877
73.0,73,7592.543699
77.0,77,7595.994766
91.0,91,7600.423514
30.0,30,7602.205629
20.0,20,7603.079529
35.0,35,7604.751907
35.0,35,7606.451049
17.0,17,7607.312323
95.0,95,7611.649687
39.0,39,7613.703648
19.0,19,7614.437047
38.0,38,7616.714832
62.0,62,7619.696122
82.0,82,7623.827847
78.0,78,7628.069822
80.0,80,7632.259315
61.0,61,7635.138834
80.0,80,7639.443954
83.0,83,7643.726842
114.0,114,7649.497182
95.0,95,7653.94047
105.0,105,7659.373627
111.0,111,7663.877715
95.0,95,7668.079826
87.0,87,7671.70874
153.0,153,7679.522058
126.0,126,7685.527814
133.0,133,7691.2444
93.0,93,7696.187322
161.0,161,7703.642165
127.0,127,7709.795255
132.0,132,7715.985232
95.0,95,7719.963909
147.0,147,7727.433356
158.0,158,7735.535347
120.0,120,7742.321032
101.0,101,7747.372998
99.0,99,7751.818478
87.0,87,7756.089668
98.0,98,7760.738757
92.0,92,7765.726435
93.0,93,7770.510332
168.0,168,7778.326806
127.0,127,7783.716806
137.0,137,7790.411523
146.0,146,7797.475916
81.0,81,7800.996839
97.0,97,7805.913682
90.0,90,7810.294133
115.0,115,7815.847765
96.0,96,7821.017712
156.0,156,7828.575766
114.0,114,7834.31788
113.0,113,7840.53404
122.0,122,7846.905588
200.0,200,7857.291676
200.0,200,7867.141329
200.0,200,7876.525355
154.0,154,7884.016493
195.0,195,7894.018991
200.0,200,7902.967552
200.0,200,7912.106502
131.0,131,7918.581226
64.0,64,7922.415358
22.0,22,7923.407474
24.0,24,7924.667399
26.0,26,7926.217017
19.0,19,7927.421997
33.0,33,7929.363931
23.0,23,7930.322142
20.0,20,7931.149483
21.0,21,7931.969895
16.0,16,7932.838151
15.0,15,7933.690488
19.0,19,7934.642231
19.0,19,7935.386269
73.0,73,7939.287714
97.0,97,7944.387382
200.0,200,7954.337933
200.0,200,7964.474012
200.0,200,7974.876804
200.0,200,7985.060404
157.0,157,7992.464759
151.0,151,7999.558823
137.0,137,8007.272989
147.0,147,8014.341685
151.0,151,8022.576144
46.0,46,8024.812282
39.0,39,8026.404759
36.0,36,8028.326123
42.0,42,8030.29671
59.0,59,8033.699919
20.0,20,8034.62507
100.0,100,8039.556543
37.0,37,8041.36364
105.0,105,8046.91242
137.0,137,8053.466388
119.0,119,8059.250928
142.0,142,8066.243666
127.0,127,8072.445237
131.0,131,8078.122337
140.0,140,8085.311796
128.0,128,8091.586777
173.0,173,8100.70626
140.0,140,8108.39038
40.0,40,8110.465266
143.0,143,8117.493912
200.0,200,8127.344172
196.0,196,8137.667165
200.0,200,8147.665558
200.0,200,8157.05688
200.0,200,8167.581623
200.0,200,8176.764437
200.0,200,8187.280516
200.0,200,8197.264386
200.0,200,8207.697726
200.0,200,8217.096558
200.0,200,8225.950777
200.0,200,8236.463673
191.0,191,8246.034017
200.0,200,8256.360641
200.0,200,8265.045997
200.0,200,8274.428918
200.0,200,8283.947227
200.0,200,8292.73501
47.0,47,8295.238438
128.0,128,8301.331271
49.0,49,8303.684088
200.0,200,8313.807727
172.0,172,8321.90946
200.0,200,8331.536964
200.0,200,8340.931538
200.0,200,8350.215009
200.0,200,8360.28085
100.0,100,8365.492326
200.0,200,8375.504087
200.0,200,8386.143089
200.0,200,8396.450664
200.0,200,8406.821873
200.0,200,8416.099466
200.0,200,8425.935201
200.0,200,8436.382017
200.0,200,8446.858772
200.0,200,8456.377252
200.0,200,8467.014568
200.0,200,8476.587849
200.0,200,8486.692765
200.0,200,8495.833129
200.0,200,8505.834995
200.0,200,8515.300252
200.0,200,8525.624972
200.0,200,8535.735493
200.0,200,8546.285774
200.0,200,8556.330615
200.0,200,8565.910992
200.0,200,8574.567708
62.0,62,8577.541706
200.0,200,8587.60491
46.0,46,8589.462381
37.0,37,8590.843573
35.0,35,8592.396245
107.0,107,8597.306891
39.0,39,8598.959805
142.0,142,8606.147489
50.0,50,8608.794306
40.0,40,8610.583153
200.0,200,8619.760407
136.0,136,8625.93909
178.0,178,8633.560627
200.0,200,8643.641329
200.0,200,8653.166927
200.0,200,8663.093998
26.0,26,8664.521284
182.0,182,8673.060157
43.0,43,8675.633165
135.0,135,8682.524282
200.0,200,8691.627486
159.0,159,8699.251949
116.0,116,8705.591857
23.0,23,8706.585407
31.0,31,8708.359599
40.0,40,8710.563817
28.0,28,8712.019276
21.0,21,8713.211095
26.0,26,8714.661389
45.0,45,8716.718874
76.0,76,8720.426217
33.0,33,8722.028366
155.0,155,8729.601056
85.0,85,8733.742489
119.0,119,8738.705889
105.0,105,8743.642168
94.0,94,8747.225616
194.0,194,8756.878946
200.0,200,8766.107251
180.0,180,8775.453578
200.0,200,8785.33542
137.0,137,8791.107561
146.0,146,8797.745532
200.0,200,8807.41433
200.0,200,8817.769928
200.0,200,8827.783403
65.0,65,8830.971868
200.0,200,8841.289654
135.0,135,8847.383504
159.0,159,8854.832961
200.0,200,8864.666459
200.0,200,8874.285453
200.0,200,8883.405313
200.0,200,8892.344605
160.0,160,8899.836784
200.0,200,8909.71134
43.0,43,8912.203898
114.0,114,8918.049597
200.0,200,8927.27585
200.0,200,8936.423207
158.0,158,8944.932512
200.0,200,8954.191002
200.0,200,8963.73475
132.0,132,8970.9231
200.0,200,8980.590145
200.0,200,8991.115091
165.0,165,8998.958987
200.0,200,9009.296968
38.0,38,9011.223203
32.0,32,9012.917215
200.0,200,9023.094192
200.0,200,9033.438703
200.0,200,9043.36502
62.0,62,9046.738473
67.0,67,9049.644237
200.0,200,9059.28053
200.0,200,9068.528456
200.0,200,9077.635373
200.0,200,9086.645819
200.0,200,9096.573369
200.0,200,9106.087126
200.0,200,9116.044745
127.0,127,9123.145582
186.0,186,9133.046184
39.0,39,9135.240579
41.0,41,9137.512147
178.0,178,9146.431666
200.0,200,9156.607438
30.0,30,9157.934167
200.0,200,9168.015011
200.0,200,9177.912911
200.0,200,9187.227483
134.0,134,9193.434817
200.0,200,9203.703179
200.0,200,9212.834052
200.0,200,9222.222993
200.0,200,9231.328827
193.0,193,9241.842675
200.0,200,9251.422481
23.0,23,9252.577644
54.0,54,9255.780406
121.0,121,9262.121778
99.0,99,9266.613194
18.0,18,9267.660536
32.0,32,9269.090454
64.0,64,9271.855553
62.0,62,9274.973024
48.0,48,9277.521758
52.0,52,9280.159699
49.0,49,9282.521964
42.0,42,9284.836548
47.0,47,9287.228749
52.0,52,9289.887676
38.0,38,9291.563175
200.0,200,9301.934213
200.0,200,9311.544398
82.0,82,9315.294869
200.0,200,9324.657061
162.0,162,9333.751067
79.0,79,9337.839131
200.0,200,9347.289459
200.0,200,9357.346189
193.0,193,9366.69759
200.0,200,9376.858337
200.0,200,9385.888926
86.0,86,9390.014216
200.0,200,9399.409127
90.0,90,9403.324089
154.0,154,9410.601637
55.0,55,9413.191926
29.0,29,9414.330585
164.0,164,9422.182973
200.0,200,9431.386072
200.0,200,9440.586726
130.0,130,9446.400208
200.0,200,9455.716324
14.0,14,9456.252584
200.0,200,9465.671957
118.0,118,9471.78228
190.0,190,9481.063624
200.0,200,9491.973908
200.0,200,9501.637284
103.0,103,9505.939834
62.0,62,9509.223986
200.0,200,9520.174502
179.0,179,9529.072667
124.0,124,9536.290187
183.0,183,9544.8375
200.0,200,9554.489866
108.0,108,9559.693504
200.0,200,9569.987543
121.0,121,9575.647536
123.0,123,9581.291153
199.0,199,9591.014398
170.0,170,9599.314711
97.0,97,9603.883356
187.0,187,9612.752422
200.0,200,9622.450923
200.0,200,9632.823686
193.0,193,9641.869908
200.0,200,9651.795203
200.0,200,9662.033281
166.0,166,9670.557614
200.0,200,9680.285142
174.0,174,9688.952215
200.0,200,9699.043802
149.0,149,9705.9973
200.0,200,9715.01828
128.0,128,9721.065994
139.0,139,9727.443181
200.0,200,9737.371104
200.0,200,9747.873602
200.0,200,9757.091408
130.0,130,9764.051605
135.0,135,9770.965433
190.0,190,9780.014373
20.0,20,9780.743125
200.0,200,9791.089367
70.0,70,9794.417004
200.0,200,9803.903319
10.0,10,9804.531052
200.0,200,9814.514978
12.0,12,9815.332961
200.0,200,9825.980509
200.0,200,9835.256972
200.0,200,9845.143181
200.0,200,9855.469277
200.0,200,9865.314134
200.0,200,9875.223104
200.0,200,9885.086893
125.0,125,9891.002175
31.0,31,9892.174149
130.0,130,9898.561881
31.0,31,9899.909661
118.0,118,9905.569527
200.0,200,9915.387896
200.0,200,9925.013361
200.0,200,9935.402979
200.0,200,9944.194743
145.0,145,9951.224163
200.0,200,9961.382375
200.0,200,9972.41788
200.0,200,9982.276321
200.0,200,9991.733122
200.0,200,10000.47655
114.0,114,10005.905572
200.0,200,10014.839442
200.0,200,10023.985892
173.0,173,10032.236203
133.0,133,10038.660891
161.0,161,10045.776267
24.0,24,10046.805541
11.0,11,10047.476286
175.0,175,10056.204944
120.0,120,10062.065071
127.0,127,10067.419004
127.0,127,10074.454067
113.0,113,10079.659149
106.0,106,10084.50599
111.0,111,10089.38437
117.0,117,10095.013719
114.0,114,10100.688343
130.0,130,10106.557722
115.0,115,10111.793779
108.0,108,10117.815157
32.0,32,10119.678584
125.0,125,10125.492651
128.0,128,10131.94502
136.0,136,10138.357691
126.0,126,10144.098784
120.0,120,10149.625514
120.0,120,10155.502113
120.0,120,10161.112906
113.0,113,10166.667451
118.0,118,10173.180738
123.0,123,10178.748044
132.0,132,10185.108662
134.0,134,10191.686171
200.0,200,10200.548977
184.0,184,10209.987511
162.0,162,10217.071106
200.0,200,10226.549767
200.0,200,10236.400609
200.0,200,10246.252741
200.0,200,10257.035143
200.0,200,10267.006614
200.0,200,10276.602422
200.0,200,10285.892394
58.0,58,10288.673663
196.0,196,10298.104825
192.0,192,10307.52386
200.0,200,10318.347872
200.0,200,10327.643678
200.0,200,10337.798845
200.0,200,10347.099547
187.0,187,10356.642489
200.0,200,10367.071521
200.0,200,10376.329662
200.0,200,10384.868681
200.0,200,10394.981817
155.0,155,10403.058839
200.0,200,10412.377248
118.0,118,10418.346658
195.0,195,10426.891824
159.0,159,10433.703785
157.0,157,10441.19677
200.0,200,10450.898193
200.0,200,10461.138023
153.0,153,10469.84115
125.0,125,10476.190306
170.0,170,10484.541914
27.0,27,10485.79901
40.0,40,10488.083331
24.0,24,10489.127175
23.0,23,10490.06271
41.0,41,10492.348538
26.0,26,10493.392702
200.0,200,10503.126647
48.0,48,10505.144282
23.0,23,10506.207236
33.0,33,10507.856239
200.0,200,10517.803566
200.0,200,10528.159989
200.0,200,10538.435037
196.0,196,10547.853174
120.0,120,10553.603363
200.0,200,10563.608869
123.0,123,10569.39053
157.0,157,10576.969894
108.0,108,10582.175396
200.0,200,10591.010958
194.0,194,10600.944662
200.0,200,10609.995372
200.0,200,10619.525774
126.0,126,10626.135885
109.0,109,10631.193431
140.0,140,10637.186821
128.0,128,10643.14154
83.0,83,10647.431684
79.0,79,10651.228173
184.0,184,10660.555087
53.0,53,10663.221706
124.0,124,10669.383821
88.0,88,10673.810102
69.0,69,10677.526974
200.0,200,10687.329791
200.0,200,10696.666738
78.0,78,10700.184114
44.0,44,10702.185299
37.0,37,10704.040305
23.0,23,10705.346562
29.0,29,10706.88652
26.0,26,10708.216803
18.0,18,10709.080171
19.0,19,10709.871412
37.0,37,10711.746571
19.0,19,10712.851503
14.0,14,10713.398539
38.0,38,10715.31366
15.0,15,10715.940963
35.0,35,10717.634832
26.0,26,10719.183306
15.0,15,10719.804177
42.0,42,10722.346402
32.0,32,10723.821279
21.0,21,10724.833564
200.0,200,10735.488703
153.0,153,10743.559074
140.0,140,10750.331075
64.0,64,10753.287715
200.0,200,10762.98209
86.0,86,10767.319693
85.0,85,10771.203794
141.0,141,10777.816107
120.0,120,10783.317601
88.0,88,10787.400698
103.0,103,10792.648634
171.0,171,10801.457813
200.0,200,10811.103445
84.0,84,10815.55149
136.0,136,10821.720069
200.0,200,10831.890249
118.0,118,10837.449529
133.0,133,10843.765592
88.0,88,10848.134092
200.0,200,10858.350161
200.0,200,10868.022947
94.0,94,10873.239303
200.0,200,10883.347161
121.0,121,10889.221399
39.0,39,10890.951893
18.0,18,10892.012475
19.0,19,10892.834293
50.0,50,10895.929963
34.0,34,10897.438133
22.0,22,10898.642381
34.0,34,10900.271204
130.0,130,10906.813809
99.0,99,10911.709681
111.0,111,10917.142652
150.0,150,10925.166571
20.0,20,10925.975184
161.0,161,10934.088063
200.0,200,10943.658163
130.0,130,10950.391222
200.0,200,10960.88919
178.0,178,10969.468408
163.0,163,10976.963564
185.0,185,10984.808118
181.0,181,10994.697522
168.0,168,11002.39968
182.0,182,11011.578641
137.0,137,11018.758552
48.0,48,11021.509219
29.0,29,11022.990196
200.0,200,11032.412101
138.0,138,11039.297058
150.0,150,11045.75014
160.0,160,11053.479059
151.0,151,11060.671408
141.0,141,11067.929742
100.0,100,11072.759716
134.0,134,11079.256924
200.0,200,11089.714175
200.0,200,11100.101348
146.0,146,11107.423912
141.0,141,11114.1532
133.0,133,11120.700656
141.0,141,11127.197543
115.0,115,11133.198564
141.0,141,11140.48768
163.0,163,11148.31271
200.0,200,11158.943666
200.0,200,11168.801797
200.0,200,11178.3071
149.0,149,11186.270108
150.0,150,11193.531349
151.0,151,11200.422402
141.0,141,11207.053542
156.0,156,11214.266356
193.0,193,11222.796983
200.0,200,11232.897985
200.0,200,11243.199905
200.0,200,11253.436858
200.0,200,11262.536155
200.0,200,11271.588899
200.0,200,11280.824784
200.0,200,11289.845096
200.0,200,11298.958668
172.0,172,11306.663953
194.0,194,11316.759224
200.0,200,11326.908423
200.0,200,11336.783632
200.0,200,11346.260248
200.0,200,11355.460627
200.0,200,11366.206091
200.0,200,11375.319578
200.0,200,11385.592174
200.0,200,11394.393646
200.0,200,11404.971558
200.0,200,11414.70754
200.0,200,11424.896315
200.0,200,11434.963158
200.0,200,11444.939796
200.0,200,11455.016225
177.0,177,11463.581103
138.0,138,11469.547511
183.0,183,11478.583833
114.0,114,11484.176769
200.0,200,11494.278248
200.0,200,11503.918201
137.0,137,11511.003914
152.0,152,11518.214191
138.0,138,11525.340256
79.0,79,11529.162412
100.0,100,11534.671563
75.0,75,11538.307725
126.0,126,11544.340879
200.0,200,11555.025772
122.0,122,11560.85178
157.0,157,11568.747824
162.0,162,11576.533878
200.0,200,11586.291692
109.0,109,11591.008846
162.0,162,11599.467904
163.0,163,11607.982073
200.0,200,11618.601562
153.0,153,11625.152905
144.0,144,11632.985531
85.0,85,11636.963944
140.0,140,11643.138276
129.0,129,11649.441033
111.0,111,11655.300016
134.0,134,11661.453093
114.0,114,11666.891675
129.0,129,11672.201352
135.0,135,11679.054955
143.0,143,11687.593196
200.0,200,11697.765407
144.0,144,11705.445682
127.0,127,11711.898781
200.0,200,11721.187221
188.0,188,11730.111297
133.0,133,11736.328036
122.0,122,11743.26589
152.0,152,11750.971747
115.0,115,11756.702672
108.0,108,11762.110013
140.0,140,11768.043037
175.0,175,11777.320928
146.0,146,11784.456517
168.0,168,11793.415154
200.0,200,11802.355114
176.0,176,11811.276757
159.0,159,11819.771825
106.0,106,11825.571923
114.0,114,11831.134835
107.0,107,11836.426704
164.0,164,11844.791672
200.0,200,11855.099488
200.0,200,11864.368534
186.0,186,11873.758882
118.0,118,11879.637317
200.0,200,11889.281245
113.0,113,11895.72095
157.0,157,11903.25776
137.0,137,11910.296086
157.0,157,11918.373363
172.0,172,11927.389723
182.0,182,11937.283357
130.0,130,11944.036553
135.0,135,11950.8486
121.0,121,11957.398396
127.0,127,11963.11228
51.0,51,11965.481611
100.0,100,11971.265353
109.0,109,11977.206774
110.0,110,11982.91534
112.0,112,11988.888683
97.0,97,11993.707932
122.0,122,11999.776922
127.0,127,12006.150819
145.0,145,12013.469704
26.0,26,12014.513214
103.0,103,12019.474337
95.0,95,12023.942016
29.0,29,12025.77993
27.0,27,12027.433337
26.0,26,12028.808538
40.0,40,12031.34862
39.0,39,12033.3465
26.0,26,12034.647883
34.0,34,12036.617365
29.0,29,12038.115409
26.0,26,12039.301384
17.0,17,12040.456307
30.0,30,12041.919528
34.0,34,12043.758888
32.0,32,12045.566941
28.0,28,12047.172811
94.0,94,12052.534077
36.0,36,12053.976795
35.0,35,12055.612867
120.0,120,12061.610561
100.0,100,12065.584438
27.0,27,12066.946745
26.0,26,12068.224141
26.0,26,12069.487816
37.0,37,12071.077848
102.0,102,12076.282759
34.0,34,12077.843457
22.0,22,12078.740459
26.0,26,12079.781529
19.0,19,12080.640731
28.0,28,12081.961132
23.0,23,12083.175166
27.0,27,12084.438507
30.0,30,12085.675128
26.0,26,12086.750314
28.0,28,12088.07336
35.0,35,12089.67988
30.0,30,12091.162334
113.0,113,12096.306709
124.0,124,12102.772239
132.0,132,12109.749796
124.0,124,12116.031707
117.0,117,12121.47156
118.0,118,12128.139403
32.0,32,12129.541952
127.0,127,12135.865664
115.0,115,12141.63724
111.0,111,12147.14516
129.0,129,12152.898298
111.0,111,12158.391313
108.0,108,12164.382419
200.0,200,12174.243382
155.0,155,12181.584214
146.0,146,12189.324502
114.0,114,12195.031177
100.0,100,12199.635074
30.0,30,12201.247214
26.0,26,12202.479756
26.0,26,12203.729375
18.0,18,12204.434624
112.0,112,12210.551322
127.0,127,12216.710711
200.0,200,12227.105042
200.0,200,12237.574789
71.0,71,12240.455477
111.0,111,12246.262916
22.0,22,12247.482582
38.0,38,12249.286691
24.0,24,12250.320101
23.0,23,12251.490506
32.0,32,12253.280883
17.0,17,12254.361481
14.0,14,12255.206484
17.0,17,12256.116402
24.0,24,12257.440694
26.0,26,12258.702184
16.0,16,12259.527467
18.0,18,12260.472851
15.0,15,12261.239209
17.0,17,12262.153213
13.0,13,12262.708227
16.0,16,12263.340912
14.0,14,12263.869978
200.0,200,12274.257549
200.0,200,12284.918313
115.0,115,12290.33887
172.0,172,12299.005284
130.0,130,12305.749299
144.0,144,12314.356039
200.0,200,12325.271058
200.0,200,12335.46982
200.0,200,12345.727869
200.0,200,12355.718024
200.0,200,12365.518785
200.0,200,12375.325415
200.0,200,12385.866322
200.0,200,12396.14889
200.0,200,12406.124017
141.0,141,12413.591865
190.0,190,12424.069729
153.0,153,12431.280302
116.0,116,12436.44418
132.0,132,12443.35146
125.0,125,12450.007657
129.0,129,12455.919188
145.0,145,12463.347188
153.0,153,12470.919224
142.0,142,12478.376472
178.0,178,12487.472559
165.0,165,12496.059976
200.0,200,12506.015646
195.0,195,12517.000748
200.0,200,12527.450496
121.0,121,12533.700015
148.0,148,12541.303811
125.0,125,12547.40888
200.0,200,12558.23595
183.0,183,12567.849162
200.0,200,12578.54229
196.0,196,12588.895651
200.0,200,12598.201169
198.0,198,12608.46441
200.0,200,12619.284973
200.0,200,12629.762168
134.0,134,12636.51697
122.0,122,12642.438872
124.0,124,12648.694646
144.0,144,12656.014223
119.0,119,12662.733995
112.0,112,12668.028959
122.0,122,12674.016813
169.0,169,12682.464161
139.0,139,12689.428184
130.0,130,12696.098334
153.0,153,12704.201678
124.0,124,12710.89353
141.0,141,12718.122943
137.0,137,12725.123373
136.0,136,12731.83745
136.0,136,12739.063789
145.0,145,12746.674086
180.0,180,12756.344139
169.0,169,12764.439017
168.0,168,12772.627872
148.0,148,12780.011486
152.0,152,12788.107363
149.0,149,12796.225657
165.0,165,12804.679668
157.0,157,12813.010366
152.0,152,12819.998965
200.0,200,12829.580121
139.0,139,12835.973255
132.0,132,12842.430769
164.0,164,12850.634057
157.0,157,12858.357906
119.0,119,12863.939881
114.0,114,12868.788154
110.0,110,12873.757628
104.0,104,12878.548091
128.0,128,12885.447948
120.0,120,12890.66073
119.0,119,12896.652006
123.0,123,12902.4603
118.0,118,12908.419016
110.0,110,12913.636723
113.0,113,12919.771838
117.0,117,12925.053315
122.0,122,12931.300375
127.0,127,12938.570735
132.0,132,12945.421796
134.0,134,12952.026484
171.0,171,12960.438824
178.0,178,12970.216841
172.0,172,12979.561493
200.0,200,12989.228864
200.0,200,12999.622411
200.0,200,13009.342607
200.0,200,13020.388876
200.0,200,13030.588314
200.0,200,13041.236455
200.0,200,13051.054119
200.0,200,13061.302266
200.0,200,13071.586213
200.0,200,13081.871515
200.0,200,13091.604989
200.0,200,13101.374134
200.0,200,13111.44637
200.0,200,13121.552537
200.0,200,13131.636075
148.0,148,13139.347836
150.0,150,13147.12653
200.0,200,13156.430835
200.0,200,13166.301506
175.0,175,13175.188106
164.0,164,13182.746685
123.0,123,13189.409494
126.0,126,13195.543843
127.0,127,13201.910663
130.0,130,13208.600293
130.0,130,13216.299231
123.0,123,13222.566197
119.0,119,13228.763592
200.0,200,13238.473168
200.0,200,13248.431705
200.0,200,13259.066576
200.0,200,13269.341474
200.0,200,13280.424785
200.0,200,13289.522243
200.0,200,13298.619071
200.0,200,13309.172098
200.0,200,13318.667597
200.0,200,13328.253359
200.0,200,13339.24329
200.0,200,13349.873809
143.0,143,13357.315408
200.0,200,13367.223158
200.0,200,13377.059868
188.0,188,13386.652461
124.0,124,13392.878951
116.0,116,13398.353589
119.0,119,13404.111244
120.0,120,13409.647959
124.0,124,13416.610429
135.0,135,13423.469047
125.0,125,13429.797047
200.0,200,13440.741461
200.0,200,13450.284318
200.0,200,13459.486907
200.0,200,13470.020014
200.0,200,13480.352746
200.0,200,13490.946671
200.0,200,13500.940906
200.0,200,13510.060859
200.0,200,13520.580826
200.0,200,13530.669464
127.0,127,13537.4679
200.0,200,13546.828105
200.0,200,13556.224802
118.0,118,13562.290799
200.0,200,13571.633162
200.0,200,13581.975563
200.0,200,13591.396141
200.0,200,13601.937624
200.0,200,13612.056169
200.0,200,13621.836303
200.0,200,13631.236739
200.0,200,13641.16007
200.0,200,13651.74998
200.0,200,13661.051499
200.0,200,13671.236972
200.0,200,13681.552469
200.0,200,13690.547825
200.0,200,13699.634389
200.0,200,13710.122539
108.0,108,13715.231804
109.0,109,13721.712025
103.0,103,13726.908383
95.0,95,13732.191987
176.0,176,13740.674393
122.0,122,13746.018975
144.0,144,13753.062265
164.0,164,13761.086342
184.0,184,13770.15443
200.0,200,13780.792451
200.0,200,13789.312461
199.0,199,13799.353237
144.0,144,13806.848459
124.0,124,13813.934369
110.0,110,13819.712579
121.0,121,13825.848963
106.0,106,13831.233121
199.0,199,13840.613734
134.0,134,13846.535808
119.0,119,13851.740678
49.0,49,13854.653393
110.0,110,13860.417574
112.0,112,13866.262586
98.0,98,13870.634003
103.0,103,13875.842343
114.0,114,13881.869538
137.0,137,13889.015864
136.0,136,13896.547931
131.0,131,13903.110668
126.0,126,13909.7916
137.0,137,13916.854944
131.0,131,13923.456344
155.0,155,13931.398975
170.0,170,13939.671048
146.0,146,13946.843904
151.0,151,13955.134283
200.0,200,13964.990194
200.0,200,13974.679081
200.0,200,13985.005604
200.0,200,13996.25926
192.0,192,14006.241687
145.0,145,14013.724616
200.0,200,14024.460716
149.0,149,14031.710225
200.0,200,14042.143964
200.0,200,14051.422492
200.0,200,14062.399156
147.0,147,14070.087291
128.0,128,14075.885029
163.0,163,14084.472433
18.0,18,14085.152408
200.0,200,14095.470466
200.0,200,14104.400358
200.0,200,14114.91405
200.0,200,14124.525444
200.0,200,14134.270727
200.0,200,14143.96336
200.0,200,14154.437699
172.0,172,14162.811935
200.0,200,14172.214937
200.0,200,14183.259669
171.0,171,14192.054225
124.0,124,14197.492813
119.0,119,14203.152675
137.0,137,14209.803495
118.0,118,14215.786543
129.0,129,14222.368712
112.0,112,14228.402593
105.0,105,14233.687652
118.0,118,14239.084436
120.0,120,14244.397768
120.0,120,14249.601844
112.0,112,14255.555053
200.0,200,14265.824767
95.0,95,14270.666931
127.0,127,14278.529851
113.0,113,14284.451766
200.0,200,14294.623236
168.0,168,14303.409588
132.0,132,14309.908443
154.0,154,14317.528321
200.0,200,14327.570571
154.0,154,14335.377548
155.0,155,14342.991266
188.0,188,14351.97903
81.0,81,14355.654704
63.0,63,14358.753265
104.0,104,14363.993733
95.0,95,14369.031997
97.0,97,14374.024301
100.0,100,14379.361115
107.0,107,14384.013326
107.0,107,14388.713131
110.0,110,14394.370221
106.0,106,14399.41837
109.0,109,14404.822002
161.0,161,14412.693553
97.0,97,14417.634075
113.0,113,14422.477409
101.0,101,14426.648434
94.0,94,14430.960704
116.0,116,14437.220195
128.0,128,14443.226475
121.0,121,14448.65982
105.0,105,14454.381705
85.0,85,14458.291289
101.0,101,14463.220449
126.0,126,14469.221722
78.0,78,14473.296489
157.0,157,14481.137376
122.0,122,14487.171457
130.0,130,14493.146135
114.0,114,14499.039301
113.0,113,14503.719228
117.0,117,14508.989952
114.0,114,14514.753919
109.0,109,14519.385214
120.0,120,14525.080655
50.0,50,14527.35888
110.0,110,14532.38668
146.0,146,14540.614953
93.0,93,14545.489476
144.0,144,14552.540379
10.0,10,14553.130124
150.0,150,14561.228932
141.0,141,14568.320909
172.0,172,14577.019182
154.0,154,14584.683219
147.0,147,14591.887549
176.0,176,14600.212762
200.0,200,14609.876602
200.0,200,14620.220832
200.0,200,14630.693673
200.0,200,14641.453293
200.0,200,14651.237247
200.0,200,14660.308777
200.0,200,14669.450511
200.0,200,14679.534685
200.0,200,14689.106641
200.0,200,14697.963138
200.0,200,14707.59419
200.0,200,14717.794038
200.0,200,14727.522143
90.0,90,14731.392462
200.0,200,14740.910091
153.0,153,14748.365594
140.0,140,14755.428065
200.0,200,14765.071434
200.0,200,14773.638146
193.0,193,14781.957091
163.0,163,14789.782111
118.0,118,14795.079882
200.0,200,14802.872873
200.0,200,14810.514959
