# {"t_start": 1596568377.562643, "env_id": "MountainCar-v0"} 
r,l,t
-200.0,200,3.93069
-200.0,200,4.077476
-200.0,200,4.21019
-200.0,200,4.342862
-200.0,200,4.488
-200.0,200,12.532998
-200.0,200,20.527368
-200.0,200,28.548762
-200.0,200,36.57156
-200.0,200,44.53712
-200.0,200,52.519552
-200.0,200,60.596221
-200.0,200,68.633173
-200.0,200,76.700704
-200.0,200,84.657798
-200.0,200,92.612483
-200.0,200,100.589497
-200.0,200,108.588387
-200.0,200,116.714652
-200.0,200,124.687601
-200.0,200,132.756875
-200.0,200,140.834016
-200.0,200,148.865811
-200.0,200,156.909819
-200.0,200,164.876577
-200.0,200,172.912925
-200.0,200,180.992687
-200.0,200,189.077326
-200.0,200,197.092538
-200.0,200,205.103436
-200.0,200,213.102283
-200.0,200,221.096933
-200.0,200,229.114743
-200.0,200,237.178668
-200.0,200,245.191879
-200.0,200,253.338489
-200.0,200,261.390104
-200.0,200,269.383532
-200.0,200,277.435347
-200.0,200,285.514479
-200.0,200,293.53415
-200.0,200,301.575772
-200.0,200,309.665378
-200.0,200,317.702103
-200.0,200,325.768156
-200.0,200,333.769081
-200.0,200,341.754248
-200.0,200,349.71888
-200.0,200,357.737765
-200.0,200,365.744226
-200.0,200,373.791215
-200.0,200,381.816627
-200.0,200,389.919534
-200.0,200,397.981827
-200.0,200,405.986557
-200.0,200,413.987627
-200.0,200,422.035882
-200.0,200,430.073822
-200.0,200,438.156667
-200.0,200,446.20533
-200.0,200,454.314628
-200.0,200,462.364706
-200.0,200,470.402475
-200.0,200,478.4876
-200.0,200,486.576316
-200.0,200,494.659036
-200.0,200,502.623096
-200.0,200,510.612739
-200.0,200,518.664556
-200.0,200,526.683784
-200.0,200,534.694875
-200.0,200,542.715737
-200.0,200,550.835247
-200.0,200,558.935169
-200.0,200,566.976573
-200.0,200,575.011926
-200.0,200,583.053587
-200.0,200,591.111499
-200.0,200,599.160953
-200.0,200,607.26604
-200.0,200,615.317294
-200.0,200,623.333195
-200.0,200,631.318853
-200.0,200,639.333588
-200.0,200,647.316382
-200.0,200,655.310498
-200.0,200,663.388929
-200.0,200,671.441221
-200.0,200,679.456351
-200.0,200,687.473682
-200.0,200,695.510629
-200.0,200,703.493043
-200.0,200,711.541249
-200.0,200,719.58079
-200.0,200,727.687934
-200.0,200,735.801804
-200.0,200,743.877469
-200.0,200,751.898539
-200.0,200,759.936189
-200.0,200,768.01816
-200.0,200,776.154653
-200.0,200,784.287936
-200.0,200,792.400944
-200.0,200,800.546403
-200.0,200,808.627671
-200.0,200,816.669586
-200.0,200,824.666237
-200.0,200,832.718673
-200.0,200,840.698412
-200.0,200,848.791251
-200.0,200,856.920181
-200.0,200,865.017377
-200.0,200,873.031656
-200.0,200,881.042848
-200.0,200,889.161651
-200.0,200,897.275172
-200.0,200,905.320512
-200.0,200,913.352783
-200.0,200,921.379611
-200.0,200,929.396562
-200.0,200,937.435849
-200.0,200,945.421083
-200.0,200,953.425705
-200.0,200,961.472014
-200.0,200,969.49989
-200.0,200,977.528382
-200.0,200,985.572898
-200.0,200,993.695722
-200.0,200,1001.732143
-200.0,200,1009.784638
-200.0,200,1017.809386
-200.0,200,1025.772052
-200.0,200,1033.746972
-200.0,200,1041.717386
-200.0,200,1049.633514
-200.0,200,1057.522379
-200.0,200,1065.37746
-200.0,200,1073.311476
-200.0,200,1081.191125
-200.0,200,1089.073106
-200.0,200,1096.91819
-200.0,200,1104.847076
-200.0,200,1112.697704
-200.0,200,1120.507977
-200.0,200,1128.307115
-200.0,200,1136.105255
-200.0,200,1143.95035
-200.0,200,1151.88318
-200.0,200,1159.77699
-200.0,200,1167.706653
-200.0,200,1175.650981
-200.0,200,1183.638571
-200.0,200,1191.660119
-200.0,200,1199.666831
-200.0,200,1207.795414
-200.0,200,1215.728812
-200.0,200,1223.631205
-200.0,200,1231.497653
-200.0,200,1239.381709
-200.0,200,1247.290399
-200.0,200,1255.210021
-200.0,200,1263.094271
-200.0,200,1270.9849
-200.0,200,1278.885034
-200.0,200,1286.684984
-200.0,200,1294.476586
-200.0,200,1302.293058
-200.0,200,1310.213933
-200.0,200,1318.107793
-200.0,200,1326.00355
-200.0,200,1333.873512
-200.0,200,1341.901471
-200.0,200,1349.70658
-200.0,200,1357.505945
-200.0,200,1365.341987
-200.0,200,1373.268907
-200.0,200,1381.117263
-200.0,200,1388.929329
-200.0,200,1396.75943
-200.0,200,1404.606309
-200.0,200,1412.411323
-200.0,200,1420.220562
-200.0,200,1428.093538
-200.0,200,1435.971854
-200.0,200,1443.906624
-200.0,200,1451.827483
-200.0,200,1459.78227
-166.0,166,1466.302184
-200.0,200,1474.183685
-200.0,200,1482.029053
-200.0,200,1489.84851
-200.0,200,1497.709196
-200.0,200,1505.567233
-200.0,200,1513.408369
-200.0,200,1521.274967
-200.0,200,1529.119269
-200.0,200,1537.004618
-200.0,200,1544.801152
-200.0,200,1552.626986
-200.0,200,1560.550417
-88.0,88,1564.04951
-200.0,200,1571.950184
-200.0,200,1579.809965
-200.0,200,1587.683783
-200.0,200,1595.589824
-187.0,187,1602.9064
-200.0,200,1610.822657
-200.0,200,1618.755947
-200.0,200,1626.705314
-200.0,200,1634.682434
-200.0,200,1642.631196
-200.0,200,1650.504198
-180.0,180,1657.657194
-200.0,200,1665.56554
-200.0,200,1673.471407
-200.0,200,1681.401732
-200.0,200,1689.31449
-200.0,200,1697.262711
-200.0,200,1705.208821
-200.0,200,1713.064781
-200.0,200,1720.957429
-200.0,200,1728.739549
-200.0,200,1736.602483
-200.0,200,1744.522118
-199.0,199,1752.462976
-200.0,200,1760.374354
-144.0,144,1765.998685
-200.0,200,1773.888379
-200.0,200,1781.781808
-200.0,200,1789.569126
-200.0,200,1797.501091
-200.0,200,1805.403397
-179.0,179,1812.402018
-200.0,200,1820.286764
-200.0,200,1828.122194
-200.0,200,1835.945518
-200.0,200,1843.719033
-200.0,200,1851.593176
-200.0,200,1859.437592
-200.0,200,1867.312592
-133.0,133,1872.533567
-200.0,200,1880.474043
-186.0,186,1887.806594
-120.0,120,1892.499165
-187.0,187,1899.85329
-190.0,190,1907.288584
-200.0,200,1915.176777
-200.0,200,1923.110495
-200.0,200,1931.045674
-151.0,151,1937.087138
-200.0,200,1945.007342
-200.0,200,1952.839099
-200.0,200,1960.730669
-200.0,200,1968.554039
-200.0,200,1976.470601
-200.0,200,1984.302388
-200.0,200,1992.154044
-200.0,200,1999.952843
-200.0,200,2007.792429
-200.0,200,2015.637134
-200.0,200,2023.433792
-200.0,200,2031.214263
-200.0,200,2039.054808
-200.0,200,2046.958207
-200.0,200,2054.862207
-189.0,189,2062.324322
-200.0,200,2070.138418
-200.0,200,2077.978311
-200.0,200,2085.805663
-200.0,200,2093.662828
-200.0,200,2101.492399
-200.0,200,2109.385138
-162.0,162,2115.780447
-135.0,135,2121.104209
-200.0,200,2128.97169
-147.0,147,2134.653791
-200.0,200,2142.39941
-200.0,200,2150.169622
-200.0,200,2158.082073
-200.0,200,2165.965504
-200.0,200,2173.794203
-182.0,182,2180.923918
-200.0,200,2188.844519
-200.0,200,2196.634784
-200.0,200,2204.389439
-200.0,200,2212.198396
-200.0,200,2220.086576
-200.0,200,2227.920089
-200.0,200,2235.789751
-200.0,200,2243.737862
-200.0,200,2251.549002
-200.0,200,2259.5312
-200.0,200,2267.444424
-200.0,200,2275.363482
-200.0,200,2283.330407
-200.0,200,2291.11309
-200.0,200,2298.977885
-200.0,200,2306.877043
-200.0,200,2314.803175
-200.0,200,2322.613788
-200.0,200,2330.410737
-200.0,200,2338.280535
-200.0,200,2346.141715
-200.0,200,2354.074207
-200.0,200,2361.973875
-200.0,200,2369.922966
-200.0,200,2377.799025
-200.0,200,2385.582181
-200.0,200,2393.440962
-200.0,200,2401.318707
-200.0,200,2409.182125
-200.0,200,2417.152161
-200.0,200,2425.101356
-192.0,192,2432.736244
-200.0,200,2440.863221
-200.0,200,2448.950575
-123.0,123,2453.872115
-178.0,178,2460.988759
-200.0,200,2468.981275
-91.0,91,2472.689887
-166.0,166,2479.284966
-200.0,200,2487.178818
-157.0,157,2493.364119
-200.0,200,2501.222703
-200.0,200,2509.088279
-166.0,166,2515.645955
-200.0,200,2523.585218
-200.0,200,2531.518942
-200.0,200,2539.422144
-161.0,161,2545.790112
-162.0,162,2552.137758
-200.0,200,2559.999972
-162.0,162,2566.356747
-168.0,168,2572.974241
-157.0,157,2579.217474
-152.0,152,2585.183831
-91.0,91,2588.747582
-200.0,200,2596.540438
-200.0,200,2604.366782
-92.0,92,2607.962005
-200.0,200,2615.769647
-167.0,167,2622.309253
-95.0,95,2626.012119
-200.0,200,2633.862979
-97.0,97,2637.644858
-200.0,200,2645.518274
-200.0,200,2653.45252
-200.0,200,2661.366353
-200.0,200,2669.244645
-180.0,180,2676.329526
-92.0,92,2679.929358
-88.0,88,2683.384482
-168.0,168,2690.060913
-179.0,179,2697.1084
-149.0,149,2702.961964
-175.0,175,2709.866403
-88.0,88,2713.334841
-200.0,200,2721.222681
-200.0,200,2729.118547
-152.0,152,2735.126418
-160.0,160,2741.432169
-154.0,154,2747.475271
-169.0,169,2754.094434
-88.0,88,2757.583546
-156.0,156,2763.715702
-200.0,200,2771.531971
-200.0,200,2779.352006
-200.0,200,2787.238429
-200.0,200,2795.142871
-200.0,200,2803.020387
-162.0,162,2809.377649
-200.0,200,2817.243063
-200.0,200,2825.148663
-200.0,200,2833.248827
-200.0,200,2841.359919
-200.0,200,2849.47171
-200.0,200,2857.497319
-200.0,200,2865.473696
-200.0,200,2873.373001
-91.0,91,2877.028315
-200.0,200,2884.95155
-200.0,200,2892.86915
-200.0,200,2900.778036
-200.0,200,2908.676181
-200.0,200,2916.65817
-200.0,200,2924.621448
-200.0,200,2932.5535
-200.0,200,2940.541855
-200.0,200,2948.45946
-200.0,200,2956.334402
-200.0,200,2964.223295
-200.0,200,2972.118219
-200.0,200,2979.959231
-92.0,92,2983.607866
-200.0,200,2991.76838
-117.0,117,2996.553748
-200.0,200,3004.700447
-200.0,200,3012.699023
-179.0,179,3019.875247
-200.0,200,3027.905809
-200.0,200,3035.705383
-94.0,94,3039.387804
-200.0,200,3047.177825
-200.0,200,3054.980441
-200.0,200,3062.849555
-185.0,185,3070.128025
-200.0,200,3077.992737
-200.0,200,3085.813666
-200.0,200,3093.676651
-200.0,200,3101.505844
-183.0,183,3108.719059
-200.0,200,3116.604963
-200.0,200,3124.493777
-200.0,200,3132.42796
-200.0,200,3140.349369
-200.0,200,3148.292392
-198.0,198,3156.075532
-200.0,200,3163.994609
-200.0,200,3171.908747
-200.0,200,3179.762672
-200.0,200,3187.720799
-185.0,185,3194.99527
-200.0,200,3202.799925
-200.0,200,3210.669173
-147.0,147,3216.417635
-200.0,200,3224.266173
-200.0,200,3232.07668
-172.0,172,3238.821184
-200.0,200,3246.746027
-200.0,200,3254.704791
-200.0,200,3262.599402
-200.0,200,3270.495683
-200.0,200,3278.330687
-200.0,200,3286.136117
-169.0,169,3292.817588
-200.0,200,3300.688048
-128.0,128,3305.734902
-122.0,122,3310.4842
-200.0,200,3318.305957
-200.0,200,3326.118274
-200.0,200,3334.039611
-200.0,200,3341.886789
-200.0,200,3349.743603
-200.0,200,3357.66716
-200.0,200,3365.542582
-139.0,139,3371.013742
-139.0,139,3376.530616
-200.0,200,3384.400379
-149.0,149,3390.26598
-177.0,177,3397.225613
-199.0,199,3404.991117
-165.0,165,3411.455045
-142.0,142,3417.031534
-200.0,200,3424.935627
-200.0,200,3432.892515
-200.0,200,3440.857985
-200.0,200,3448.656691
-200.0,200,3456.492548
-200.0,200,3464.328459
-200.0,200,3472.155138
-200.0,200,3479.992017
-200.0,200,3487.90556
-200.0,200,3495.713457
-200.0,200,3503.572848
-200.0,200,3511.354715
-200.0,200,3519.173514
-200.0,200,3526.957044
-200.0,200,3534.724083
-200.0,200,3542.567965
-200.0,200,3550.507756
-200.0,200,3558.416451
-191.0,191,3565.912405
-200.0,200,3573.761352
-175.0,175,3580.616176
-200.0,200,3588.561985
-200.0,200,3596.463996
-100.0,100,3600.400534
-103.0,103,3604.525424
-164.0,164,3610.955712
-98.0,98,3614.797578
-92.0,92,3618.456437
-163.0,163,3624.855589
-200.0,200,3632.70711
-153.0,153,3638.741146
-99.0,99,3642.612486
-163.0,163,3648.968222
-167.0,167,3655.577499
-168.0,168,3662.222367
-165.0,165,3668.726256
-90.0,90,3672.269195
-165.0,165,3678.737742
-165.0,165,3685.201238
-97.0,97,3688.980545
-158.0,158,3695.138288
-100.0,100,3699.069886
-163.0,163,3705.453048
-87.0,87,3708.853435
-156.0,156,3715.009269
-156.0,156,3721.142088
-168.0,168,3727.791651
-161.0,161,3734.164129
-156.0,156,3740.308469
-166.0,166,3746.819999
-93.0,93,3750.467754
-165.0,165,3756.959243
-163.0,163,3763.385955
-200.0,200,3771.282497
-151.0,151,3777.256636
-157.0,157,3783.411794
-165.0,165,3789.900606
-162.0,162,3796.293738
-157.0,157,3802.496586
-165.0,165,3808.998258
-158.0,158,3815.220405
-155.0,155,3821.266546
-174.0,174,3828.070697
-154.0,154,3834.115489
-200.0,200,3841.995805
-87.0,87,3845.411976
-155.0,155,3851.583562
-200.0,200,3859.476959
-130.0,130,3864.571226
-121.0,121,3869.357553
-98.0,98,3873.24638
-160.0,160,3879.537894
-159.0,159,3885.789385
-152.0,152,3891.76595
-159.0,159,3898.003881
-153.0,153,3904.046004
-159.0,159,3910.287354
-175.0,175,3917.130287
-200.0,200,3924.941591
-168.0,168,3931.53863
-167.0,167,3938.085872
-124.0,124,3942.929956
-149.0,149,3948.716387
-155.0,155,3954.709686
-149.0,149,3960.508395
-159.0,159,3966.791534
-167.0,167,3973.386842
-87.0,87,3976.798985
-177.0,177,3983.734839
-165.0,165,3990.257061
-88.0,88,3993.801322
-200.0,200,4001.75167
-200.0,200,4009.635185
-154.0,154,4015.703119
-147.0,147,4021.482777
-152.0,152,4027.498698
-155.0,155,4033.620195
-153.0,153,4039.683962
-200.0,200,4047.529348
-86.0,86,4050.875574
-86.0,86,4054.357498
-168.0,168,4060.977744
-88.0,88,4064.4459
-156.0,156,4070.582057
-152.0,152,4076.589261
-86.0,86,4079.939836
-167.0,167,4086.557635
-86.0,86,4089.921783
-163.0,163,4096.35152
-168.0,168,4102.963984
-170.0,170,4109.591872
-85.0,85,4112.948943
-157.0,157,4119.078302
-90.0,90,4122.582932
-167.0,167,4129.109678
-86.0,86,4132.474042
-173.0,173,4139.311668
-170.0,170,4146.087914
-172.0,172,4152.923345
-85.0,85,4156.295289
-92.0,92,4159.929889
-162.0,162,4166.341026
-171.0,171,4173.143325
-91.0,91,4176.789469
-169.0,169,4183.538945
-168.0,168,4190.136474
-92.0,92,4193.752392
-96.0,96,4197.55199
-170.0,170,4204.248627
-97.0,97,4208.030238
-108.0,108,4212.253454
-181.0,181,4219.383845
-170.0,170,4226.108069
-184.0,184,4233.380244
-185.0,185,4240.645419
-92.0,92,4244.298483
-166.0,166,4250.763684
-200.0,200,4258.618658
-92.0,92,4262.25504
-164.0,164,4268.718774
-183.0,183,4275.856904
-168.0,168,4282.473448
-107.0,107,4286.687855
-178.0,178,4293.700381
-173.0,173,4300.527082
-178.0,178,4307.49621
-100.0,100,4311.451275
-167.0,167,4318.028537
-173.0,173,4324.874093
-168.0,168,4331.497931
-197.0,197,4339.317165
-173.0,173,4346.12961
-162.0,162,4352.502111
-167.0,167,4359.112224
-91.0,91,4362.741682
-179.0,179,4369.850912
-98.0,98,4373.705413
-160.0,160,4379.988058
-174.0,174,4386.840972
-167.0,167,4393.389042
-197.0,197,4401.159811
-158.0,158,4407.388883
-181.0,181,4414.480662
-185.0,185,4421.757582
-164.0,164,4428.208593
-162.0,162,4434.595577
-149.0,149,4440.48146
-200.0,200,4448.421186
-145.0,145,4454.191702
-109.0,109,4458.518488
-168.0,168,4465.118567
-86.0,86,4468.50487
-148.0,148,4474.334502
-89.0,89,4477.831346
-97.0,97,4481.643833
-171.0,171,4488.376122
-143.0,143,4494.006401
-162.0,162,4500.391967
-170.0,170,4507.130695
-165.0,165,4513.611325
-150.0,150,4519.537038
-138.0,138,4524.972743
-184.0,184,4532.186135
-123.0,123,4537.032263
-187.0,187,4544.31608
-167.0,167,4550.818257
-135.0,135,4556.12077
-99.0,99,4560.025289
-164.0,164,4566.467489
-93.0,93,4570.091008
-115.0,115,4574.61804
-154.0,154,4580.669889
-88.0,88,4584.118833
-123.0,123,4588.933407
-168.0,168,4595.573174
-198.0,198,4603.376958
-147.0,147,4609.150631
-170.0,170,4615.901327
-200.0,200,4623.78887
-104.0,104,4627.893908
-200.0,200,4635.771467
-200.0,200,4643.710896
-200.0,200,4651.588973
-200.0,200,4659.48391
-200.0,200,4667.436629
-200.0,200,4675.323664
-200.0,200,4683.32708
-200.0,200,4691.229648
-200.0,200,4699.105635
-125.0,125,4704.01881
-154.0,154,4710.081648
-122.0,122,4714.922613
-127.0,127,4719.928778
-200.0,200,4727.819416
-198.0,198,4735.541702
-200.0,200,4743.42192
-192.0,192,4750.970934
-200.0,200,4758.894928
-125.0,125,4763.824972
-92.0,92,4767.482004
-200.0,200,4775.342119
-200.0,200,4783.176582
-142.0,142,4788.745528
-111.0,111,4793.116429
-136.0,136,4798.480362
-170.0,170,4805.166729
-130.0,130,4810.23031
-178.0,178,4817.239958
-136.0,136,4822.613743
-200.0,200,4830.427455
-199.0,199,4838.267634
-150.0,150,4844.146328
-132.0,132,4849.334105
-166.0,166,4855.863134
-190.0,190,4863.432745
-114.0,114,4867.948725
-119.0,119,4872.663998
-200.0,200,4880.592417
-126.0,126,4885.579579
-136.0,136,4890.85899
-200.0,200,4898.705121
-200.0,200,4906.517106
-129.0,129,4911.608789
-169.0,169,4918.282903
-200.0,200,4926.144928
-200.0,200,4934.001114
-200.0,200,4941.880514
-200.0,200,4949.689465
-129.0,129,4954.748322
-200.0,200,4962.613745
-120.0,120,4967.33189
-198.0,198,4975.112652
-132.0,132,4980.242759
-131.0,131,4985.394491
-200.0,200,4993.245196
-200.0,200,5001.069146
-125.0,125,5005.938379
-200.0,200,5013.733538
-165.0,165,5020.196874
-158.0,158,5026.360409
-167.0,167,5032.865867
-154.0,154,5038.893499
-176.0,176,5045.730713
-90.0,90,5049.313575
-154.0,154,5055.38602
-165.0,165,5061.897017
-162.0,162,5068.257514
-162.0,162,5074.666032
-89.0,89,5078.158306
-156.0,156,5084.261336
-162.0,162,5090.64578
-90.0,90,5094.18292
-170.0,170,5100.855378
-162.0,162,5107.258898
-110.0,110,5111.556661
-97.0,97,5115.379145
-169.0,169,5121.986409
-165.0,165,5128.463945
-167.0,167,5134.950346
-97.0,97,5138.7658
-89.0,89,5142.258539
-169.0,169,5148.957869
-184.0,184,5156.215238
-172.0,172,5163.060935
-108.0,108,5167.411992
-167.0,167,5173.950662
-167.0,167,5180.526101
-166.0,166,5187.070865
-160.0,160,5193.424524
-174.0,174,5200.283847
-161.0,161,5206.605023
-91.0,91,5210.193274
-101.0,101,5214.167047
-163.0,163,5220.561559
-100.0,100,5224.497701
-164.0,164,5230.985256
-101.0,101,5235.015385
-165.0,165,5241.560014
-182.0,182,5248.774683
-169.0,169,5255.393374
-167.0,167,5261.9741
-98.0,98,5265.798672
-183.0,183,5273.012578
-162.0,162,5279.393483
-168.0,168,5286.006579
-168.0,168,5292.583895
-180.0,180,5299.652529
-173.0,173,5306.511777
-165.0,165,5312.98052
-174.0,174,5319.78947
-101.0,101,5323.732803
-175.0,175,5330.60348
-116.0,116,5335.147596
-166.0,166,5341.644125
-167.0,167,5348.289464
-176.0,176,5355.236358
-160.0,160,5361.545094
-184.0,184,5368.76776
-175.0,175,5375.627279
-165.0,165,5382.104765
-170.0,170,5388.763286
-161.0,161,5395.102215
-177.0,177,5402.007699
-170.0,170,5408.688009
-187.0,187,5415.954346
-98.0,98,5419.787852
-102.0,102,5423.766899
-165.0,165,5430.192325
-177.0,177,5437.133308
-170.0,170,5443.773993
-92.0,92,5447.367687
-169.0,169,5454.046831
-171.0,171,5460.814833
-183.0,183,5468.066782
-171.0,171,5474.725417
-178.0,178,5481.764719
-200.0,200,5489.592662
-178.0,178,5496.598035
-200.0,200,5504.438595
-200.0,200,5512.340886
-181.0,181,5519.436922
-183.0,183,5526.641903
-177.0,177,5533.597364
-178.0,178,5540.619471
-200.0,200,5548.403067
-179.0,179,5555.39
-200.0,200,5563.311759
-117.0,117,5567.920575
-105.0,105,5572.049898
-200.0,200,5579.945936
-200.0,200,5587.798862
-101.0,101,5591.735369
-94.0,94,5595.422469
-100.0,100,5599.347337
-180.0,180,5606.467737
-112.0,112,5610.871481
-192.0,192,5618.461354
-106.0,106,5622.646397
-199.0,199,5630.368652
-186.0,186,5637.653088
-107.0,107,5641.813635
-200.0,200,5649.724733
-196.0,196,5657.453724
-120.0,120,5662.168782
-104.0,104,5666.234714
-194.0,194,5673.835339
-126.0,126,5678.749313
-132.0,132,5683.965904
-200.0,200,5691.826786
-200.0,200,5699.730099
-189.0,189,5707.197826
-200.0,200,5715.061172
-200.0,200,5722.925329
-200.0,200,5730.752711
-200.0,200,5738.595351
-200.0,200,5746.459067
-200.0,200,5754.309364
-200.0,200,5762.178946
-200.0,200,5770.067476
-200.0,200,5777.921644
-200.0,200,5785.715973
-200.0,200,5793.570735
-200.0,200,5801.468896
-200.0,200,5809.287888
-200.0,200,5817.173399
-200.0,200,5825.046077
-200.0,200,5832.949317
-200.0,200,5840.876538
-200.0,200,5848.739421
-200.0,200,5856.594534
-200.0,200,5864.404808
-200.0,200,5872.232652
-200.0,200,5880.111084
-184.0,184,5887.342223
-200.0,200,5895.146598
-200.0,200,5903.077661
-200.0,200,5910.961125
-200.0,200,5918.868492
-200.0,200,5926.78352
-200.0,200,5934.706756
-200.0,200,5942.609311
-200.0,200,5950.503849
-200.0,200,5958.439754
-200.0,200,5966.304606
-200.0,200,5974.176541
-200.0,200,5981.959085
-200.0,200,5989.848898
-200.0,200,5997.780886
-200.0,200,6005.65138
-200.0,200,6013.525006
-200.0,200,6021.330406
-200.0,200,6029.130052
-200.0,200,6036.972694
-200.0,200,6044.820597
-200.0,200,6052.677755
-200.0,200,6060.496168
-200.0,200,6068.280596
-200.0,200,6076.143104
-200.0,200,6084.055569
-200.0,200,6091.856576
-200.0,200,6099.692311
-200.0,200,6107.59172
-200.0,200,6115.505095
-200.0,200,6123.378648
-200.0,200,6131.274932
-200.0,200,6139.17863
-200.0,200,6147.084241
-200.0,200,6155.013114
-200.0,200,6162.84395
-200.0,200,6170.667805
-200.0,200,6178.542481
-200.0,200,6186.370011
-200.0,200,6194.222811
-200.0,200,6202.037363
-200.0,200,6209.874224
-200.0,200,6217.756365
-200.0,200,6225.554264
-200.0,200,6233.361802
-200.0,200,6241.216257
-200.0,200,6249.130466
-200.0,200,6257.015203
-200.0,200,6264.953406
-200.0,200,6272.852351
-200.0,200,6280.788929
-200.0,200,6288.651465
-200.0,200,6296.556125
-200.0,200,6304.525289
-200.0,200,6312.498144
-200.0,200,6320.430315
-200.0,200,6328.306795
-200.0,200,6336.175661
-200.0,200,6344.041573
-200.0,200,6351.894274
-200.0,200,6359.755015
-200.0,200,6367.606607
-200.0,200,6375.484146
-200.0,200,6383.336758
-200.0,200,6391.263082
-200.0,200,6399.091807
-200.0,200,6406.932404
-200.0,200,6414.755941
-200.0,200,6422.638323
-200.0,200,6430.718998
-200.0,200,6438.853217
-200.0,200,6446.90221
-200.0,200,6454.87506
-200.0,200,6462.861438
-200.0,200,6470.828959
-200.0,200,6478.859028
-200.0,200,6486.8715
-200.0,200,6494.848451
-200.0,200,6502.84998
-200.0,200,6510.848709
-200.0,200,6518.905889
-200.0,200,6526.914403
-200.0,200,6534.912614
-200.0,200,6542.940702
-200.0,200,6550.985632
-200.0,200,6559.085844
-200.0,200,6567.154247
-200.0,200,6575.150191
-200.0,200,6583.19515
-200.0,200,6591.145389
-200.0,200,6599.129879
-200.0,200,6607.215461
-200.0,200,6615.181418
-200.0,200,6623.186278
-200.0,200,6631.142367
-200.0,200,6639.165174
-200.0,200,6647.176384
-200.0,200,6655.142439
-200.0,200,6663.173847
-200.0,200,6671.202834
-200.0,200,6679.18077
-200.0,200,6687.141192
-200.0,200,6695.167628
-200.0,200,6703.202626
-200.0,200,6711.255637
-200.0,200,6719.300959
-200.0,200,6727.468381
-200.0,200,6735.582894
-200.0,200,6743.68134
-200.0,200,6751.675763
-200.0,200,6759.73674
-200.0,200,6767.845865
-200.0,200,6775.972308
-200.0,200,6784.106845
-200.0,200,6792.219125
-200.0,200,6800.23637
-200.0,200,6808.352412
-200.0,200,6816.442885
-200.0,200,6824.580707
-200.0,200,6832.638339
-200.0,200,6840.718899
-200.0,200,6848.857882
-200.0,200,6856.960924
-200.0,200,6865.036216
-200.0,200,6873.101471
-200.0,200,6881.160762
-200.0,200,6889.193826
-200.0,200,6897.321268
-200.0,200,6905.357339
-200.0,200,6913.448665
-200.0,200,6921.508547
-200.0,200,6929.518451
-200.0,200,6937.553303
-200.0,200,6945.668871
-200.0,200,6953.833253
-200.0,200,6961.908689
-200.0,200,6969.985905
-200.0,200,6978.122155
-200.0,200,6986.209895
-200.0,200,6994.290513
-200.0,200,7002.417448
-200.0,200,7010.505183
-200.0,200,7018.659844
-200.0,200,7026.800092
-200.0,200,7034.968493
-200.0,200,7043.2488
-200.0,200,7051.510551
-200.0,200,7059.756947
-200.0,200,7068.035508
-200.0,200,7076.224987
-200.0,200,7084.442269
-200.0,200,7092.61635
-200.0,200,7100.800916
-200.0,200,7109.055009
-200.0,200,7117.260002
-200.0,200,7125.4695
-200.0,200,7133.561459
-200.0,200,7141.72699
-200.0,200,7150.103084
-200.0,200,7158.41592
-200.0,200,7166.361796
-200.0,200,7174.291755
-200.0,200,7182.156039
-200.0,200,7190.053972
-200.0,200,7197.954448
-200.0,200,7205.80018
-200.0,200,7213.721707
-200.0,200,7221.647892
-200.0,200,7229.544297
-200.0,200,7237.400455
-200.0,200,7245.214472
-200.0,200,7253.086206
-200.0,200,7261.017881
-200.0,200,7268.930015
-200.0,200,7276.826225
-200.0,200,7284.696541
-200.0,200,7292.505735
-200.0,200,7300.385487
-200.0,200,7308.27114
-200.0,200,7316.12403
-200.0,200,7324.015082
-200.0,200,7331.977087
-200.0,200,7339.898736
-200.0,200,7347.731184
-200.0,200,7355.557358
-200.0,200,7363.417229
-200.0,200,7371.377456
-200.0,200,7379.26572
-200.0,200,7387.140931
-200.0,200,7394.930499
-200.0,200,7402.833034
-200.0,200,7410.692261
-200.0,200,7418.53322
-200.0,200,7426.382186
-200.0,200,7434.274285
-200.0,200,7442.14344
-200.0,200,7450.130194
-200.0,200,7457.992041
-200.0,200,7465.864351
-200.0,200,7473.71786
-200.0,200,7481.636297
-200.0,200,7489.544483
-200.0,200,7497.458723
-200.0,200,7505.370914
-200.0,200,7513.307909
-200.0,200,7521.118698
-200.0,200,7528.936816
-200.0,200,7536.739985
-200.0,200,7544.579215
-200.0,200,7552.410722
-200.0,200,7560.331186
-200.0,200,7568.259717
-200.0,200,7576.179657
-200.0,200,7584.062468
-200.0,200,7592.065993
-200.0,200,7599.985089
-200.0,200,7607.965199
-200.0,200,7615.922947
-200.0,200,7623.849999
-200.0,200,7631.760816
-200.0,200,7639.7133
-200.0,200,7647.644929
-200.0,200,7655.641124
-200.0,200,7663.57286
-200.0,200,7671.448446
-200.0,200,7679.370045
-200.0,200,7687.281373
-200.0,200,7695.170204
-200.0,200,7703.081496
-200.0,200,7710.972982
-200.0,200,7718.827113
-200.0,200,7726.738101
-200.0,200,7734.594065
-200.0,200,7742.465997
-200.0,200,7750.404931
-200.0,200,7758.41471
-200.0,200,7766.32776
-200.0,200,7774.183915
-200.0,200,7782.039488
-200.0,200,7789.963449
-200.0,200,7797.936307
-200.0,200,7805.874501
-200.0,200,7813.773363
-200.0,200,7821.601475
-200.0,200,7829.45414
-200.0,200,7837.308877
-200.0,200,7845.158896
-194.0,194,7852.789871
-196.0,196,7860.561633
-200.0,200,7868.415547
-200.0,200,7876.304872
-200.0,200,7884.138114
-200.0,200,7892.039068
-182.0,182,7899.228329
-197.0,197,7906.976421
-162.0,162,7913.341275
-200.0,200,7921.255934
-200.0,200,7929.232553
-200.0,200,7937.189895
-200.0,200,7945.07127
-200.0,200,7952.96086
-200.0,200,7960.899138
-200.0,200,7968.789196
-200.0,200,7976.685939
-200.0,200,7984.555987
-200.0,200,7992.426543
-200.0,200,8000.290819
-200.0,200,8008.233312
-200.0,200,8016.108557
-200.0,200,8023.924854
-200.0,200,8031.76511
-200.0,200,8039.649237
-200.0,200,8047.562951
-200.0,200,8055.529657
-200.0,200,8063.464141
-200.0,200,8071.35739
-200.0,200,8079.27806
-200.0,200,8087.117389
-200.0,200,8094.974239
-200.0,200,8102.910076
-200.0,200,8110.848298
-200.0,200,8118.729856
-200.0,200,8126.608682
-200.0,200,8134.545493
-200.0,200,8142.348335
-200.0,200,8150.136861
-200.0,200,8157.990806
-200.0,200,8165.818644
-200.0,200,8173.640774
-200.0,200,8181.474912
-200.0,200,8189.345954
-200.0,200,8197.24649
-200.0,200,8205.060849
-200.0,200,8212.923431
-200.0,200,8220.840738
-200.0,200,8228.706315
-200.0,200,8236.635505
-200.0,200,8244.570928
-200.0,200,8252.422491
-200.0,200,8260.312315
-200.0,200,8268.332682
-200.0,200,8276.241873
-200.0,200,8284.128001
-200.0,200,8292.033666
-200.0,200,8299.933378
-200.0,200,8307.799738
-200.0,200,8315.666149
-200.0,200,8323.610363
-200.0,200,8331.433791
-200.0,200,8339.435327
-200.0,200,8347.295654
-200.0,200,8355.302672
-200.0,200,8363.226775
-200.0,200,8371.10663
-200.0,200,8378.97002
-200.0,200,8386.866313
-200.0,200,8394.751063
-200.0,200,8402.63
-200.0,200,8410.496702
-200.0,200,8418.381278
-200.0,200,8426.265805
-200.0,200,8434.127247
-200.0,200,8441.940815
-200.0,200,8449.807178
-200.0,200,8457.718509
-200.0,200,8465.581749
-200.0,200,8473.463853
-200.0,200,8481.432279
-200.0,200,8489.340814
-200.0,200,8497.22039
-200.0,200,8505.101508
-200.0,200,8513.0569
-200.0,200,8520.968531
-200.0,200,8528.862228
-200.0,200,8536.844298
-200.0,200,8544.790697
-200.0,200,8552.681131
-200.0,200,8560.548271
-200.0,200,8568.4504
-200.0,200,8576.363199
-200.0,200,8584.228122
-200.0,200,8592.08329
-200.0,200,8599.92578
-200.0,200,8607.739662
-200.0,200,8615.583158
-112.0,112,8619.927622
-200.0,200,8627.763023
-200.0,200,8635.625781
-200.0,200,8643.492468
-200.0,200,8651.41244
-200.0,200,8659.367393
-200.0,200,8667.256529
-200.0,200,8675.181237
-200.0,200,8683.089834
-200.0,200,8690.936987
-200.0,200,8698.830929
-200.0,200,8706.707994
-200.0,200,8714.531945
-200.0,200,8722.427393
-200.0,200,8730.298243
-200.0,200,8738.141016
-200.0,200,8745.9516
-200.0,200,8753.775711
-200.0,200,8761.657127
-200.0,200,8769.507391
-173.0,173,8776.331464
-200.0,200,8784.199234
-200.0,200,8792.145165
-200.0,200,8800.037403
-200.0,200,8807.917134
-200.0,200,8815.851175
-200.0,200,8823.779386
-200.0,200,8831.682579
-200.0,200,8839.62498
-200.0,200,8847.552816
-200.0,200,8855.432997
-200.0,200,8863.317601
-200.0,200,8871.219952
-174.0,174,8878.122934
-200.0,200,8885.944726
-184.0,184,8893.1614
-200.0,200,8900.981647
-200.0,200,8908.85557
-200.0,200,8916.761079
-200.0,200,8924.586014
-200.0,200,8932.495674
-200.0,200,8940.432267
-200.0,200,8948.336031
-200.0,200,8956.273594
-200.0,200,8964.141943
-200.0,200,8971.983833
-200.0,200,8979.838392
-200.0,200,8987.789546
-200.0,200,8995.670602
-200.0,200,9003.634264
-200.0,200,9011.484428
-200.0,200,9019.32157
-200.0,200,9027.15381
-200.0,200,9035.010636
-200.0,200,9042.863946
-200.0,200,9050.69627
-200.0,200,9058.588033
-200.0,200,9066.413953
-200.0,200,9074.241041
-200.0,200,9082.083261
-200.0,200,9090.014931
-200.0,200,9097.843178
-200.0,200,9105.664122
-200.0,200,9113.52876
-200.0,200,9121.468714
-200.0,200,9129.36612
-200.0,200,9137.270328
-200.0,200,9145.182233
-200.0,200,9153.038536
-200.0,200,9160.876042
-200.0,200,9168.716569
-179.0,179,9175.775196
-200.0,200,9183.641656
-200.0,200,9191.4891
-200.0,200,9199.3434
-168.0,168,9205.890716
-200.0,200,9213.730523
-200.0,200,9221.567437
-200.0,200,9229.435213
-200.0,200,9237.294404
-200.0,200,9245.126621
-200.0,200,9253.066454
-200.0,200,9260.922946
-200.0,200,9268.798469
-200.0,200,9276.646265
-200.0,200,9284.48757
-200.0,200,9292.375717
-200.0,200,9300.280866
-200.0,200,9308.152029
-200.0,200,9316.008515
-200.0,200,9323.871351
-200.0,200,9331.740786
-200.0,200,9339.594263
-192.0,192,9347.12936
-200.0,200,9355.013141
-200.0,200,9362.906749
-200.0,200,9370.73684
-200.0,200,9378.614017
-199.0,199,9386.423379
-200.0,200,9394.2881
-200.0,200,9402.150643
-200.0,200,9410.009037
-200.0,200,9417.925229
-200.0,200,9425.759303
-200.0,200,9433.698746
-200.0,200,9441.564867
-200.0,200,9449.378783
-200.0,200,9457.226765
-200.0,200,9465.037574
-200.0,200,9472.923878
-196.0,196,9480.634875
-200.0,200,9488.464295
-200.0,200,9496.320896
-200.0,200,9504.184332
-200.0,200,9512.045254
-200.0,200,9519.918232
-200.0,200,9527.708852
-200.0,200,9535.470005
-200.0,200,9543.359512
-200.0,200,9551.264211
-200.0,200,9559.177844
-200.0,200,9567.082242
-200.0,200,9574.978994
-200.0,200,9582.847961
-200.0,200,9590.720189
-200.0,200,9598.613739
-200.0,200,9606.510277
-200.0,200,9614.364606
-200.0,200,9622.277368
-200.0,200,9630.151045
-200.0,200,9638.084816
-200.0,200,9645.940057
-200.0,200,9653.8154
-200.0,200,9661.697649
-200.0,200,9669.555869
-200.0,200,9677.416497
-168.0,168,9683.977901
-200.0,200,9691.877797
-170.0,170,9698.528258
-200.0,200,9706.378712
-200.0,200,9714.238712
-167.0,167,9720.889557
-124.0,124,9725.83076
-200.0,200,9733.726916
-176.0,176,9740.65166
-194.0,194,9748.294458
-200.0,200,9756.156666
-187.0,187,9763.515965
-192.0,192,9771.114882
-93.0,93,9774.817349
-200.0,200,9782.778239
-126.0,126,9787.702323
-200.0,200,9795.584971
-200.0,200,9803.372854
-191.0,191,9810.858461
-190.0,190,9818.271801
-124.0,124,9823.139181
-193.0,193,9830.723122
-93.0,93,9834.400144
-104.0,104,9838.476308
-170.0,170,9845.150139
-200.0,200,9853.077218
-184.0,184,9860.406564
-175.0,175,9867.237659
-183.0,183,9874.457242
-178.0,178,9881.440896
-188.0,188,9888.853622
-175.0,175,9895.757876
-96.0,96,9899.58601
-182.0,182,9906.782777
-200.0,200,9914.622885
-185.0,185,9921.941298
-150.0,150,9927.818434
-91.0,91,9931.378961
-184.0,184,9938.583716
-200.0,200,9946.374672
-105.0,105,9950.508664
-95.0,95,9954.212703
-179.0,179,9961.248658
-93.0,93,9964.920318
-200.0,200,9972.776688
-165.0,165,9979.270692
-197.0,197,9987.020326
-183.0,183,9994.316928
-178.0,178,10001.306582
-182.0,182,10008.412612
-182.0,182,10015.572653
-187.0,187,10022.939477
-109.0,109,10027.233799
-104.0,104,10031.30538
-96.0,96,10035.126731
-172.0,172,10041.96164
-173.0,173,10048.738217
-174.0,174,10055.525236
-92.0,92,10059.12396
-107.0,107,10063.354284
-175.0,175,10070.208296
-163.0,163,10076.643072
-99.0,99,10080.569182
-99.0,99,10084.507152
-86.0,86,10087.922956
-106.0,106,10092.12595
-168.0,168,10098.821272
-104.0,104,10102.942542
-120.0,120,10107.680102
-88.0,88,10111.118865
-175.0,175,10118.041838
-185.0,185,10125.305516
-173.0,173,10132.081228
-200.0,200,10139.918701
-178.0,178,10146.967665
-183.0,183,10154.197346
-169.0,169,10160.919662
-179.0,179,10167.974637
-176.0,176,10174.939186
-88.0,88,10178.409642
-181.0,181,10185.531349
-184.0,184,10192.834867
-172.0,172,10199.658391
-171.0,171,10206.451374
-200.0,200,10214.313621
-175.0,175,10221.216497
-184.0,184,10228.467737
-174.0,174,10235.309866
-174.0,174,10242.12737
-165.0,165,10248.582688
-91.0,91,10252.205432
-169.0,169,10258.881845
-185.0,185,10266.186918
-91.0,91,10269.75794
-111.0,111,10274.13987
-174.0,174,10280.996543
-93.0,93,10284.617119
-189.0,189,10292.077179
-185.0,185,10299.336058
-177.0,177,10306.271411
-179.0,179,10313.318182
-178.0,178,10320.307334
-169.0,169,10326.977626
-114.0,114,10331.46526
-183.0,183,10338.734237
-187.0,187,10346.096205
-120.0,120,10350.83064
-92.0,92,10354.46557
-180.0,180,10361.604255
-90.0,90,10365.156847
-96.0,96,10368.972385
-192.0,192,10376.590374
-121.0,121,10381.355371
-94.0,94,10385.071682
-181.0,181,10392.13344
-107.0,107,10396.367807
-182.0,182,10403.479645
-185.0,185,10410.799065
-200.0,200,10418.69363
-173.0,173,10425.527437
-200.0,200,10433.378126
-129.0,129,10438.471226
-96.0,96,10442.277965
-174.0,174,10449.191332
-175.0,175,10456.153825
-173.0,173,10463.024582
-195.0,195,10470.685931
-97.0,97,10474.592638
-181.0,181,10481.816494
-192.0,192,10489.476401
-186.0,186,10496.892522
-175.0,175,10503.795689
-98.0,98,10507.667646
-98.0,98,10511.517589
-168.0,168,10518.163592
-109.0,109,10522.40256
-97.0,97,10526.204082
-118.0,118,10530.803046
-191.0,191,10538.232713
-90.0,90,10541.743065
-157.0,157,10547.889565
-173.0,173,10554.623555
-190.0,190,10562.076692
-187.0,187,10569.472887
-101.0,101,10573.410474
-91.0,91,10576.991214
-176.0,176,10583.851031
-173.0,173,10590.66969
-163.0,163,10597.095481
-186.0,186,10604.387206
-177.0,177,10611.369504
-176.0,176,10618.361638
-175.0,175,10625.298342
-100.0,100,10629.235737
-92.0,92,10632.864905
-171.0,171,10639.656528
-172.0,172,10646.394934
-197.0,197,10654.151881
-119.0,119,10658.785304
-168.0,168,10665.379678
-178.0,178,10672.394284
-166.0,166,10678.904182
-104.0,104,10682.98488
-91.0,91,10686.559814
-164.0,164,10692.994745
-195.0,195,10700.65979
-102.0,102,10704.627832
-171.0,171,10711.340327
-177.0,177,10718.229941
-189.0,189,10725.613175
-106.0,106,10729.742149
-105.0,105,10733.833038
-179.0,179,10740.85614
-100.0,100,10744.802199
-194.0,194,10752.469445
-111.0,111,10756.873749
-180.0,180,10763.918427
-97.0,97,10767.724382
-200.0,200,10775.529815
-94.0,94,10779.205906
-172.0,172,10785.935458
-200.0,200,10793.825237
-185.0,185,10801.092934
-178.0,178,10808.120567
-166.0,166,10814.644418
-93.0,93,10818.326669
-200.0,200,10826.234549
-115.0,115,10830.769136
-183.0,183,10837.973484
-184.0,184,10845.198727
-101.0,101,10849.170128
-108.0,108,10853.393986
-200.0,200,10861.241064
-169.0,169,10867.927214
-185.0,185,10875.25348
-185.0,185,10882.505957
-200.0,200,10890.309593
-107.0,107,10894.506935
-156.0,156,10900.668403
-200.0,200,10908.474376
-104.0,104,10912.55796
-200.0,200,10920.476285
-187.0,187,10927.877028
-200.0,200,10935.788345
-163.0,163,10942.235035
-172.0,172,10948.96634
-200.0,200,10956.801303
-93.0,93,10960.462493
-176.0,176,10967.459297
-97.0,97,10971.300989
-164.0,164,10977.827806
-200.0,200,10985.723379
-190.0,190,10993.188069
-165.0,165,10999.662183
-179.0,179,11006.705159
-184.0,184,11013.923058
-176.0,176,11020.768379
-176.0,176,11027.671685
-182.0,182,11034.795276
-99.0,99,11038.700358
-188.0,188,11046.1567
-171.0,171,11052.964713
-190.0,190,11060.511425
-180.0,180,11067.580812
-188.0,188,11074.945827
-181.0,181,11082.018304
-180.0,180,11089.088372
-177.0,177,11096.082525
-177.0,177,11103.071675
-200.0,200,11110.888541
-175.0,175,11117.777389
-178.0,178,11124.741873
-182.0,182,11131.817393
-89.0,89,11135.293779
-181.0,181,11142.383697
-141.0,141,11147.876494
-173.0,173,11154.631372
-176.0,176,11161.490455
-200.0,200,11169.397287
-199.0,199,11177.182088
-190.0,190,11184.673041
-195.0,195,11192.43414
-157.0,157,11198.607103
-111.0,111,11202.924827
-145.0,145,11208.615479
-97.0,97,11212.432943
-194.0,194,11220.095996
-177.0,177,11227.117653
-179.0,179,11234.211915
-173.0,173,11241.043528
-91.0,91,11244.597727
-166.0,166,11251.069573
-181.0,181,11258.289308
-91.0,91,11261.913287
-115.0,115,11266.402463
-158.0,158,11272.679245
-200.0,200,11280.557956
-192.0,192,11288.142581
-185.0,185,11295.447756
-181.0,181,11302.56686
-177.0,177,11309.554519
-170.0,170,11316.25212
-165.0,165,11322.739545
-168.0,168,11329.277128
-200.0,200,11337.199503
-144.0,144,11342.877251
-200.0,200,11350.765146
-167.0,167,11357.361773
-170.0,170,11364.067614
-159.0,159,11370.299025
-99.0,99,11374.194259
-169.0,169,11380.797028
-118.0,118,11385.441782
-169.0,169,11392.047428
-112.0,112,11396.436617
-157.0,157,11402.667233
-175.0,175,11409.564816
-171.0,171,11416.278552
-178.0,178,11423.259427
-185.0,185,11430.479049
-172.0,172,11437.213114
-200.0,200,11445.003583
-188.0,188,11452.357685
-170.0,170,11459.069966
-171.0,171,11465.757727
-178.0,178,11472.757575
-170.0,170,11479.465998
-104.0,104,11483.553957
-106.0,106,11487.73629
-166.0,166,11494.232192
-102.0,102,11498.219862
-178.0,178,11505.192546
-116.0,116,11509.788874
-172.0,172,11516.539496
-109.0,109,11520.813787
-169.0,169,11527.499624
-104.0,104,11531.628736
-173.0,173,11538.478798
-183.0,183,11545.67309
-200.0,200,11553.501825
-91.0,91,11557.058274
-158.0,158,11563.267264
-195.0,195,11570.893767
-136.0,136,11576.317191
-175.0,175,11583.232575
-174.0,174,11590.068012
-87.0,87,11593.487497
-98.0,98,11597.305447
-175.0,175,11604.19528
-90.0,90,11607.722963
-99.0,99,11611.623971
-170.0,170,11618.347232
-190.0,190,11625.721187
-171.0,171,11632.371238
-183.0,183,11639.566814
-96.0,96,11643.356105
-104.0,104,11647.43101
-132.0,132,11652.695226
-191.0,191,11660.234037
-98.0,98,11664.081899
-174.0,174,11670.886648
-170.0,170,11677.561405
-188.0,188,11684.947465
-102.0,102,11688.960497
-158.0,158,11695.14868
-174.0,174,11702.00817
-181.0,181,11709.163932
-190.0,190,11716.634494
-141.0,141,11722.163121
-108.0,108,11726.41214
-94.0,94,11730.089368
-116.0,116,11734.66866
-149.0,149,11740.448007
-107.0,107,11744.601271
-179.0,179,11751.588265
-180.0,180,11758.637006
-121.0,121,11763.393471
-113.0,113,11767.838729
-89.0,89,11771.346395
-87.0,87,11774.805447
-160.0,160,11781.091696
-174.0,174,11787.931798
-171.0,171,11794.660634
-174.0,174,11801.511214
-95.0,95,11805.228603
-200.0,200,11813.129406
-199.0,199,11821.000454
