# {"t_start": 1593730695.2336683, "env_id": "MountainCar-v0"} 
r,l,t
-200.0,200,3.480322
-200.0,200,3.640936
-200.0,200,3.820116
-200.0,200,3.976577
-200.0,200,4.133991
-200.0,200,4.960656
-200.0,200,5.59181
-200.0,200,6.23795
-200.0,200,6.884809
-200.0,200,7.516667
-200.0,200,8.156089
-200.0,200,8.7877
-200.0,200,9.526578
-200.0,200,10.230443
-200.0,200,10.934868
-200.0,200,11.675283
-200.0,200,12.475584
-200.0,200,13.510773
-200.0,200,14.463169
-200.0,200,15.447213
-200.0,200,16.577382
-200.0,200,17.403211
-200.0,200,18.495764
-200.0,200,19.626376
-200.0,200,20.710863
-200.0,200,21.874123
-200.0,200,23.324667
-200.0,200,24.741457
-200.0,200,25.748281
-200.0,200,27.074371
-200.0,200,28.413813
-200.0,200,29.576393
-200.0,200,31.028212
-200.0,200,32.327901
-200.0,200,33.657035
-200.0,200,34.876491
-200.0,200,36.413532
-200.0,200,37.825186
-200.0,200,39.028019
-200.0,200,40.275583
-200.0,200,41.800939
-200.0,200,43.288513
-200.0,200,44.838796
-200.0,200,46.409315
-200.0,200,47.950092
-200.0,200,49.491793
-200.0,200,50.988917
-200.0,200,52.467932
-200.0,200,53.875116
-200.0,200,55.202399
-200.0,200,56.632894
-200.0,200,58.210778
-200.0,200,59.738859
-200.0,200,61.40402
-200.0,200,62.937231
-200.0,200,64.495747
-200.0,200,66.130117
-200.0,200,67.695913
-200.0,200,69.35453
-200.0,200,70.885235
-200.0,200,72.162394
-200.0,200,73.782027
-200.0,200,75.42445
-200.0,200,77.04029
-200.0,200,78.337131
-200.0,200,79.710843
-200.0,200,81.032676
-200.0,200,82.516934
-200.0,200,84.032347
-200.0,200,85.41468
-200.0,200,87.015425
-200.0,200,88.219041
-200.0,200,89.437261
-200.0,200,90.868892
-200.0,200,92.185332
-200.0,200,93.374548
-200.0,200,94.659601
-200.0,200,96.170192
-200.0,200,97.749542
-200.0,200,99.462086
-200.0,200,101.113354
-200.0,200,102.690718
-200.0,200,104.172721
-200.0,200,105.607837
-200.0,200,106.971983
-200.0,200,108.380596
-200.0,200,109.70208
-200.0,200,111.265177
-200.0,200,112.74153
-200.0,200,114.508078
-200.0,200,116.265126
-200.0,200,117.881057
-200.0,200,119.432276
-200.0,200,120.911449
-200.0,200,122.378639
-200.0,200,123.859971
-200.0,200,125.262877
-200.0,200,126.751566
-200.0,200,127.913025
-200.0,200,129.504055
-200.0,200,131.290736
-200.0,200,132.867231
-200.0,200,134.489827
-200.0,200,136.168457
-200.0,200,137.519697
-200.0,200,138.838251
-200.0,200,140.232005
-200.0,200,141.660736
-200.0,200,143.448325
-200.0,200,145.110573
-200.0,200,146.598517
-200.0,200,148.046948
-200.0,200,149.614432
-200.0,200,151.083348
-200.0,200,152.55936
-200.0,200,154.041828
-200.0,200,155.691747
-200.0,200,157.321033
-200.0,200,159.032893
-200.0,200,160.751417
-200.0,200,162.42093
-200.0,200,163.847427
-200.0,200,165.168604
-200.0,200,166.673284
-200.0,200,168.093605
-200.0,200,169.845563
-200.0,200,171.253351
-200.0,200,172.98534
-200.0,200,174.640944
-200.0,200,176.3631
-200.0,200,177.978173
-200.0,200,179.410332
-200.0,200,181.127455
-200.0,200,182.606011
-200.0,200,184.159793
-200.0,200,185.697546
-200.0,200,187.323934
-200.0,200,188.775929
-200.0,200,190.146035
-200.0,200,191.595436
-200.0,200,193.022248
-200.0,200,194.460035
-200.0,200,196.075579
-200.0,200,197.418122
-200.0,200,198.582304
-200.0,200,200.275056
-200.0,200,201.811036
-200.0,200,203.446734
-200.0,200,205.159703
-200.0,200,206.896604
-200.0,200,208.6352
-200.0,200,210.150816
-200.0,200,211.622964
-200.0,200,213.109689
-200.0,200,214.48796
-200.0,200,215.941816
-200.0,200,217.300268
-200.0,200,218.824407
-200.0,200,220.590885
-200.0,200,222.024882
-200.0,200,223.505151
-200.0,200,224.973215
-200.0,200,226.440216
-200.0,200,227.72442
-200.0,200,228.987984
-200.0,200,230.488428
-200.0,200,231.961666
-200.0,200,233.612592
-200.0,200,235.349573
-200.0,200,237.089744
-200.0,200,238.657837
-200.0,200,240.192138
-200.0,200,241.788819
-200.0,200,243.193645
-200.0,200,244.704247
-200.0,200,245.981704
-200.0,200,247.205908
-200.0,200,248.69444
-200.0,200,250.25718
-200.0,200,251.87499
-200.0,200,253.469348
-200.0,200,255.094568
-200.0,200,256.630354
-200.0,200,258.150109
-200.0,200,259.664882
-200.0,200,261.350365
-200.0,200,262.960408
-200.0,200,264.472891
-200.0,200,266.033237
-200.0,200,267.568652
-200.0,200,268.974054
-200.0,200,270.397558
-200.0,200,271.922711
-200.0,200,273.390008
-200.0,200,274.983925
-200.0,200,276.560787
-200.0,200,278.212346
-200.0,200,279.749703
-200.0,200,281.461349
-200.0,200,283.190859
-200.0,200,284.65619
-200.0,200,286.219543
-200.0,200,287.605666
-200.0,200,289.245515
-200.0,200,290.727284
-200.0,200,292.470776
-200.0,200,293.766094
-200.0,200,295.466862
-200.0,200,296.963346
-200.0,200,298.680871
-200.0,200,300.404808
-200.0,200,302.041805
-200.0,200,303.832693
-200.0,200,305.491127
-200.0,200,306.812005
-200.0,200,308.445827
-200.0,200,310.259557
-200.0,200,311.774139
-200.0,200,313.234152
-200.0,200,314.793448
-200.0,200,316.561627
-200.0,200,318.185666
-200.0,200,319.530975
-200.0,200,320.979156
-200.0,200,322.551142
-200.0,200,324.292355
-200.0,200,326.073954
-200.0,200,327.775187
-200.0,200,329.484566
-200.0,200,330.913472
-200.0,200,332.18395
-200.0,200,333.569412
-200.0,200,335.046673
-200.0,200,336.624015
-200.0,200,338.252442
-200.0,200,339.718959
-200.0,200,341.06185
-200.0,200,342.571013
-200.0,200,343.810857
-200.0,200,345.434577
-200.0,200,347.189322
-200.0,200,348.819288
-200.0,200,350.321151
-200.0,200,352.071535
-200.0,200,353.763339
-200.0,200,354.939082
-200.0,200,356.37975
-200.0,200,357.695792
-200.0,200,359.340017
-200.0,200,360.909019
-200.0,200,362.301879
-200.0,200,363.75036
-200.0,200,365.305351
-200.0,200,366.818156
-200.0,200,368.681183
-200.0,200,370.347456
-200.0,200,371.703059
-200.0,200,372.912137
-200.0,200,374.551399
-200.0,200,375.996921
-200.0,200,377.537347
-200.0,200,379.085108
-200.0,200,380.547915
-200.0,200,382.033678
-200.0,200,383.728238
-200.0,200,385.221836
-200.0,200,386.65833
-200.0,200,388.21707
-200.0,200,389.872404
-200.0,200,391.619831
-200.0,200,393.243076
-200.0,200,394.911028
-200.0,200,396.464527
-200.0,200,397.989131
-200.0,200,399.649855
-200.0,200,401.305119
-200.0,200,402.930599
-200.0,200,404.573256
-200.0,200,406.152983
-200.0,200,407.702638
-200.0,200,409.302951
-200.0,200,410.911643
-200.0,200,412.363308
-200.0,200,413.7769
-200.0,200,415.176637
-200.0,200,416.705631
-200.0,200,418.168283
-200.0,200,419.548587
-200.0,200,420.89738
-200.0,200,422.512478
-200.0,200,424.187945
-200.0,200,426.027354
-200.0,200,427.429266
-200.0,200,428.780599
-200.0,200,430.432911
-200.0,200,431.983304
-200.0,200,433.590669
-200.0,200,435.38658
-200.0,200,436.882691
-200.0,200,438.445803
-200.0,200,440.050179
-200.0,200,441.692905
-200.0,200,443.456814
-96.0,96,444.338003
-200.0,200,446.154439
-200.0,200,447.972177
-200.0,200,449.617599
-200.0,200,451.16923
-200.0,200,452.652829
-200.0,200,454.054541
-200.0,200,455.410461
-200.0,200,456.843621
-200.0,200,458.532876
-200.0,200,459.939136
-126.0,126,460.914003
-200.0,200,462.535475
-200.0,200,464.182229
-200.0,200,465.830647
-200.0,200,467.314821
-200.0,200,468.524622
-200.0,200,470.208544
-200.0,200,471.868254
-199.0,199,473.265876
-200.0,200,474.740564
-200.0,200,476.099282
-200.0,200,477.586888
-200.0,200,479.013264
-151.0,151,480.06373
-200.0,200,481.537757
-200.0,200,482.902915
-172.0,172,484.066387
-200.0,200,485.65595
-200.0,200,487.326541
-200.0,200,488.759461
-200.0,200,490.33854
-200.0,200,491.970532
-200.0,200,493.51516
-200.0,200,495.017865
-200.0,200,496.42685
-200.0,200,497.876892
-200.0,200,499.711679
-200.0,200,501.190334
-200.0,200,502.761099
-200.0,200,504.212136
-200.0,200,505.801025
-200.0,200,507.062923
-200.0,200,508.328431
-200.0,200,509.895494
-200.0,200,511.452915
-200.0,200,513.139542
-102.0,102,513.95685
-177.0,177,515.379095
-120.0,120,516.141249
-83.0,83,516.767556
-200.0,200,518.37912
-200.0,200,519.555205
-200.0,200,521.289603
-175.0,175,522.936937
-102.0,102,523.686852
-161.0,161,524.753687
-170.0,170,526.112622
-129.0,129,526.973855
-105.0,105,527.576179
-143.0,143,528.680719
-200.0,200,530.215479
-127.0,127,531.293576
-155.0,155,532.38604
-87.0,87,533.228181
-90.0,90,534.007651
-200.0,200,535.726006
-151.0,151,536.884088
-158.0,158,538.113356
-151.0,151,539.227812
-148.0,148,540.24982
-154.0,154,541.309199
-152.0,152,542.363392
-156.0,156,543.273999
-162.0,162,544.071915
-147.0,147,545.219871
-163.0,163,546.332333
-151.0,151,547.694848
-158.0,158,549.051888
-170.0,170,550.451776
-200.0,200,551.991797
-157.0,157,553.271236
-200.0,200,554.4167
-153.0,153,555.41918
-150.0,150,556.719363
-195.0,195,558.192684
-150.0,150,559.453521
-150.0,150,560.376439
-200.0,200,561.903169
-140.0,140,562.975764
-146.0,146,564.078491
-200.0,200,565.439667
-151.0,151,566.608084
-133.0,133,567.804995
-200.0,200,569.127624
-143.0,143,570.301846
-135.0,135,571.526303
-155.0,155,572.667094
-135.0,135,573.51214
-127.0,127,574.544009
-151.0,151,575.767764
-156.0,156,576.903073
-137.0,137,577.875688
-134.0,134,579.049556
-148.0,148,580.372117
-187.0,187,581.899656
-148.0,148,582.815494
-200.0,200,583.854694
-200.0,200,585.155121
-130.0,130,586.181854
-187.0,187,587.760427
-130.0,130,588.760066
-200.0,200,590.363465
-200.0,200,591.713975
-200.0,200,593.182643
-193.0,193,594.809887
-200.0,200,596.472092
-200.0,200,598.228257
-200.0,200,599.952667
-200.0,200,601.648982
-200.0,200,603.343862
-200.0,200,604.675606
-200.0,200,606.178031
-200.0,200,607.534025
-200.0,200,608.796738
-200.0,200,610.211345
-200.0,200,611.666573
-200.0,200,613.244368
-200.0,200,614.807893
-200.0,200,616.289041
-200.0,200,617.964347
-200.0,200,619.552666
-200.0,200,620.864071
-200.0,200,622.629364
-200.0,200,624.114212
-200.0,200,625.702117
-163.0,163,626.779717
-200.0,200,628.392627
-156.0,156,629.658404
-171.0,171,630.934879
-200.0,200,632.503598
-160.0,160,633.525494
-200.0,200,634.583115
-84.0,84,635.250656
-200.0,200,636.620922
-200.0,200,637.892532
-200.0,200,639.285822
-200.0,200,640.904596
-159.0,159,642.300213
-91.0,91,643.026778
-200.0,200,644.637767
-200.0,200,645.927253
-109.0,109,646.70357
-179.0,179,648.161887
-200.0,200,649.539548
-200.0,200,650.942063
-86.0,86,651.59101
-131.0,131,652.42635
-200.0,200,653.883992
-200.0,200,655.441299
-90.0,90,656.267014
-86.0,86,657.002341
-175.0,175,658.452236
-93.0,93,659.260366
-89.0,89,659.960114
-200.0,200,661.570928
-200.0,200,663.095185
-186.0,186,664.486734
-200.0,200,666.029697
-114.0,114,666.71893
-98.0,98,667.498629
-200.0,200,668.859605
-200.0,200,670.1862
-178.0,178,671.621014
-105.0,105,672.354614
-200.0,200,673.792643
-94.0,94,674.575738
-88.0,88,675.260031
-102.0,102,676.137569
-94.0,94,676.981154
-200.0,200,678.295771
-174.0,174,679.559878
-85.0,85,680.160671
-162.0,162,681.34554
-155.0,155,682.23222
-169.0,169,683.497516
-167.0,167,684.840641
-172.0,172,686.102063
-164.0,164,687.493707
-161.0,161,688.675617
-90.0,90,689.350804
-84.0,84,690.013257
-159.0,159,690.986093
-85.0,85,691.66974
-157.0,157,692.884609
-163.0,163,694.272603
-176.0,176,695.72185
-152.0,152,696.703063
-156.0,156,697.972284
-200.0,200,699.536407
-200.0,200,700.922454
-159.0,159,702.248741
-90.0,90,702.97926
-147.0,147,704.039368
-95.0,95,704.735663
-86.0,86,705.478168
-149.0,149,706.648113
-87.0,87,707.194822
-89.0,89,707.898596
-150.0,150,709.132506
-151.0,151,710.299131
-150.0,150,711.519951
-200.0,200,712.9567
-148.0,148,714.155367
-154.0,154,715.221427
-200.0,200,716.712488
-84.0,84,717.229948
-87.0,87,718.075484
-150.0,150,719.284476
-144.0,144,720.475801
-148.0,148,721.681238
-145.0,145,722.933639
-84.0,84,723.430345
-148.0,148,724.515297
-96.0,96,725.092061
-147.0,147,726.049436
-151.0,151,727.282368
-148.0,148,728.508017
-148.0,148,729.732281
-151.0,151,730.947806
-92.0,92,731.694803
-151.0,151,732.840245
-94.0,94,733.677367
-84.0,84,734.389463
-153.0,153,735.639996
-98.0,98,736.460965
-147.0,147,737.697149
-87.0,87,738.433519
-156.0,156,739.657599
-153.0,153,740.879262
-94.0,94,741.607755
-143.0,143,742.877016
-153.0,153,744.106105
-200.0,200,745.521848
-99.0,99,746.322832
-99.0,99,747.061344
-159.0,159,748.155056
-149.0,149,749.314349
-200.0,200,750.83899
-88.0,88,751.353026
-154.0,154,752.460556
-93.0,93,753.074322
-85.0,85,753.770881
-151.0,151,755.074427
-87.0,87,755.827159
-155.0,155,757.167204
-161.0,161,758.32173
-95.0,95,759.149111
-88.0,88,759.949967
-141.0,141,760.792661
-90.0,90,761.455049
-200.0,200,762.93077
-200.0,200,764.335352
-86.0,86,765.038078
-89.0,89,765.668681
-200.0,200,767.516068
-94.0,94,768.319939
-143.0,143,769.530116
-158.0,158,770.855754
-158.0,158,771.929784
-90.0,90,772.534944
-190.0,190,773.903929
-191.0,191,775.323722
-97.0,97,776.260829
-152.0,152,777.74859
-200.0,200,779.426078
-94.0,94,780.177491
-161.0,161,781.300069
-200.0,200,782.733929
-200.0,200,784.078902
-200.0,200,785.661348
-200.0,200,787.30994
-97.0,97,788.102455
-200.0,200,789.767956
-127.0,127,790.785091
-182.0,182,792.17037
-136.0,136,793.169126
-137.0,137,794.112194
-200.0,200,795.722925
-136.0,136,796.907968
-121.0,121,797.989366
-200.0,200,799.686698
-144.0,144,800.73818
-200.0,200,802.102969
-114.0,114,802.894069
-121.0,121,803.706776
-200.0,200,804.94283
-200.0,200,806.552433
-130.0,130,807.341497
-200.0,200,808.868857
-200.0,200,810.166148
-200.0,200,811.545256
-200.0,200,813.128249
-129.0,129,814.207134
-123.0,123,815.100027
-200.0,200,816.688501
-121.0,121,817.729693
-126.0,126,818.555499
-200.0,200,820.134204
-200.0,200,821.790702
-200.0,200,823.257198
-122.0,122,824.100039
-200.0,200,825.700959
-128.0,128,826.784305
-120.0,120,827.634646
-200.0,200,829.109433
-200.0,200,830.76071
-116.0,116,831.774059
-200.0,200,833.490608
-200.0,200,834.955925
-200.0,200,836.582576
-200.0,200,838.204441
-200.0,200,839.77202
-200.0,200,841.217457
-200.0,200,842.734282
-200.0,200,844.358326
-200.0,200,846.101076
-200.0,200,847.802616
-200.0,200,849.304662
-200.0,200,850.993003
-200.0,200,852.613661
-200.0,200,854.0845
-200.0,200,855.616373
-200.0,200,857.098431
-200.0,200,858.571113
-200.0,200,859.882464
-200.0,200,861.415199
-200.0,200,863.07039
-200.0,200,864.828616
-200.0,200,866.403621
-200.0,200,867.836123
-200.0,200,869.432323
-200.0,200,871.042837
-200.0,200,872.703593
-200.0,200,874.184188
-200.0,200,875.657945
-160.0,160,876.613776
-200.0,200,877.878526
-141.0,141,879.06647
-138.0,138,880.184827
-158.0,158,881.432476
-119.0,119,882.383386
-120.0,120,883.348504
-153.0,153,884.480082
-200.0,200,885.994968
-103.0,103,886.756891
-152.0,152,887.857818
-148.0,148,889.08404
-146.0,146,890.266879
-137.0,137,891.340372
-127.0,127,892.380869
-147.0,147,893.554354
-153.0,153,894.767833
-131.0,131,895.655829
-151.0,151,896.803235
-128.0,128,897.612027
-126.0,126,898.425514
-138.0,138,899.418795
-140.0,140,900.313404
-127.0,127,901.312016
-131.0,131,902.354297
-141.0,141,903.610364
-138.0,138,904.593229
-131.0,131,905.627301
-131.0,131,906.545577
-135.0,135,907.367849
-136.0,136,908.334003
-124.0,124,909.197027
-140.0,140,910.331244
-132.0,132,911.60503
-139.0,139,912.552902
-133.0,133,913.555457
-89.0,89,914.176109
-105.0,105,915.013519
-117.0,117,915.904784
-110.0,110,916.801819
-141.0,141,918.014517
-129.0,129,919.096912
-132.0,132,920.110481
-133.0,133,921.017796
-130.0,130,922.090196
-89.0,89,922.628003
-88.0,88,923.139117
-124.0,124,923.902596
-119.0,119,924.76626
-139.0,139,926.019273
-200.0,200,927.673782
-130.0,130,928.551427
-133.0,133,929.65703
-119.0,119,930.51627
-135.0,135,931.430156
-137.0,137,932.546958
-130.0,130,933.451483
-137.0,137,934.396315
-125.0,125,935.560166
-133.0,133,936.729307
-200.0,200,938.452608
-130.0,130,939.553396
-131.0,131,940.63871
-146.0,146,941.782343
-143.0,143,942.854119
-132.0,132,943.911534
-138.0,138,945.020198
-133.0,133,946.073447
-200.0,200,947.313195
-200.0,200,948.956596
-171.0,171,950.393631
-132.0,132,951.442798
-200.0,200,953.114766
-200.0,200,954.483568
-200.0,200,956.046064
-200.0,200,957.489774
-166.0,166,958.786564
-200.0,200,960.402155
-200.0,200,961.895127
-200.0,200,963.533336
-200.0,200,964.870405
-200.0,200,966.283495
-200.0,200,967.810905
-200.0,200,969.170012
-167.0,167,970.298602
-200.0,200,971.994775
-200.0,200,973.65654
-174.0,174,974.944426
-200.0,200,976.602021
-194.0,194,978.167097
-168.0,168,979.544905
-200.0,200,981.016177
-138.0,138,981.878519
-200.0,200,983.414534
-183.0,183,984.784323
-200.0,200,986.408129
-188.0,188,987.869388
-178.0,178,989.152998
-200.0,200,990.807709
-185.0,185,992.160456
-200.0,200,993.668395
-200.0,200,995.299957
-200.0,200,996.88897
-197.0,197,998.522342
-148.0,148,999.618447
-200.0,200,1001.244407
-189.0,189,1002.633017
-191.0,191,1004.057245
-178.0,178,1005.5248
-190.0,190,1006.939059
-189.0,189,1008.39556
-96.0,96,1008.999633
-97.0,97,1009.415812
-197.0,197,1010.670248
-177.0,177,1012.284016
-92.0,92,1012.994597
-180.0,180,1014.425217
-200.0,200,1015.954439
-187.0,187,1017.442884
-188.0,188,1018.993302
-180.0,180,1020.436114
-185.0,185,1021.953478
-172.0,172,1023.248165
-184.0,184,1024.445504
-172.0,172,1025.797527
-190.0,190,1027.346244
-181.0,181,1028.573218
-188.0,188,1030.085622
-200.0,200,1031.473921
-181.0,181,1032.734531
-179.0,179,1034.026688
-179.0,179,1035.495313
-181.0,181,1036.922375
-178.0,178,1038.351847
-176.0,176,1039.615094
-176.0,176,1040.656882
-173.0,173,1042.080338
-177.0,177,1043.203375
-200.0,200,1044.47944
-182.0,182,1045.9598
-176.0,176,1047.358988
-174.0,174,1048.693423
-167.0,167,1049.958525
-93.0,93,1050.651154
-200.0,200,1051.979556
-100.0,100,1052.748819
-200.0,200,1054.155377
-200.0,200,1055.370514
-189.0,189,1056.869488
-91.0,91,1057.519868
-101.0,101,1058.306128
-94.0,94,1059.084696
-181.0,181,1060.56524
-197.0,197,1062.059623
-93.0,93,1062.527715
-177.0,177,1063.736495
-98.0,98,1064.514077
-94.0,94,1065.145492
-96.0,96,1065.907782
-162.0,162,1066.977524
-97.0,97,1067.535403
-179.0,179,1068.681287
-183.0,183,1070.121763
-108.0,108,1070.967987
-95.0,95,1071.718295
-186.0,186,1073.24206
-186.0,186,1074.726527
-177.0,177,1076.055635
-91.0,91,1076.810754
-91.0,91,1077.576211
-183.0,183,1078.91123
-93.0,93,1079.718857
-170.0,170,1080.813724
-169.0,169,1082.084641
-175.0,175,1083.336634
-95.0,95,1083.890786
-102.0,102,1084.659579
-96.0,96,1085.437233
-173.0,173,1086.483087
-191.0,191,1087.802083
-173.0,173,1088.989584
-171.0,171,1090.1929
-176.0,176,1091.613048
-176.0,176,1093.070919
-174.0,174,1094.434624
-171.0,171,1095.819573
-168.0,168,1097.031147
-169.0,169,1098.350563
-175.0,175,1099.577648
-93.0,93,1100.344247
-166.0,166,1101.653178
-120.0,120,1102.624266
-171.0,171,1103.691089
-168.0,168,1104.63617
-163.0,163,1105.908125
-167.0,167,1107.133888
-159.0,159,1108.133108
-168.0,168,1109.334278
-93.0,93,1109.964609
-109.0,109,1110.655997
-172.0,172,1112.096543
-104.0,104,1113.003206
-167.0,167,1114.334121
-165.0,165,1115.631328
-164.0,164,1116.843562
-159.0,159,1118.010672
-177.0,177,1119.125328
-178.0,178,1120.446044
-163.0,163,1121.519609
-175.0,175,1122.975193
-117.0,117,1123.898722
-109.0,109,1124.695465
-198.0,198,1126.045698
-106.0,106,1126.916115
-116.0,116,1127.946829
-124.0,124,1128.824398
-125.0,125,1129.752983
-121.0,121,1130.767588
-118.0,118,1131.433241
-122.0,122,1132.425556
-122.0,122,1133.312657
-100.0,100,1134.056957
-124.0,124,1135.03389
-120.0,120,1136.037832
-127.0,127,1137.09614
-127.0,127,1137.984507
-120.0,120,1138.644614
-123.0,123,1139.466157
-123.0,123,1140.432446
-125.0,125,1141.310626
-123.0,123,1142.304083
-114.0,114,1143.216579
-127.0,127,1144.0537
-121.0,121,1145.040579
-127.0,127,1146.08083
-200.0,200,1147.696093
-125.0,125,1148.571218
-200.0,200,1150.079571
-127.0,127,1151.201802
-124.0,124,1152.089387
-100.0,100,1152.933085
-124.0,124,1153.832083
-200.0,200,1155.378585
-122.0,122,1156.133986
-200.0,200,1157.75121
-200.0,200,1159.407303
-200.0,200,1161.10676
-200.0,200,1162.744002
-200.0,200,1164.467587
-200.0,200,1166.139104
-200.0,200,1167.857906
-200.0,200,1169.425884
-200.0,200,1170.966736
-200.0,200,1172.479909
-200.0,200,1173.957902
-200.0,200,1175.465965
-200.0,200,1176.831038
-200.0,200,1178.176002
-200.0,200,1179.598358
-200.0,200,1180.839613
-200.0,200,1182.328688
-200.0,200,1183.810355
-200.0,200,1185.303743
-200.0,200,1186.872076
-197.0,197,1188.382851
-200.0,200,1190.002507
-200.0,200,1191.688695
-200.0,200,1193.325498
-200.0,200,1194.865906
-200.0,200,1196.223436
-200.0,200,1197.861067
-200.0,200,1199.537768
-200.0,200,1200.735832
-200.0,200,1202.303307
-200.0,200,1203.910127
-200.0,200,1205.299582
-200.0,200,1206.850019
-200.0,200,1208.502329
-200.0,200,1210.371526
-200.0,200,1211.719141
-200.0,200,1213.223698
-200.0,200,1214.709315
-200.0,200,1216.345919
-200.0,200,1217.901208
-200.0,200,1219.411416
-200.0,200,1220.874519
-200.0,200,1222.331768
-200.0,200,1223.589779
-200.0,200,1225.002888
-200.0,200,1226.499565
-200.0,200,1228.048876
-200.0,200,1229.649732
-200.0,200,1231.238186
-200.0,200,1232.715656
-200.0,200,1234.265153
-200.0,200,1235.741316
-200.0,200,1237.144639
-200.0,200,1238.235042
-200.0,200,1239.56461
-200.0,200,1240.960406
-200.0,200,1242.454343
-200.0,200,1244.150238
-200.0,200,1245.835728
-200.0,200,1247.496104
-200.0,200,1248.9072
-200.0,200,1250.539417
-200.0,200,1252.125019
-200.0,200,1253.523575
-200.0,200,1254.971505
-200.0,200,1256.424798
-200.0,200,1258.019189
-200.0,200,1259.585021
-166.0,166,1260.898108
-200.0,200,1262.371006
-200.0,200,1263.955128
-143.0,143,1265.020028
-160.0,160,1266.028929
-200.0,200,1266.909389
-200.0,200,1268.096486
-200.0,200,1269.666489
-200.0,200,1271.241611
-200.0,200,1272.965526
-200.0,200,1274.644388
-200.0,200,1276.155837
-200.0,200,1277.731282
-200.0,200,1279.147154
-200.0,200,1280.548095
-200.0,200,1282.120752
-200.0,200,1283.709648
-200.0,200,1284.930927
-200.0,200,1286.429987
-200.0,200,1288.074448
-200.0,200,1289.481286
-200.0,200,1290.872028
-200.0,200,1292.370731
-200.0,200,1293.905088
-200.0,200,1295.567341
-200.0,200,1296.707131
-200.0,200,1298.165231
-200.0,200,1299.775383
-200.0,200,1301.414816
-200.0,200,1302.992437
-200.0,200,1304.418791
-200.0,200,1306.000097
-200.0,200,1307.38312
-200.0,200,1308.795171
-200.0,200,1310.369379
-200.0,200,1311.974358
-200.0,200,1313.428527
-200.0,200,1314.966561
-200.0,200,1316.466466
-200.0,200,1317.956372
-200.0,200,1319.642459
-200.0,200,1321.257957
-200.0,200,1322.737934
-200.0,200,1324.031314
-200.0,200,1325.710059
-200.0,200,1327.340234
-200.0,200,1328.905924
-200.0,200,1330.433507
-200.0,200,1331.935925
-200.0,200,1333.34113
-200.0,200,1334.859617
-200.0,200,1336.303549
-200.0,200,1338.085649
-200.0,200,1339.761831
-200.0,200,1341.378922
-200.0,200,1342.921455
-200.0,200,1344.626508
-200.0,200,1346.259171
-200.0,200,1347.826149
-200.0,200,1349.0985
-200.0,200,1350.485027
-200.0,200,1352.241942
-200.0,200,1353.852154
-200.0,200,1355.309778
-200.0,200,1356.637024
-200.0,200,1358.260392
-200.0,200,1359.916363
-200.0,200,1361.316641
-200.0,200,1362.921582
-200.0,200,1364.446686
-200.0,200,1365.619488
-200.0,200,1367.119348
-200.0,200,1368.66623
-200.0,200,1369.936594
-200.0,200,1371.340471
-200.0,200,1372.77275
-200.0,200,1374.334242
-200.0,200,1375.625824
-200.0,200,1377.253633
-200.0,200,1378.78677
-200.0,200,1380.262223
-200.0,200,1381.794404
-200.0,200,1383.454797
-200.0,200,1385.117355
-200.0,200,1386.418856
-200.0,200,1388.030616
-200.0,200,1389.590136
-200.0,200,1390.97057
-200.0,200,1392.519138
-200.0,200,1394.051721
-200.0,200,1395.584406
-200.0,200,1397.041909
-200.0,200,1398.57787
-200.0,200,1399.886569
-200.0,200,1401.490542
-200.0,200,1403.087584
-200.0,200,1404.574667
-200.0,200,1406.192034
-200.0,200,1407.792871
-200.0,200,1409.074441
-200.0,200,1410.67185
-200.0,200,1412.313922
-200.0,200,1413.826479
-200.0,200,1415.38822
-200.0,200,1416.347869
-200.0,200,1417.834958
-200.0,200,1419.173298
-200.0,200,1420.100455
-200.0,200,1421.584898
-200.0,200,1423.051969
-200.0,200,1424.493631
-200.0,200,1426.043569
-200.0,200,1427.57815
-200.0,200,1429.151467
-200.0,200,1430.726434
-200.0,200,1432.303286
-200.0,200,1433.950971
-200.0,200,1435.3409
-200.0,200,1436.907401
-200.0,200,1438.335627
-200.0,200,1439.680084
-200.0,200,1441.303108
-200.0,200,1442.93349
-200.0,200,1444.373512
-200.0,200,1445.755887
-200.0,200,1447.336248
-200.0,200,1448.958573
-200.0,200,1450.541692
-200.0,200,1452.10188
-200.0,200,1453.767611
-200.0,200,1455.549091
-200.0,200,1456.963396
-200.0,200,1458.344476
-200.0,200,1459.89275
-200.0,200,1461.430446
-200.0,200,1462.936698
-200.0,200,1464.476716
-200.0,200,1465.905068
-200.0,200,1467.158751
-200.0,200,1468.532891
-200.0,200,1470.106054
-200.0,200,1471.675032
-200.0,200,1473.033955
-200.0,200,1474.503857
-200.0,200,1475.980589
-200.0,200,1477.746605
-200.0,200,1479.396436
-200.0,200,1480.854309
-200.0,200,1482.47945
-200.0,200,1483.668919
-200.0,200,1485.042793
-200.0,200,1486.535543
-200.0,200,1488.103731
-200.0,200,1489.46265
-200.0,200,1490.95639
-200.0,200,1492.361051
-200.0,200,1493.980547
-200.0,200,1495.529754
-200.0,200,1497.08603
-200.0,200,1498.389697
-200.0,200,1499.571899
-200.0,200,1500.913038
-200.0,200,1502.542871
-200.0,200,1504.128666
-200.0,200,1505.724021
-200.0,200,1507.08391
-200.0,200,1508.48866
-200.0,200,1509.948597
-200.0,200,1511.281299
-200.0,200,1512.860502
-200.0,200,1514.463762
-200.0,200,1516.054439
-200.0,200,1517.534688
-200.0,200,1518.918816
-200.0,200,1520.38036
-200.0,200,1521.918723
-200.0,200,1523.378268
-200.0,200,1524.746328
-200.0,200,1526.218568
-200.0,200,1527.818835
-200.0,200,1529.399273
-200.0,200,1530.920215
-200.0,200,1532.451987
-200.0,200,1534.17928
-200.0,200,1535.721378
-200.0,200,1537.229418
-200.0,200,1538.757029
-200.0,200,1540.311294
-200.0,200,1541.885387
-200.0,200,1543.227334
-200.0,200,1544.754008
-200.0,200,1546.399856
-200.0,200,1547.808079
-200.0,200,1549.362733
-200.0,200,1551.01406
-200.0,200,1552.62065
-200.0,200,1554.219205
-200.0,200,1555.805962
-200.0,200,1557.37945
-200.0,200,1558.789466
-200.0,200,1560.322495
-200.0,200,1561.954962
-200.0,200,1563.719915
-200.0,200,1565.152029
-200.0,200,1566.774067
-200.0,200,1568.501887
-200.0,200,1570.212646
-200.0,200,1571.799044
-200.0,200,1573.33581
-200.0,200,1574.900565
-200.0,200,1576.473178
-200.0,200,1577.575711
-200.0,200,1578.524218
-200.0,200,1579.909656
-200.0,200,1581.495591
-200.0,200,1583.26934
-200.0,200,1584.909126
-200.0,200,1586.391319
-200.0,200,1587.918529
-200.0,200,1589.517375
-200.0,200,1590.867618
-200.0,200,1592.414972
-200.0,200,1593.984262
-200.0,200,1595.174573
-200.0,200,1596.601009
-200.0,200,1598.015744
-200.0,200,1599.463344
-200.0,200,1600.776174
-200.0,200,1602.292702
-200.0,200,1603.74184
-200.0,200,1605.085053
-200.0,200,1606.72436
-200.0,200,1608.173691
-200.0,200,1609.647311
-200.0,200,1610.986135
-200.0,200,1612.431837
-200.0,200,1613.844343
-200.0,200,1615.250878
-200.0,200,1616.866035
-200.0,200,1618.375793
-200.0,200,1619.861868
-200.0,200,1621.267208
-200.0,200,1622.656993
-200.0,200,1624.023015
-200.0,200,1625.115218
-200.0,200,1626.56518
-200.0,200,1628.145394
-200.0,200,1629.392579
-198.0,198,1631.030913
-200.0,200,1632.594595
-200.0,200,1634.085555
-138.0,138,1634.919221
-200.0,200,1636.189957
-200.0,200,1637.721384
-200.0,200,1639.289906
-147.0,147,1640.388967
-200.0,200,1641.929002
-200.0,200,1643.491746
-200.0,200,1644.828036
-157.0,157,1645.851257
-200.0,200,1647.388507
-200.0,200,1648.978445
-200.0,200,1650.336689
-200.0,200,1651.551478
-200.0,200,1653.115714
-200.0,200,1654.477529
-200.0,200,1655.835351
-200.0,200,1657.485601
-195.0,195,1659.006854
-200.0,200,1660.215386
-200.0,200,1661.803906
-200.0,200,1663.062945
-200.0,200,1664.527255
-200.0,200,1666.048158
-200.0,200,1667.612743
-200.0,200,1669.170661
-200.0,200,1670.738955
-200.0,200,1672.269549
-200.0,200,1673.83783
-200.0,200,1675.134403
-200.0,200,1676.558286
-200.0,200,1678.018675
-200.0,200,1679.6282
-200.0,200,1681.083106
-200.0,200,1682.618708
-200.0,200,1683.832264
-200.0,200,1685.463276
-200.0,200,1687.081301
-200.0,200,1688.63714
-200.0,200,1690.166728
-200.0,200,1691.595707
-200.0,200,1693.115654
-200.0,200,1694.649626
-193.0,193,1696.216647
-200.0,200,1697.820838
-200.0,200,1699.590837
-200.0,200,1701.401958
-200.0,200,1702.784119
-200.0,200,1704.340187
-200.0,200,1705.87845
-200.0,200,1707.207457
-200.0,200,1708.474686
-200.0,200,1710.113124
-200.0,200,1711.470445
-200.0,200,1712.892619
-200.0,200,1714.369578
-200.0,200,1715.56218
-200.0,200,1716.767524
-200.0,200,1718.170238
-200.0,200,1719.758552
-200.0,200,1720.93118
-200.0,200,1722.486354
-200.0,200,1723.587817
-200.0,200,1725.164284
-200.0,200,1726.774405
-200.0,200,1728.445533
-200.0,200,1729.840932
-200.0,200,1731.082481
-200.0,200,1732.658013
-200.0,200,1734.202697
-200.0,200,1735.850513
-200.0,200,1737.261541
-200.0,200,1738.482102
-200.0,200,1740.058019
-164.0,164,1741.292209
-200.0,200,1742.921544
-200.0,200,1744.478339
-200.0,200,1746.103071
-200.0,200,1747.676223
-200.0,200,1749.001219
-200.0,200,1750.569615
-200.0,200,1751.985615
-200.0,200,1753.328935
-200.0,200,1754.584931
-200.0,200,1756.054354
-200.0,200,1757.445558
-200.0,200,1758.930995
-200.0,200,1760.297828
-200.0,200,1761.710684
-200.0,200,1763.126797
-200.0,200,1764.808172
-200.0,200,1766.466197
-200.0,200,1768.050815
-200.0,200,1769.530199
-200.0,200,1770.943791
-200.0,200,1772.508852
-200.0,200,1774.144683
-200.0,200,1775.764802
-200.0,200,1777.308282
-200.0,200,1778.675121
-200.0,200,1780.20464
-200.0,200,1781.595249
-200.0,200,1783.029307
-200.0,200,1784.410398
-200.0,200,1785.843316
-200.0,200,1787.350034
-200.0,200,1788.883134
-200.0,200,1790.114773
-200.0,200,1791.558207
-200.0,200,1792.997635
-200.0,200,1794.457674
-200.0,200,1796.040183
-200.0,200,1797.572548
-200.0,200,1799.192726
-200.0,200,1800.554665
-200.0,200,1801.8715
-200.0,200,1803.448436
-200.0,200,1804.772324
-200.0,200,1806.367126
-200.0,200,1807.931207
-200.0,200,1809.425876
-200.0,200,1810.802328
-200.0,200,1812.208041
-200.0,200,1813.594946
-200.0,200,1814.824594
-200.0,200,1816.432758
-200.0,200,1818.100941
-200.0,200,1819.619345
-200.0,200,1821.269775
-200.0,200,1822.695345
-200.0,200,1824.30891
-200.0,200,1825.666733
-200.0,200,1827.051023
-200.0,200,1828.467717
-200.0,200,1829.703996
-200.0,200,1831.067156
-200.0,200,1832.652226
-200.0,200,1834.143755
-200.0,200,1835.534948
-200.0,200,1837.213884
-200.0,200,1838.857433
-200.0,200,1840.476481
-200.0,200,1841.824191
-200.0,200,1843.262857
-200.0,200,1844.639713
-200.0,200,1845.946593
-200.0,200,1847.38471
-200.0,200,1849.022863
-200.0,200,1850.626599
-200.0,200,1852.019899
-200.0,200,1853.867038
-200.0,200,1855.349878
-200.0,200,1857.10472
-200.0,200,1858.562252
-200.0,200,1859.630971
-200.0,200,1861.103847
-200.0,200,1862.515794
-200.0,200,1863.93367
-200.0,200,1865.636225
-200.0,200,1867.244409
-200.0,200,1868.58902
-200.0,200,1870.227631
-200.0,200,1871.500478
-200.0,200,1873.037699
-200.0,200,1874.552964
-200.0,200,1876.278833
-200.0,200,1878.040575
-200.0,200,1879.390901
-200.0,200,1880.617996
-200.0,200,1882.044434
-200.0,200,1883.280321
-200.0,200,1884.822863
-200.0,200,1886.522124
-200.0,200,1888.188679
-200.0,200,1889.419339
-200.0,200,1890.971623
-200.0,200,1892.526908
-200.0,200,1894.207164
-200.0,200,1895.539565
-200.0,200,1897.103003
-200.0,200,1898.768392
-200.0,200,1900.372039
-200.0,200,1902.076461
-200.0,200,1903.555789
-200.0,200,1905.112114
-200.0,200,1906.823171
-200.0,200,1908.233621
-200.0,200,1909.821138
-200.0,200,1911.233927
-200.0,200,1912.49211
-200.0,200,1914.092401
-200.0,200,1915.699745
-200.0,200,1917.085008
-200.0,200,1918.573724
-200.0,200,1920.150487
-200.0,200,1921.319905
-200.0,200,1922.802487
-200.0,200,1924.344415
-200.0,200,1925.92361
-200.0,200,1927.436679
-200.0,200,1929.252347
-200.0,200,1930.736086
-200.0,200,1932.095243
-200.0,200,1933.436738
-200.0,200,1934.86939
-200.0,200,1936.228686
-200.0,200,1937.599832
-200.0,200,1939.103831
-200.0,200,1940.481258
-200.0,200,1941.852008
-200.0,200,1943.484907
-200.0,200,1945.038478
-200.0,200,1946.594792
-200.0,200,1948.086424
-200.0,200,1949.466222
-200.0,200,1950.984989
-200.0,200,1952.541889
-200.0,200,1954.009507
-200.0,200,1955.367471
-200.0,200,1956.897998
-200.0,200,1958.308876
-200.0,200,1959.772781
-200.0,200,1961.343331
-200.0,200,1962.764703
-200.0,200,1964.228261
-200.0,200,1965.749782
-200.0,200,1967.116966
-200.0,200,1968.528088
-200.0,200,1969.879637
-200.0,200,1971.410444
-200.0,200,1972.92731
-200.0,200,1974.402107
-200.0,200,1975.941122
-200.0,200,1977.370116
-200.0,200,1978.719295
-200.0,200,1980.288433
-200.0,200,1981.760037
-200.0,200,1983.34549
-200.0,200,1984.596407
-200.0,200,1986.235269
-200.0,200,1987.856591
-200.0,200,1989.414622
-200.0,200,1991.036575
-200.0,200,1992.704664
-200.0,200,1994.108828
-200.0,200,1995.675823
-200.0,200,1997.224699
-200.0,200,1998.767218
-200.0,200,2000.123103
-200.0,200,2001.345727
-200.0,200,2002.54902
-200.0,200,2004.094093
-200.0,200,2005.62093
-200.0,200,2007.195757
-200.0,200,2008.75425
-200.0,200,2010.332007
-200.0,200,2011.81466
-200.0,200,2013.203654
-200.0,200,2014.524302
-200.0,200,2016.191477
-200.0,200,2017.770624
-200.0,200,2019.609246
-200.0,200,2021.312621
-200.0,200,2022.910803
-200.0,200,2024.378339
-200.0,200,2025.758132
-200.0,200,2027.239621
-200.0,200,2028.517781
-200.0,200,2030.154927
-200.0,200,2031.731447
-200.0,200,2033.047875
-200.0,200,2034.600232
-200.0,200,2036.255565
-200.0,200,2037.513801
-200.0,200,2039.057848
-200.0,200,2040.34833
-200.0,200,2041.939016
-200.0,200,2043.663669
-200.0,200,2045.060088
-200.0,200,2046.589221
-200.0,200,2047.93489
-200.0,200,2049.226727
-200.0,200,2050.455065
-200.0,200,2051.715358
-200.0,200,2052.849699
-200.0,200,2054.18405
-200.0,200,2055.695153
-200.0,200,2057.317014
-200.0,200,2058.909897
-200.0,200,2060.382161
-200.0,200,2061.713113
-200.0,200,2063.362097
-200.0,200,2065.021842
-200.0,200,2066.643355
-200.0,200,2068.293928
-200.0,200,2069.752199
-200.0,200,2071.329058
-200.0,200,2072.746188
-200.0,200,2074.254528
-200.0,200,2075.995598
-200.0,200,2077.60304
-200.0,200,2079.361238
-200.0,200,2080.793505
-200.0,200,2082.116999
-200.0,200,2083.689815
-200.0,200,2085.063988
-200.0,200,2086.449112
-200.0,200,2087.685488
-200.0,200,2089.107891
-200.0,200,2090.690538
-200.0,200,2092.097606
-200.0,200,2093.59281
-200.0,200,2095.126551
-200.0,200,2096.799779
-200.0,200,2098.387051
-200.0,200,2099.974547
-200.0,200,2101.2827
-200.0,200,2102.779412
-200.0,200,2104.336952
-200.0,200,2106.011086
-200.0,200,2107.482981
-200.0,200,2109.103414
-200.0,200,2110.302293
-200.0,200,2111.654196
-200.0,200,2113.067982
-200.0,200,2114.472397
-200.0,200,2115.936202
-200.0,200,2117.147828
-200.0,200,2118.667659
-200.0,200,2120.213963
-200.0,200,2121.86571
-200.0,200,2123.465646
-200.0,200,2124.999396
-200.0,200,2126.496835
-200.0,200,2127.808925
-200.0,200,2129.267746
-200.0,200,2130.585419
-200.0,200,2132.187376
-200.0,200,2133.740621
-200.0,200,2135.273161
-200.0,200,2136.815788
-200.0,200,2138.311708
-200.0,200,2139.740151
-200.0,200,2141.024703
-200.0,200,2142.389348
-200.0,200,2143.883601
-200.0,200,2145.183292
-200.0,200,2146.732785
-200.0,200,2148.227901
-200.0,200,2149.746022
-200.0,200,2150.952274
-200.0,200,2152.489836
-200.0,200,2154.210364
-200.0,200,2156.016566
-200.0,200,2157.426616
-200.0,200,2159.085346
-200.0,200,2160.715293
-200.0,200,2162.271259
-200.0,200,2163.637864
-200.0,200,2165.221639
-200.0,200,2166.806331
-200.0,200,2167.952887
-200.0,200,2169.285639
-200.0,200,2170.625038
-200.0,200,2172.277741
-200.0,200,2173.674533
-200.0,200,2175.039382
-200.0,200,2176.629393
-200.0,200,2177.921378
-200.0,200,2179.414405
-200.0,200,2180.899156
-200.0,200,2182.162754
-200.0,200,2183.696722
-200.0,200,2185.093446
-200.0,200,2186.51092
-200.0,200,2187.982958
-200.0,200,2189.461107
-200.0,200,2190.692555
-200.0,200,2192.112566
-200.0,200,2193.615762
-200.0,200,2195.225312
-200.0,200,2196.638107
-200.0,200,2198.215088
-200.0,200,2199.655761
-200.0,200,2201.149118
-200.0,200,2202.644383
-200.0,200,2203.960828
-200.0,200,2205.539975
-200.0,200,2207.085335
-200.0,200,2208.627172
-200.0,200,2210.281408
-200.0,200,2211.701977
-200.0,200,2213.262425
-200.0,200,2214.818328
-200.0,200,2216.346725
-200.0,200,2217.827121
-200.0,200,2219.359591
-200.0,200,2220.754513
-200.0,200,2222.607576
-200.0,200,2223.959558
-200.0,200,2225.26066
-200.0,200,2227.09322
-200.0,200,2228.330499
-200.0,200,2229.790374
-200.0,200,2231.185145
-200.0,200,2232.312678
-200.0,200,2233.304375
-200.0,200,2234.569139
-200.0,200,2235.768591
-200.0,200,2237.076456
-200.0,200,2238.139665
