# {"t_start": 1593793762.8756983, "env_id": "MountainCar-v0"} 
r,l,t
-200.0,200,15.213891
-200.0,200,15.572482
-200.0,200,15.988877
-200.0,200,16.282254
-200.0,200,16.64414
-200.0,200,26.175481
-200.0,200,35.287635
-200.0,200,44.542912
-200.0,200,52.974002
-200.0,200,61.006422
-200.0,200,69.800005
-200.0,200,78.683162
-200.0,200,87.433673
-200.0,200,95.910028
-200.0,200,104.677225
-200.0,200,112.668375
-200.0,200,121.000504
-200.0,200,129.161531
-200.0,200,137.485278
-200.0,200,146.074657
-200.0,200,155.471106
-200.0,200,164.373044
-200.0,200,173.025561
-200.0,200,181.540432
-200.0,200,189.937694
-200.0,200,198.73089
-200.0,200,206.809328
-200.0,200,216.107612
-200.0,200,224.768902
-200.0,200,233.128756
-200.0,200,241.704638
-200.0,200,250.015558
-200.0,200,259.050833
-200.0,200,267.700033
-200.0,200,276.37592
-200.0,200,285.514646
-200.0,200,294.391092
-200.0,200,302.942376
-200.0,200,311.693739
-200.0,200,320.006782
-200.0,200,328.44682
-200.0,200,337.407795
-200.0,200,346.704786
-200.0,200,355.393313
-200.0,200,364.230947
-200.0,200,372.898394
-200.0,200,381.790662
-200.0,200,390.193509
-200.0,200,398.726381
-200.0,200,407.423655
-200.0,200,416.282003
-200.0,200,425.345615
-200.0,200,433.870344
-200.0,200,443.383508
-200.0,200,451.777414
-200.0,200,461.041579
-200.0,200,469.57168
-200.0,200,478.326448
-200.0,200,487.301882
-200.0,200,496.156154
-200.0,200,503.97512
-200.0,200,511.910384
-200.0,200,520.206526
-200.0,200,528.990932
-200.0,200,537.683955
-200.0,200,546.331386
-200.0,200,554.967732
-200.0,200,564.008338
-200.0,200,572.66698
-200.0,200,581.580335
-200.0,200,590.405915
-200.0,200,598.920901
-200.0,200,607.701849
-200.0,200,616.236548
-200.0,200,624.143921
-200.0,200,632.303351
-200.0,200,641.28574
-200.0,200,649.847435
-200.0,200,658.679198
-200.0,200,667.666518
-200.0,200,675.909992
-200.0,200,685.102873
-200.0,200,693.811215
-200.0,200,703.085427
-200.0,200,712.177388
-200.0,200,720.305249
-200.0,200,728.778103
-200.0,200,737.587667
-200.0,200,746.535758
-200.0,200,755.352046
-200.0,200,763.864426
-200.0,200,772.319526
-200.0,200,781.196396
-200.0,200,790.185941
-200.0,200,799.171604
-200.0,200,807.910441
-200.0,200,816.676311
-200.0,200,824.860547
-200.0,200,833.323383
-200.0,200,842.153705
-200.0,200,851.09933
-200.0,200,860.487191
-200.0,200,869.624005
-200.0,200,878.087068
-200.0,200,886.850636
-200.0,200,895.260112
-200.0,200,904.505065
-200.0,200,913.51971
-200.0,200,921.979277
-200.0,200,930.587529
-200.0,200,939.028558
-200.0,200,948.140142
-200.0,200,957.133444
-200.0,200,966.738445
-200.0,200,975.953244
-200.0,200,984.381368
-200.0,200,993.323097
-200.0,200,1001.856372
-200.0,200,1011.032893
-200.0,200,1019.39708
-200.0,200,1027.893718
-200.0,200,1036.873247
-200.0,200,1045.812252
-200.0,200,1055.331563
-200.0,200,1063.940325
-200.0,200,1072.066415
-200.0,200,1081.014809
-200.0,200,1089.665683
-200.0,200,1098.679921
-200.0,200,1107.602603
-200.0,200,1116.739441
-200.0,200,1125.34874
-200.0,200,1134.008678
-200.0,200,1142.579044
-200.0,200,1151.908952
-200.0,200,1160.826478
-200.0,200,1169.554954
-200.0,200,1178.469367
-200.0,200,1186.805161
-200.0,200,1195.128118
-200.0,200,1203.667903
-200.0,200,1212.865404
-200.0,200,1221.551814
-200.0,200,1229.946048
-200.0,200,1238.969409
-200.0,200,1248.215227
-200.0,200,1257.537896
-200.0,200,1265.669487
-200.0,200,1274.850724
-200.0,200,1283.453107
-200.0,200,1291.68155
-200.0,200,1300.439491
-200.0,200,1308.423255
-200.0,200,1317.35766
-200.0,200,1326.714123
-200.0,200,1335.666858
-200.0,200,1344.998674
-200.0,200,1353.512773
-200.0,200,1362.693083
-200.0,200,1371.58431
-200.0,200,1379.327605
-200.0,200,1386.154328
-200.0,200,1394.560538
-200.0,200,1402.054435
-200.0,200,1409.761302
-200.0,200,1418.365298
-200.0,200,1428.183616
-200.0,200,1436.807345
-200.0,200,1445.461792
-200.0,200,1454.340852
-200.0,200,1462.1879
-166.0,166,1469.656353
-200.0,200,1478.934465
-200.0,200,1488.439815
-200.0,200,1496.774383
-200.0,200,1506.171719
-146.0,146,1513.246184
-200.0,200,1521.893569
-200.0,200,1530.194207
-200.0,200,1539.667228
-200.0,200,1548.757713
-200.0,200,1556.748744
-200.0,200,1565.6021
-200.0,200,1574.267687
-200.0,200,1582.975644
-200.0,200,1592.480759
-200.0,200,1601.446657
-200.0,200,1610.506106
-200.0,200,1619.017323
-200.0,200,1628.451076
-200.0,200,1637.114696
-200.0,200,1645.83605
-200.0,200,1654.960294
-200.0,200,1665.018275
-200.0,200,1673.176189
-200.0,200,1682.325071
-200.0,200,1691.321749
-200.0,200,1700.497112
-200.0,200,1709.148826
-200.0,200,1717.58419
-200.0,200,1727.558543
-200.0,200,1736.243584
-200.0,200,1745.371542
-200.0,200,1754.625237
-200.0,200,1763.517125
-200.0,200,1772.171848
-200.0,200,1781.352655
-200.0,200,1790.484301
-200.0,200,1799.071898
-200.0,200,1807.401017
-200.0,200,1816.934045
-200.0,200,1825.750262
-200.0,200,1835.315621
-200.0,200,1843.916014
-200.0,200,1852.858792
-131.0,131,1858.820817
-200.0,200,1868.420251
-200.0,200,1877.12095
-200.0,200,1886.174808
-200.0,200,1894.903265
-200.0,200,1902.857088
-200.0,200,1912.278415
-200.0,200,1921.080548
-200.0,200,1930.726432
-200.0,200,1939.530489
-200.0,200,1947.959321
-200.0,200,1957.843419
-155.0,155,1964.239018
-200.0,200,1973.004021
-200.0,200,1981.717089
-200.0,200,1991.004107
-200.0,200,1999.864244
-200.0,200,2008.586676
-200.0,200,2017.521299
-200.0,200,2026.618223
-200.0,200,2035.486055
-200.0,200,2043.846565
-200.0,200,2052.282195
-200.0,200,2061.793334
-200.0,200,2071.099037
-200.0,200,2079.607266
-200.0,200,2088.726397
-200.0,200,2097.935089
-161.0,161,2105.335683
-195.0,195,2113.597122
-200.0,200,2122.139071
-200.0,200,2131.087455
-200.0,200,2139.364349
-200.0,200,2148.224988
-200.0,200,2157.149854
-200.0,200,2166.610119
-192.0,192,2174.764446
-130.0,130,2180.790987
-200.0,200,2190.473209
-200.0,200,2198.904917
-200.0,200,2208.265368
-200.0,200,2217.738143
-200.0,200,2226.026513
-165.0,165,2233.653337
-111.0,111,2237.979115
-200.0,200,2247.452381
-200.0,200,2257.045943
-200.0,200,2265.839812
-200.0,200,2274.836485
-200.0,200,2283.907119
-200.0,200,2293.092948
-200.0,200,2302.301154
-200.0,200,2311.481849
-200.0,200,2320.652344
-200.0,200,2329.040855
-200.0,200,2338.946122
-200.0,200,2347.856494
-200.0,200,2356.843522
-200.0,200,2365.224437
-200.0,200,2373.683789
-200.0,200,2382.346988
-200.0,200,2390.911479
-200.0,200,2400.101614
-200.0,200,2408.965847
-200.0,200,2417.230169
-200.0,200,2425.870231
-200.0,200,2435.078487
-200.0,200,2444.508985
-200.0,200,2453.158035
-195.0,195,2461.711636
-200.0,200,2470.395195
-200.0,200,2479.328902
-200.0,200,2488.026004
-200.0,200,2497.364971
-200.0,200,2506.552465
-200.0,200,2515.563809
-200.0,200,2524.546896
-200.0,200,2532.822284
-200.0,200,2541.559645
-200.0,200,2550.457856
-200.0,200,2560.121169
-200.0,200,2568.41417
-163.0,163,2575.870873
-200.0,200,2584.277046
-200.0,200,2593.067141
-200.0,200,2601.992743
-200.0,200,2610.971939
-200.0,200,2620.124572
-200.0,200,2628.952742
-200.0,200,2638.081412
-200.0,200,2647.388474
-200.0,200,2655.998658
-200.0,200,2665.063466
-200.0,200,2673.438204
-200.0,200,2682.637173
-200.0,200,2691.945556
-200.0,200,2700.658921
-200.0,200,2709.85924
-200.0,200,2718.095002
-200.0,200,2726.634705
-200.0,200,2735.829571
-200.0,200,2745.132635
-200.0,200,2754.453666
-200.0,200,2763.416143
-200.0,200,2772.412458
-200.0,200,2782.039373
-200.0,200,2791.412964
-200.0,200,2800.34874
-200.0,200,2809.125117
-200.0,200,2817.590859
-200.0,200,2826.213139
-200.0,200,2835.374431
-200.0,200,2844.44324
-200.0,200,2853.668928
-200.0,200,2862.663421
-200.0,200,2871.697799
-200.0,200,2880.892053
-200.0,200,2889.722126
-200.0,200,2898.579592
-200.0,200,2906.932755
-200.0,200,2915.476883
-200.0,200,2923.519849
-200.0,200,2932.772096
-182.0,182,2940.852547
-193.0,193,2949.187607
-167.0,167,2956.477485
-200.0,200,2964.748576
-200.0,200,2973.553631
-126.0,126,2979.335729
-185.0,185,2987.564229
-186.0,186,2995.778018
-200.0,200,3004.231633
-198.0,198,3012.683446
-200.0,200,3021.910474
-200.0,200,3030.716429
-200.0,200,3039.671877
-200.0,200,3049.160441
-200.0,200,3058.800754
-115.0,115,3063.993166
-200.0,200,3072.876801
-200.0,200,3081.359412
-200.0,200,3089.877727
-200.0,200,3099.336895
-200.0,200,3108.202794
-177.0,177,3116.853459
-188.0,188,3124.542909
-200.0,200,3133.274598
-200.0,200,3142.022132
-200.0,200,3150.769201
-131.0,131,3156.223051
-200.0,200,3164.926298
-192.0,192,3173.351907
-200.0,200,3182.513786
-200.0,200,3191.578416
-200.0,200,3200.453611
-200.0,200,3209.340451
-178.0,178,3217.422013
-200.0,200,3226.611953
-200.0,200,3235.441089
-200.0,200,3243.891437
-200.0,200,3253.256049
-200.0,200,3262.299134
-200.0,200,3271.771692
-200.0,200,3280.913626
-170.0,170,3288.206696
-94.0,94,3292.274554
-200.0,200,3301.137012
-187.0,187,3309.421516
-171.0,171,3317.364456
-173.0,173,3325.111132
-171.0,171,3332.451589
-200.0,200,3341.127717
-182.0,182,3349.23294
-165.0,165,3356.39618
-200.0,200,3365.172953
-200.0,200,3374.711399
-171.0,171,3382.064707
-176.0,176,3389.406811
-173.0,173,3397.031425
-149.0,149,3402.458815
-166.0,166,3409.712177
-179.0,179,3417.055639
-154.0,154,3423.908062
-200.0,200,3432.872341
-159.0,159,3439.67336
-165.0,165,3446.571791
-153.0,153,3453.076948
-159.0,159,3460.20751
-200.0,200,3468.587099
-200.0,200,3477.961646
-164.0,164,3484.906936
-87.0,87,3488.718897
-200.0,200,3498.100751
-200.0,200,3507.705487
-200.0,200,3518.105314
-200.0,200,3527.077594
-200.0,200,3536.299372
-200.0,200,3545.634031
-200.0,200,3554.218512
-200.0,200,3563.146152
-94.0,94,3567.316242
-200.0,200,3576.21933
-200.0,200,3585.467839
-200.0,200,3593.765948
-140.0,140,3600.231869
-200.0,200,3609.896877
-200.0,200,3619.504599
-200.0,200,3628.616276
-200.0,200,3637.933954
-200.0,200,3646.795956
-200.0,200,3656.101088
-200.0,200,3664.617149
-200.0,200,3673.126615
-200.0,200,3682.189706
-147.0,147,3688.769595
-186.0,186,3697.982191
-200.0,200,3707.166377
-200.0,200,3716.322698
-200.0,200,3725.476238
-200.0,200,3733.8033
-200.0,200,3743.046364
-179.0,179,3751.329293
-148.0,148,3758.503767
-200.0,200,3767.316304
-200.0,200,3776.934453
-200.0,200,3785.32399
-200.0,200,3794.149236
-200.0,200,3803.360536
-200.0,200,3812.458848
-200.0,200,3821.529068
-91.0,91,3825.094542
-164.0,164,3832.656107
-173.0,173,3840.125093
-200.0,200,3849.726755
-200.0,200,3858.978277
-200.0,200,3868.123458
-170.0,170,3875.693067
-194.0,194,3883.868959
-200.0,200,3893.195472
-200.0,200,3902.564652
-200.0,200,3911.350409
-200.0,200,3919.527583
-200.0,200,3928.28245
-200.0,200,3937.591141
-200.0,200,3946.863856
-200.0,200,3956.164476
-200.0,200,3965.022833
-200.0,200,3973.47544
-200.0,200,3982.684167
-200.0,200,3991.238617
-200.0,200,4000.24085
-200.0,200,4009.469653
-200.0,200,4018.329041
-200.0,200,4027.95108
-200.0,200,4036.684472
-200.0,200,4045.143235
-200.0,200,4054.074154
-160.0,160,4061.48387
-200.0,200,4070.270073
-200.0,200,4079.472378
-200.0,200,4088.231701
-200.0,200,4096.770904
-154.0,154,4103.462353
-200.0,200,4112.416827
-200.0,200,4122.010083
-200.0,200,4131.168617
-200.0,200,4140.197705
-200.0,200,4148.696785
-200.0,200,4157.369549
-157.0,157,4164.021363
-200.0,200,4173.268929
-200.0,200,4182.372579
-200.0,200,4191.319737
-200.0,200,4200.310239
-200.0,200,4208.586392
-200.0,200,4216.865934
-200.0,200,4225.919069
-200.0,200,4234.969091
-200.0,200,4243.974149
-200.0,200,4252.612976
-200.0,200,4261.379826
-200.0,200,4270.510267
-200.0,200,4279.277598
-200.0,200,4288.42854
-200.0,200,4297.470111
-200.0,200,4305.618069
-129.0,129,4311.068339
-137.0,137,4317.330512
-200.0,200,4326.628349
-200.0,200,4336.180793
-200.0,200,4344.51462
-200.0,200,4352.898559
-135.0,135,4358.700333
-200.0,200,4368.101948
-127.0,127,4373.909834
-125.0,125,4379.586593
-131.0,131,4385.810157
-197.0,197,4394.735221
-128.0,128,4400.206807
-127.0,127,4405.696582
-200.0,200,4414.327232
-127.0,127,4420.340385
-197.0,197,4429.787094
-128.0,128,4435.540445
-119.0,119,4440.485721
-124.0,124,4446.533252
-150.0,150,4453.045455
-124.0,124,4458.94649
-127.0,127,4464.929405
-115.0,115,4470.140162
-122.0,122,4475.750056
-185.0,185,4484.238366
-128.0,128,4490.183386
-200.0,200,4499.006055
-121.0,121,4504.446639
-124.0,124,4509.458978
-124.0,124,4515.067442
-126.0,126,4520.880038
-129.0,129,4526.942332
-120.0,120,4531.494242
-118.0,118,4537.09599
-148.0,148,4542.412232
-146.0,146,4549.331111
-186.0,186,4556.901963
-200.0,200,4565.388277
-200.0,200,4574.770908
-200.0,200,4582.405441
-156.0,156,4589.179801
-200.0,200,4597.656902
-200.0,200,4606.363152
-89.0,89,4610.368514
-200.0,200,4619.512365
-89.0,89,4623.46576
-200.0,200,4632.268594
-200.0,200,4641.09876
-200.0,200,4649.886265
-200.0,200,4658.172916
-200.0,200,4666.503732
-200.0,200,4675.78775
-200.0,200,4684.152205
-200.0,200,4692.750929
-200.0,200,4701.204404
-200.0,200,4710.110869
-200.0,200,4718.828088
-200.0,200,4727.400173
-200.0,200,4736.382518
-136.0,136,4742.682113
-200.0,200,4751.650648
-200.0,200,4760.499736
-200.0,200,4769.116313
-193.0,193,4777.699171
-147.0,147,4783.908748
-200.0,200,4791.974551
-151.0,151,4798.555612
-200.0,200,4807.036021
-200.0,200,4815.668525
-180.0,180,4823.198023
-171.0,171,4830.96826
-200.0,200,4840.017431
-198.0,198,4848.703671
-200.0,200,4857.562273
-195.0,195,4865.840811
-186.0,186,4874.020478
-200.0,200,4882.362012
-127.0,127,4887.820938
-200.0,200,4895.813499
-126.0,126,4900.940705
-200.0,200,4909.73993
-200.0,200,4918.678303
-200.0,200,4927.916594
-118.0,118,4932.930476
-200.0,200,4941.503414
-200.0,200,4950.136776
-200.0,200,4958.724393
-200.0,200,4967.352703
-200.0,200,4976.519597
-200.0,200,4985.132701
-200.0,200,4993.616174
-200.0,200,5002.307216
-200.0,200,5010.766318
-200.0,200,5019.413713
-200.0,200,5027.883653
-200.0,200,5036.747686
-200.0,200,5045.601431
-200.0,200,5054.605663
-200.0,200,5063.279464
-200.0,200,5072.258479
-200.0,200,5081.403942
-200.0,200,5090.20916
-200.0,200,5099.38201
-200.0,200,5108.417364
-200.0,200,5117.688532
-200.0,200,5126.959734
-200.0,200,5136.126877
-200.0,200,5144.857684
-200.0,200,5153.823065
-200.0,200,5163.03407
-200.0,200,5171.742942
-200.0,200,5180.136308
-200.0,200,5188.503906
-200.0,200,5197.153866
-200.0,200,5205.802616
-200.0,200,5214.876969
-200.0,200,5223.852411
-200.0,200,5232.092245
-200.0,200,5240.178329
-200.0,200,5249.344905
-200.0,200,5257.533315
-200.0,200,5266.081069
-200.0,200,5274.904206
-200.0,200,5283.172188
-200.0,200,5292.185668
-200.0,200,5300.632564
-200.0,200,5308.719935
-200.0,200,5317.243543
-200.0,200,5326.148134
-200.0,200,5335.034159
-200.0,200,5343.679582
-200.0,200,5352.13598
-200.0,200,5360.711325
-200.0,200,5368.737245
-200.0,200,5377.799208
-200.0,200,5386.782537
-200.0,200,5396.323066
-200.0,200,5404.605673
-200.0,200,5414.008499
-200.0,200,5422.667459
-200.0,200,5431.786378
-200.0,200,5440.368665
-200.0,200,5449.49531
-200.0,200,5457.442979
-200.0,200,5466.107224
-200.0,200,5475.336326
-200.0,200,5484.482128
-200.0,200,5493.316329
-200.0,200,5502.109543
-200.0,200,5510.648803
-200.0,200,5519.768427
-156.0,156,5526.291175
-200.0,200,5535.675277
-168.0,168,5543.573814
-158.0,158,5550.052401
-200.0,200,5559.387158
-200.0,200,5567.905087
-170.0,170,5575.561667
-200.0,200,5584.806242
-200.0,200,5593.023404
-200.0,200,5601.88706
-200.0,200,5610.939998
-156.0,156,5617.988901
-200.0,200,5625.671907
-102.0,102,5629.789524
-200.0,200,5638.763369
-200.0,200,5647.700818
-200.0,200,5656.085461
-200.0,200,5665.244242
-200.0,200,5674.326317
-200.0,200,5682.570907
-200.0,200,5690.925957
-200.0,200,5699.156427
-200.0,200,5707.576513
-200.0,200,5716.416078
-200.0,200,5725.477919
-200.0,200,5733.114353
-172.0,172,5740.334298
-200.0,200,5748.752314
-200.0,200,5757.61458
-200.0,200,5766.539464
-200.0,200,5775.158213
-200.0,200,5783.999036
-200.0,200,5793.133596
-200.0,200,5801.368994
-142.0,142,5807.34261
-179.0,179,5815.322822
-200.0,200,5823.902003
-161.0,161,5830.893841
-200.0,200,5839.997409
-172.0,172,5847.539828
-146.0,146,5854.001892
-156.0,156,5859.678784
-200.0,200,5866.902557
-200.0,200,5875.760717
-129.0,129,5881.77468
-200.0,200,5890.417985
-166.0,166,5897.053636
-176.0,176,5905.073868
-94.0,94,5909.369521
-171.0,171,5916.850018
-147.0,147,5923.206681
-164.0,164,5930.152461
-107.0,107,5934.700807
-93.0,93,5938.874871
-95.0,95,5943.187532
-164.0,164,5949.967556
-200.0,200,5958.870946
-167.0,167,5965.392386
-156.0,156,5972.288788
-147.0,147,5978.370713
-91.0,91,5982.500413
-142.0,142,5988.821181
-200.0,200,5997.510534
-200.0,200,6005.763928
-162.0,162,6012.359483
-159.0,159,6018.950862
-200.0,200,6027.432276
-191.0,191,6035.357774
-161.0,161,6042.324461
-200.0,200,6051.043191
-184.0,184,6058.284427
-200.0,200,6066.519892
-155.0,155,6073.136491
-170.0,170,6080.955001
-200.0,200,6090.031176
-200.0,200,6099.018817
-200.0,200,6107.584936
-200.0,200,6116.277931
-200.0,200,6125.286371
-200.0,200,6134.681443
-200.0,200,6143.940614
-200.0,200,6152.71539
-200.0,200,6161.366158
-200.0,200,6170.038357
-200.0,200,6178.345704
-200.0,200,6186.151292
-200.0,200,6195.109896
-200.0,200,6203.750914
-200.0,200,6212.284518
-200.0,200,6220.630657
-200.0,200,6228.925858
-200.0,200,6237.588745
-200.0,200,6246.311645
-200.0,200,6255.391654
-200.0,200,6264.068758
-200.0,200,6272.970541
-200.0,200,6281.095314
-200.0,200,6289.352866
-200.0,200,6297.520149
-200.0,200,6305.99658
-200.0,200,6314.839947
-200.0,200,6323.986811
-200.0,200,6332.925299
-200.0,200,6341.645786
-200.0,200,6349.468254
-200.0,200,6358.335284
-200.0,200,6366.41589
-200.0,200,6374.493095
-200.0,200,6382.742716
-200.0,200,6391.30157
-188.0,188,6399.56049
-200.0,200,6408.590974
-200.0,200,6417.565595
-200.0,200,6425.903214
-200.0,200,6434.547551
-200.0,200,6443.273615
-200.0,200,6452.544742
-200.0,200,6461.159977
-200.0,200,6469.956402
-200.0,200,6478.336333
-200.0,200,6486.717172
-200.0,200,6495.410764
-200.0,200,6504.140419
-200.0,200,6513.068756
-200.0,200,6521.352745
-200.0,200,6529.778
-200.0,200,6539.234035
-200.0,200,6548.331946
-200.0,200,6557.224718
-200.0,200,6565.433233
-200.0,200,6573.961535
-200.0,200,6583.194416
-200.0,200,6591.458945
-200.0,200,6600.066669
-200.0,200,6609.104582
-200.0,200,6617.592259
-200.0,200,6626.07976
-200.0,200,6634.962627
-200.0,200,6644.260048
-200.0,200,6652.733182
-200.0,200,6661.560237
-200.0,200,6670.581079
-200.0,200,6678.726284
-200.0,200,6687.418372
-200.0,200,6695.914205
-181.0,181,6704.231377
-200.0,200,6712.768795
-200.0,200,6722.043176
-200.0,200,6731.922218
-200.0,200,6740.360701
-200.0,200,6749.070758
-200.0,200,6758.630759
-200.0,200,6767.165602
-106.0,106,6772.158377
-200.0,200,6780.87944
-200.0,200,6789.8522
-87.0,87,6793.307954
-173.0,173,6800.285796
-119.0,119,6805.226011
-200.0,200,6813.278725
-154.0,154,6819.531126
-200.0,200,6828.215029
-200.0,200,6836.698123
-200.0,200,6845.827901
-200.0,200,6854.824301
-192.0,192,6863.600494
-89.0,89,6867.240846
-154.0,154,6874.456475
-200.0,200,6883.511509
-197.0,197,6891.996402
-200.0,200,6901.249196
-200.0,200,6910.179845
-200.0,200,6918.811526
-200.0,200,6927.658586
-195.0,195,6935.738855
-97.0,97,6939.965815
-200.0,200,6949.168822
-184.0,184,6957.53204
-187.0,187,6966.008998
-176.0,176,6973.231715
-200.0,200,6981.663197
-200.0,200,6990.827027
-200.0,200,6999.80261
-185.0,185,7007.750519
-200.0,200,7016.527608
-200.0,200,7024.986724
-200.0,200,7033.375159
-163.0,163,7040.331123
-160.0,160,7047.381071
-166.0,166,7054.823485
-200.0,200,7063.445908
-173.0,173,7070.725312
-166.0,166,7078.20986
-200.0,200,7087.168803
-157.0,157,7093.903718
-91.0,91,7097.581729
-174.0,174,7105.190751
-162.0,162,7111.919284
-147.0,147,7118.162901
-169.0,169,7125.540064
-163.0,163,7133.177435
-156.0,156,7139.82123
-200.0,200,7148.905578
-171.0,171,7156.167148
-184.0,184,7163.860155
-170.0,170,7171.757419
-162.0,162,7179.07043
-92.0,92,7183.356947
-200.0,200,7192.305464
-98.0,98,7196.387802
-200.0,200,7204.762757
-89.0,89,7208.772723
-96.0,96,7212.795212
-200.0,200,7221.28834
-176.0,176,7228.609691
-88.0,88,7232.820644
-95.0,95,7236.588281
-89.0,89,7240.273157
-154.0,154,7246.384373
-200.0,200,7254.96967
-200.0,200,7263.16969
-171.0,171,7270.849263
-200.0,200,7279.981091
-200.0,200,7288.473333
-169.0,169,7294.810002
-164.0,164,7301.216352
-200.0,200,7309.924136
-173.0,173,7317.228781
-160.0,160,7324.251353
-163.0,163,7331.503852
-161.0,161,7338.417772
-200.0,200,7346.932345
-90.0,90,7350.036634
-173.0,173,7357.603142
-200.0,200,7366.421626
-171.0,171,7374.174125
-200.0,200,7383.134277
-200.0,200,7391.702633
-183.0,183,7399.718258
-178.0,178,7407.56892
-158.0,158,7414.490324
-200.0,200,7423.346663
-159.0,159,7430.645907
-200.0,200,7439.35645
-172.0,172,7447.00928
-200.0,200,7455.259502
-200.0,200,7463.364568
-200.0,200,7472.163949
-200.0,200,7481.718352
-200.0,200,7490.501695
-200.0,200,7499.049124
-200.0,200,7507.899369
-200.0,200,7515.933501
-200.0,200,7524.525171
-200.0,200,7533.604299
-200.0,200,7542.666859
-200.0,200,7551.580214
-200.0,200,7560.010697
-200.0,200,7568.673203
-200.0,200,7577.512017
-200.0,200,7585.919127
-200.0,200,7593.638139
-200.0,200,7602.388493
-200.0,200,7611.098608
-200.0,200,7619.819099
-131.0,131,7624.92902
-121.0,121,7630.415328
-200.0,200,7639.256322
-122.0,122,7644.942937
-130.0,130,7650.556844
-200.0,200,7659.909627
-200.0,200,7668.879628
-200.0,200,7677.421815
-200.0,200,7686.606503
-138.0,138,7692.420366
-200.0,200,7701.556947
-200.0,200,7710.597699
-200.0,200,7719.554762
-118.0,118,7724.819741
-200.0,200,7733.705207
-200.0,200,7742.869192
-200.0,200,7751.474432
-200.0,200,7760.222268
-126.0,126,7765.834925
-134.0,134,7771.791915
-200.0,200,7780.920851
-130.0,130,7786.780095
-200.0,200,7795.528875
-200.0,200,7804.259012
-200.0,200,7813.444
-200.0,200,7821.821207
-200.0,200,7830.367093
-142.0,142,7836.860786
-200.0,200,7845.165759
-200.0,200,7853.889609
-200.0,200,7862.402145
-147.0,147,7868.52115
-200.0,200,7876.757104
-142.0,142,7882.89729
-200.0,200,7891.967893
-200.0,200,7900.784286
-200.0,200,7909.356532
-200.0,200,7917.371671
-200.0,200,7925.50483
-200.0,200,7934.668697
-132.0,132,7940.240861
-131.0,131,7945.842904
-136.0,136,7951.555071
-200.0,200,7960.860343
-130.0,130,7966.795558
-195.0,195,7975.410473
-128.0,128,7980.63175
-200.0,200,7989.508774
-200.0,200,7998.369087
-200.0,200,8007.049824
-135.0,135,8012.939994
-128.0,128,8018.12115
-131.0,131,8023.438038
-198.0,198,8031.578269
-127.0,127,8037.449357
-126.0,126,8043.524479
-200.0,200,8052.220713
-128.0,128,8057.917906
-200.0,200,8066.866406
-134.0,134,8072.724003
-132.0,132,8078.431444
-127.0,127,8084.042079
-118.0,118,8089.438273
-138.0,138,8095.220398
-121.0,121,8100.643223
-129.0,129,8106.146102
-139.0,139,8111.798067
-124.0,124,8116.850557
-115.0,115,8121.849609
-133.0,133,8127.337997
-127.0,127,8132.687861
-200.0,200,8141.812067
-131.0,131,8147.7889
-134.0,134,8153.600733
-200.0,200,8162.479271
-128.0,128,8168.165481
-128.0,128,8173.839969
-118.0,118,8179.110952
-123.0,123,8184.75554
-118.0,118,8189.620887
-193.0,193,8197.329642
-124.0,124,8202.920615
-119.0,119,8208.014728
-122.0,122,8213.166303
-122.0,122,8217.947046
-119.0,119,8223.022658
-122.0,122,8227.984496
-119.0,119,8233.234623
-120.0,120,8238.600325
-119.0,119,8243.863623
-114.0,114,8249.073694
-124.0,124,8254.743008
-112.0,112,8259.879578
-118.0,118,8265.09658
-111.0,111,8269.678385
-114.0,114,8274.652366
-200.0,200,8283.689122
-110.0,110,8288.191558
-114.0,114,8292.992666
-112.0,112,8298.38557
-111.0,111,8303.341571
-114.0,114,8308.392265
-114.0,114,8313.607752
-113.0,113,8318.464999
-113.0,113,8323.414317
-117.0,117,8328.831411
-124.0,124,8334.462055
-109.0,109,8339.411271
-118.0,118,8344.526587
-116.0,116,8349.735485
-112.0,112,8354.499077
-117.0,117,8359.977145
-110.0,110,8364.857296
-114.0,114,8369.787066
-115.0,115,8374.892755
-130.0,130,8380.743936
-115.0,115,8385.436257
-112.0,112,8390.582965
-110.0,110,8395.423985
-110.0,110,8400.946802
-116.0,116,8406.274094
-109.0,109,8411.271263
-114.0,114,8416.283529
-109.0,109,8421.134565
-111.0,111,8426.193969
-113.0,113,8431.276751
-109.0,109,8435.471642
-111.0,111,8440.073056
-107.0,107,8445.030354
-109.0,109,8449.777191
-111.0,111,8453.945886
-111.0,111,8458.800939
-106.0,106,8463.743851
-113.0,113,8468.801743
-108.0,108,8473.296946
-111.0,111,8478.361172
-110.0,110,8483.053688
-110.0,110,8487.541503
-120.0,120,8492.147104
-108.0,108,8496.392141
-113.0,113,8501.543449
-109.0,109,8506.440474
-111.0,111,8510.8956
-127.0,127,8516.479115
-148.0,148,8523.285398
-115.0,115,8528.466367
-124.0,124,8534.236505
-112.0,112,8539.040173
-119.0,119,8543.936444
-119.0,119,8549.242586
-120.0,120,8554.597191
-117.0,117,8560.061462
-116.0,116,8565.593673
-112.0,112,8570.446079
-118.0,118,8575.535833
-116.0,116,8580.707951
-116.0,116,8585.87793
-121.0,121,8591.373963
-115.0,115,8596.58514
-121.0,121,8601.448923
-114.0,114,8606.411657
-120.0,120,8611.585911
-118.0,118,8616.91549
-116.0,116,8622.258181
-116.0,116,8627.18008
-119.0,119,8632.267162
-123.0,123,8637.490651
-195.0,195,8645.322191
-112.0,112,8650.133038
-118.0,118,8655.067677
-190.0,190,8662.963016
-179.0,179,8671.137349
-116.0,116,8675.880587
-116.0,116,8680.971942
-111.0,111,8685.955447
-123.0,123,8691.048285
-131.0,131,8696.933209
-124.0,124,8702.413553
-113.0,113,8707.609441
-194.0,194,8715.993575
-122.0,122,8721.639727
-119.0,119,8726.438529
-121.0,121,8731.76196
-179.0,179,8739.270436
-200.0,200,8747.969201
-134.0,134,8753.193643
-121.0,121,8758.418489
-200.0,200,8767.363887
-200.0,200,8776.249065
-176.0,176,8784.007193
-123.0,123,8789.962477
-199.0,199,8798.560154
-195.0,195,8807.108667
-200.0,200,8815.752463
-200.0,200,8824.563357
-200.0,200,8833.467953
-200.0,200,8842.899374
-200.0,200,8851.379411
-200.0,200,8860.339804
-200.0,200,8868.867837
-200.0,200,8878.162254
-200.0,200,8886.917656
-180.0,180,8894.887001
-119.0,119,8900.262857
-200.0,200,8909.423772
-200.0,200,8917.805023
-130.0,130,8923.111284
-119.0,119,8928.103257
-119.0,119,8933.307097
-165.0,165,8939.718779
-135.0,135,8945.217845
-117.0,117,8950.235777
-121.0,121,8956.147058
-129.0,129,8962.066003
-136.0,136,8968.306886
-121.0,121,8973.813214
-130.0,130,8978.778108
-200.0,200,8987.675738
-119.0,119,8993.151277
-120.0,120,8998.050039
-200.0,200,9007.309101
-121.0,121,9012.289145
-200.0,200,9020.909349
-126.0,126,9026.304245
-115.0,115,9031.092656
-114.0,114,9035.8365
-147.0,147,9042.21721
-114.0,114,9047.076003
-116.0,116,9052.103142
-175.0,175,9059.612973
-111.0,111,9063.974453
-120.0,120,9069.739532
-112.0,112,9074.815322
-180.0,180,9083.153337
-177.0,177,9091.18248
-187.0,187,9099.788543
-159.0,159,9105.837976
-188.0,188,9114.550517
-200.0,200,9123.347284
-200.0,200,9132.308494
-200.0,200,9140.554702
-200.0,200,9149.234417
-200.0,200,9158.486058
-200.0,200,9166.918434
-163.0,163,9174.271026
-200.0,200,9182.596298
-200.0,200,9190.915534
-200.0,200,9199.635568
-162.0,162,9206.650467
-200.0,200,9215.376028
-200.0,200,9224.650912
-165.0,165,9232.087263
-200.0,200,9240.570783
-200.0,200,9249.486893
-200.0,200,9258.433094
-200.0,200,9267.019717
-200.0,200,9275.887158
-200.0,200,9284.787155
-200.0,200,9293.197186
-200.0,200,9301.993119
-200.0,200,9310.189714
-130.0,130,9315.998245
-151.0,151,9322.797231
-200.0,200,9331.659497
-200.0,200,9340.10979
-179.0,179,9348.177239
-200.0,200,9357.11224
-200.0,200,9365.689753
-200.0,200,9375.127809
-200.0,200,9383.399243
-200.0,200,9391.636101
-118.0,118,9396.920237
-87.0,87,9400.825578
-147.0,147,9407.757491
-121.0,121,9413.712384
-121.0,121,9419.86491
-116.0,116,9425.188096
-118.0,118,9430.157618
-117.0,117,9435.665224
-122.0,122,9441.021694
-199.0,199,9450.263683
-200.0,200,9459.045981
-109.0,109,9463.80788
-180.0,180,9471.86601
-107.0,107,9476.617737
-109.0,109,9481.702082
-114.0,114,9487.150025
-105.0,105,9491.936556
-111.0,111,9497.014546
-110.0,110,9501.903685
-109.0,109,9506.147938
-120.0,120,9510.911889
-150.0,150,9517.169938
-118.0,118,9522.410255
-200.0,200,9531.422598
-129.0,129,9537.221354
-186.0,186,9545.308158
-110.0,110,9550.451677
-200.0,200,9559.050659
-162.0,162,9566.516935
-155.0,155,9574.140161
-149.0,149,9580.974123
-137.0,137,9587.480443
-200.0,200,9596.938439
-179.0,179,9604.960556
-177.0,177,9613.271089
-157.0,157,9619.578847
-185.0,185,9627.661417
-200.0,200,9636.803774
-195.0,195,9645.585807
-196.0,196,9654.976968
-200.0,200,9663.597665
-126.0,126,9668.835731
-200.0,200,9677.909743
-200.0,200,9686.386307
-138.0,138,9692.218069
-144.0,144,9697.793252
-200.0,200,9705.85872
-200.0,200,9715.039083
-129.0,129,9720.88989
-200.0,200,9729.245159
-128.0,128,9735.008614
-130.0,130,9740.611864
-121.0,121,9745.570103
-128.0,128,9751.08453
-180.0,180,9758.700867
-131.0,131,9764.357419
-120.0,120,9769.415113
-184.0,184,9777.214318
-200.0,200,9785.926197
-125.0,125,9791.402933
-200.0,200,9800.141219
-128.0,128,9805.315209
-175.0,175,9813.222956
-128.0,128,9818.876643
-121.0,121,9824.610862
-123.0,123,9829.777847
-120.0,120,9835.398912
-118.0,118,9840.303519
-200.0,200,9848.463648
-130.0,130,9854.701592
-129.0,129,9860.257914
-121.0,121,9865.885252
-128.0,128,9871.523529
-130.0,130,9877.164134
-123.0,123,9882.766835
-120.0,120,9887.650052
-192.0,192,9896.138583
-129.0,129,9901.883591
-124.0,124,9907.044572
-181.0,181,9915.035559
-125.0,125,9920.422237
-182.0,182,9928.450457
-120.0,120,9933.54424
-125.0,125,9939.226846
-128.0,128,9945.147841
-122.0,122,9950.602933
-120.0,120,9956.320413
-136.0,136,9962.337925
-121.0,121,9967.940259
-118.0,118,9972.874939
-114.0,114,9978.261552
-116.0,116,9983.851403
-160.0,160,9990.390001
-122.0,122,9996.204883
-200.0,200,10005.089941
-113.0,113,10010.35317
-115.0,115,10015.03547
-137.0,137,10020.876949
-119.0,119,10026.442574
-166.0,166,10033.911198
-123.0,123,10038.833785
-114.0,114,10043.51568
-188.0,188,10051.708022
-158.0,158,10058.453356
-124.0,124,10063.968244
-116.0,116,10069.040097
-200.0,200,10077.390337
-120.0,120,10082.075422
-123.0,123,10087.833842
-115.0,115,10093.176409
-118.0,118,10098.339364
-118.0,118,10103.140142
-120.0,120,10108.323254
-138.0,138,10114.280792
-119.0,119,10119.126995
-127.0,127,10124.463635
-116.0,116,10129.408565
-125.0,125,10135.105169
-200.0,200,10143.824563
-193.0,193,10152.344745
-118.0,118,10157.67168
-178.0,178,10165.790636
-125.0,125,10171.379569
-120.0,120,10176.353366
-177.0,177,10184.153932
-137.0,137,10190.235178
-125.0,125,10196.003411
-192.0,192,10204.551688
-120.0,120,10209.768246
-123.0,123,10215.462688
-123.0,123,10220.782264
-122.0,122,10225.644856
-114.0,114,10230.472918
-121.0,121,10235.527394
-124.0,124,10241.297669
-117.0,117,10246.689626
-114.0,114,10252.083261
-121.0,121,10256.889876
-130.0,130,10262.506557
-120.0,120,10267.791221
-117.0,117,10272.433164
-120.0,120,10277.148196
-171.0,171,10284.952215
-119.0,119,10289.94644
-127.0,127,10295.449212
-116.0,116,10300.77589
-128.0,128,10306.311086
-172.0,172,10313.605773
-110.0,110,10318.238906
-200.0,200,10327.331518
-173.0,173,10334.753807
-200.0,200,10343.572443
-164.0,164,10351.157651
-198.0,198,10359.633553
-121.0,121,10365.039475
-108.0,108,10369.695989
-192.0,192,10378.177759
-107.0,107,10382.81409
-200.0,200,10391.589268
-162.0,162,10399.140729
-110.0,110,10403.756613
-124.0,124,10409.506427
-182.0,182,10416.890724
-177.0,177,10424.582667
-110.0,110,10429.227667
-178.0,178,10436.839758
-200.0,200,10445.703684
-146.0,146,10452.113995
-114.0,114,10457.44738
-157.0,157,10464.901462
-120.0,120,10469.692599
-113.0,113,10474.038921
-200.0,200,10483.348865
-200.0,200,10491.711359
-115.0,115,10496.610417
-200.0,200,10505.651095
-122.0,122,10511.232845
-200.0,200,10519.687715
-200.0,200,10528.225044
-200.0,200,10537.300225
-200.0,200,10546.157602
-200.0,200,10555.339248
-200.0,200,10563.870762
-200.0,200,10572.394803
-200.0,200,10581.342556
-200.0,200,10590.155614
-200.0,200,10599.481516
-200.0,200,10608.511497
-200.0,200,10616.908286
-200.0,200,10624.929102
-157.0,157,10631.756658
-180.0,180,10639.395811
-200.0,200,10648.616082
-145.0,145,10655.194166
-153.0,153,10662.191724
-200.0,200,10670.885079
-200.0,200,10679.723895
-132.0,132,10685.068602
-195.0,195,10692.963097
-200.0,200,10701.479407
-200.0,200,10710.207022
-134.0,134,10715.580653
-86.0,86,10719.173373
-154.0,154,10726.31016
-200.0,200,10735.225664
-200.0,200,10744.39557
-160.0,160,10751.323403
-157.0,157,10757.964002
-200.0,200,10766.66601
-200.0,200,10775.187659
-140.0,140,10781.421207
-145.0,145,10787.602995
-189.0,189,10795.899189
-200.0,200,10805.175483
-163.0,163,10812.192751
-200.0,200,10821.202678
-200.0,200,10829.85665
-200.0,200,10839.166082
-200.0,200,10847.387656
-200.0,200,10855.436812
-200.0,200,10864.070973
-200.0,200,10872.599236
-200.0,200,10881.596647
-200.0,200,10890.233956
-200.0,200,10899.41587
-200.0,200,10908.944491
-171.0,171,10916.369297
-200.0,200,10925.027051
-200.0,200,10933.718562
-200.0,200,10942.868777
-200.0,200,10951.828952
-200.0,200,10960.771446
-188.0,188,10968.682714
-170.0,170,10976.517042
-185.0,185,10984.772485
-168.0,168,10992.300749
-200.0,200,11000.944362
-200.0,200,11009.041433
-200.0,200,11018.19328
-200.0,200,11027.684281
-200.0,200,11036.00761
-200.0,200,11044.933556
-160.0,160,11052.146854
-192.0,192,11061.204381
-200.0,200,11070.23335
-200.0,200,11079.031617
-200.0,200,11087.542122
-200.0,200,11096.339592
-200.0,200,11105.359051
-200.0,200,11114.545708
-158.0,158,11121.383762
-200.0,200,11129.980453
-200.0,200,11138.542507
-188.0,188,11146.972663
-200.0,200,11155.512141
-200.0,200,11164.736467
-200.0,200,11174.006586
-200.0,200,11183.073428
-200.0,200,11192.059654
-200.0,200,11200.961609
-161.0,161,11207.89341
-200.0,200,11216.654058
-109.0,109,11221.57145
-154.0,154,11228.319398
-200.0,200,11236.851199
-200.0,200,11245.330122
-196.0,196,11254.827154
-166.0,166,11262.689751
-181.0,181,11270.616585
-153.0,153,11276.914807
-169.0,169,11283.895118
-200.0,200,11292.494806
-147.0,147,11298.80549
-150.0,150,11305.516036
-145.0,145,11312.114834
-200.0,200,11320.574012
-149.0,149,11326.735678
-200.0,200,11335.305508
-200.0,200,11344.276194
-200.0,200,11353.359844
-191.0,191,11361.52726
-200.0,200,11370.162825
-200.0,200,11379.665984
-183.0,183,11387.623185
-138.0,138,11393.653743
-200.0,200,11401.295268
-200.0,200,11410.709289
-150.0,150,11417.271113
-198.0,198,11426.258022
-200.0,200,11434.898828
-125.0,125,11440.450325
-176.0,176,11447.879024
-200.0,200,11456.478369
-113.0,113,11461.018599
-200.0,200,11470.033144
-200.0,200,11479.149864
-170.0,170,11486.313255
-152.0,152,11492.957904
-200.0,200,11501.094031
-167.0,167,11508.27545
-158.0,158,11515.354221
-161.0,161,11522.332329
-200.0,200,11531.186493
-163.0,163,11538.627024
-120.0,120,11543.988044
-200.0,200,11552.62165
-200.0,200,11561.161393
-117.0,117,11565.953637
-190.0,190,11574.139047
-143.0,143,11580.419336
-200.0,200,11589.464884
-142.0,142,11596.039396
-200.0,200,11604.425682
-200.0,200,11613.503542
-200.0,200,11622.042504
-182.0,182,11630.028948
-200.0,200,11638.303312
-113.0,113,11643.4544
-200.0,200,11652.232118
-182.0,182,11659.721082
-200.0,200,11668.419589
-176.0,176,11676.535886
-161.0,161,11684.385464
-196.0,196,11692.397582
-170.0,170,11699.673657
-161.0,161,11706.909202
-181.0,181,11714.84518
-143.0,143,11721.467676
-126.0,126,11726.439048
-107.0,107,11730.625153
-143.0,143,11737.128163
-200.0,200,11745.983204
-151.0,151,11752.239463
-136.0,136,11758.174645
-127.0,127,11764.067838
-127.0,127,11769.811683
-200.0,200,11779.161084
-200.0,200,11788.240689
-162.0,162,11795.431238
-159.0,159,11802.051067
-200.0,200,11810.992854
-200.0,200,11819.338104
-125.0,125,11824.378291
-200.0,200,11832.511023
-200.0,200,11841.017355
-195.0,195,11849.687099
-115.0,115,11854.688372
-200.0,200,11863.427908
-200.0,200,11872.556629
-200.0,200,11881.452254
-191.0,191,11889.684068
-200.0,200,11898.059175
-116.0,116,11903.362495
-200.0,200,11911.208504
-200.0,200,11920.275288
-184.0,184,11928.41406
-186.0,186,11936.557858
-200.0,200,11945.558243
-200.0,200,11954.236445
-106.0,106,11958.205204
-200.0,200,11967.181975
-200.0,200,11976.282716
-200.0,200,11985.145068
-200.0,200,11993.528738
-200.0,200,12002.349483
-131.0,131,12007.430889
-200.0,200,12014.881248
-200.0,200,12023.661924
-200.0,200,12032.205672
-130.0,130,12038.169101
-200.0,200,12046.851935
-200.0,200,12055.458941
-200.0,200,12064.05932
-187.0,187,12072.670961
-200.0,200,12081.257714
-120.0,120,12086.043566
-200.0,200,12094.744969
-200.0,200,12103.601312
-200.0,200,12112.809737
-200.0,200,12121.537334
-200.0,200,12130.358889
-114.0,114,12135.546014
-168.0,168,12143.04545
-121.0,121,12148.20214
-200.0,200,12157.312608
-115.0,115,12162.302104
-200.0,200,12170.640109
-145.0,145,12176.839267
-200.0,200,12185.623533
-200.0,200,12193.80392
-157.0,157,12200.422399
-200.0,200,12208.867571
-194.0,194,12217.79229
-160.0,160,12224.763849
-200.0,200,12233.684162
-159.0,159,12240.479777
-200.0,200,12248.792295
-189.0,189,12256.697304
-124.0,124,12261.481144
-132.0,132,12267.074172
-163.0,163,12273.926942
-200.0,200,12283.060514
-122.0,122,12288.376426
-123.0,123,12293.740299
-182.0,182,12302.592844
-149.0,149,12308.235594
-200.0,200,12317.334309
-200.0,200,12326.357213
-200.0,200,12334.575673
-156.0,156,12341.291494
-200.0,200,12349.054835
-200.0,200,12357.09758
-200.0,200,12365.412792
-200.0,200,12373.607665
-114.0,114,12378.851439
-132.0,132,12384.831925
-200.0,200,12393.895658
-200.0,200,12402.41531
-125.0,125,12407.96679
-200.0,200,12416.503893
-200.0,200,12424.902762
-200.0,200,12433.481574
-175.0,175,12441.310461
-166.0,166,12448.812148
-127.0,127,12454.210273
-130.0,130,12460.131245
-171.0,171,12467.500741
-200.0,200,12476.372263
-200.0,200,12485.008175
-200.0,200,12494.247872
-167.0,167,12501.576168
-175.0,175,12509.630688
-200.0,200,12519.027484
-200.0,200,12527.367022
-190.0,190,12535.864141
-115.0,115,12541.261957
-200.0,200,12550.242023
-166.0,166,12556.905044
-200.0,200,12566.108237
-114.0,114,12571.128693
-200.0,200,12579.480466
-145.0,145,12585.423502
-200.0,200,12593.355385
-162.0,162,12600.746187
-200.0,200,12609.169375
-200.0,200,12618.049159
-200.0,200,12626.924399
-200.0,200,12635.597646
-180.0,180,12642.871299
-200.0,200,12651.24973
-200.0,200,12660.433338
-178.0,178,12668.24279
-200.0,200,12676.682204
-200.0,200,12685.71854
-192.0,192,12694.113798
-138.0,138,12699.977896
-121.0,121,12704.983515
-159.0,159,12711.830984
-200.0,200,12720.391514
-200.0,200,12729.143499
-200.0,200,12738.595954
-144.0,144,12744.854654
-134.0,134,12750.650041
-200.0,200,12758.989233
-178.0,178,12767.102552
-130.0,130,12773.435896
-186.0,186,12782.094259
-124.0,124,12787.425626
-127.0,127,12792.974135
-139.0,139,12799.140316
-186.0,186,12807.847003
-169.0,169,12815.460384
-200.0,200,12823.735714
-200.0,200,12832.834133
-154.0,154,12839.325377
-200.0,200,12848.244803
-129.0,129,12854.033172
-133.0,133,12860.009717
-120.0,120,12865.320274
-170.0,170,12872.916661
-153.0,153,12879.287729
-200.0,200,12887.330687
-115.0,115,12892.782692
-157.0,157,12899.596442
-115.0,115,12904.586382
-178.0,178,12911.98909
-120.0,120,12917.163304
-200.0,200,12925.74494
-127.0,127,12931.265029
-200.0,200,12940.267678
-189.0,189,12948.803462
-148.0,148,12955.80345
-200.0,200,12964.49516
-114.0,114,12969.471375
-200.0,200,12978.079483
-200.0,200,12986.310864
-175.0,175,12993.756796
-184.0,184,13001.922215
-129.0,129,13007.24518
-182.0,182,13015.051037
-175.0,175,13023.105689
-135.0,135,13028.947192
-200.0,200,13036.799982
-172.0,172,13044.101201
-169.0,169,13051.48021
-166.0,166,13058.668145
-156.0,156,13064.715112
-182.0,182,13072.813626
-159.0,159,13079.859191
-144.0,144,13086.404403
-193.0,193,13095.341617
-200.0,200,13104.261904
-200.0,200,13111.418993
-200.0,200,13119.083416
-200.0,200,13126.631969
