# {"t_start": 1593730721.2502902, "env_id": "Acrobot-v1"} 
r,l,t
-500.0,500,12.454445
-500.0,500,13.893703
-500.0,500,18.638108
-500.0,500,22.905641
-500.0,500,26.776315
-500.0,500,31.171738
-500.0,500,34.986246
-500.0,500,39.068627
-423.0,424,42.281415
-500.0,500,46.517058
-500.0,500,50.253099
-500.0,500,54.318905
-500.0,500,58.67613
-500.0,500,62.776326
-352.0,353,65.509006
-479.0,480,69.129601
-443.0,444,72.374383
-500.0,500,75.996242
-288.0,289,78.600953
-332.0,333,81.282497
-389.0,390,84.177293
-204.0,205,85.426481
-321.0,322,88.100523
-409.0,410,91.162944
-214.0,215,93.254667
-468.0,469,97.039832
-260.0,261,99.279373
-254.0,255,101.185741
-388.0,389,104.104759
-306.0,307,106.446623
-367.0,368,109.468918
-427.0,428,112.993078
-227.0,228,114.835531
-286.0,287,117.251566
-208.0,209,118.874242
-324.0,325,121.301476
-436.0,437,124.566488
-252.0,253,126.588067
-500.0,500,130.895443
-219.0,220,132.869495
-167.0,168,134.196879
-157.0,158,135.519564
-165.0,166,137.018124
-169.0,170,138.354578
-239.0,240,139.988273
-385.0,386,143.205339
-122.0,123,144.228872
-263.0,264,146.396751
-453.0,454,150.186102
-204.0,205,151.990265
-144.0,145,152.965927
-187.0,188,154.36578
-180.0,181,156.053461
-174.0,175,157.287459
-146.0,147,158.38433
-222.0,223,160.086837
-151.0,152,161.515757
-173.0,174,163.114176
-191.0,192,164.591886
-160.0,161,165.86418
-210.0,211,167.17728
-314.0,315,169.967433
-296.0,297,172.16823
-319.0,320,174.91541
-229.0,230,176.587511
-156.0,157,177.986963
-159.0,160,179.270039
-151.0,152,180.351395
-131.0,132,181.474607
-103.0,104,182.177993
-106.0,107,182.847024
-111.0,112,183.783382
-134.0,135,184.992227
-125.0,126,186.030212
-295.0,296,188.608625
-198.0,199,190.257176
-244.0,245,192.307669
-275.0,276,194.604496
-319.0,320,197.380237
-264.0,265,199.595181
-120.0,121,200.598785
-98.0,99,201.44141
-144.0,145,202.537384
-163.0,164,203.852248
-150.0,151,205.134984
-89.0,90,205.894482
-98.0,99,206.655134
-97.0,98,207.573204
-364.0,365,210.776744
-93.0,94,211.420537
-74.0,75,212.109076
-96.0,97,212.717697
-93.0,94,213.229569
-118.0,119,214.183538
-156.0,157,215.539823
-133.0,134,216.658646
-87.0,88,217.172042
-135.0,136,218.323975
-148.0,149,219.555269
-88.0,89,220.299194
-98.0,99,221.167569
-70.0,71,221.843534
-104.0,105,222.795604
-144.0,145,224.136157
-90.0,91,224.902009
-77.0,78,225.62742
-88.0,89,226.289714
-126.0,127,227.425484
-63.0,64,227.949419
-87.0,88,228.781474
-100.0,101,229.706613
-97.0,98,230.619888
-135.0,136,231.739654
-101.0,102,232.660786
-83.0,84,233.426236
-247.0,248,235.54068
-94.0,95,236.387276
-100.0,101,237.226364
-199.0,200,238.919904
-117.0,118,239.978697
-105.0,106,240.818968
-169.0,170,242.240983
-173.0,174,243.686857
-109.0,110,244.75559
-83.0,84,245.444689
-72.0,73,246.097102
-74.0,75,246.64416
-92.0,93,247.404467
-78.0,79,247.966413
-76.0,77,248.575848
-81.0,82,249.332988
-82.0,83,250.439834
-77.0,78,251.10422
-74.0,75,251.784275
-96.0,97,252.635853
-90.0,91,253.239851
-82.0,83,253.895292
-87.0,88,254.776
-70.0,71,255.324739
-76.0,77,256.003228
-74.0,75,256.567582
-122.0,123,257.718031
-118.0,119,258.7567
-93.0,94,259.639835
-124.0,125,260.725491
-103.0,104,261.461681
-209.0,210,263.317468
-222.0,223,265.024959
-246.0,247,267.152465
-175.0,176,268.708629
-166.0,167,270.169107
-121.0,122,270.960952
-129.0,130,272.147819
-93.0,94,273.129667
-99.0,100,274.029068
-75.0,76,274.702955
-76.0,77,275.389128
-79.0,80,276.004761
-97.0,98,276.903971
-74.0,75,277.636307
-70.0,71,278.372354
-62.0,63,278.973855
-81.0,82,279.515949
-75.0,76,280.070802
-160.0,161,281.538235
-109.0,110,282.383785
-221.0,222,284.030339
-71.0,72,284.529873
-431.0,432,287.885069
-111.0,112,288.93107
-263.0,264,290.815291
-226.0,227,292.776471
-93.0,94,293.616745
-431.0,432,297.108955
-77.0,78,297.743398
-156.0,157,298.682379
-78.0,79,299.382242
-94.0,95,300.189126
-66.0,67,300.683524
-85.0,86,301.22338
-81.0,82,301.736769
-79.0,80,302.544981
-123.0,124,303.722172
-94.0,95,304.391679
-161.0,162,305.862626
-249.0,250,307.873491
-500.0,500,312.258447
-500.0,500,316.265346
-400.0,401,319.743367
-185.0,186,321.087164
-94.0,95,321.801893
-63.0,64,322.338253
-71.0,72,322.956718
-85.0,86,323.650918
-78.0,79,324.356499
-108.0,109,325.35905
-74.0,75,326.071001
-97.0,98,326.860651
-92.0,93,327.371203
-101.0,102,328.318456
-88.0,89,329.12168
-435.0,436,332.826883
-116.0,117,333.852749
-474.0,475,337.81943
-500.0,500,341.728487
-500.0,500,345.879068
-232.0,233,348.058532
-84.0,85,348.636627
-112.0,113,349.305476
-83.0,84,349.891977
-84.0,85,350.457798
-72.0,73,351.082834
-144.0,145,352.35744
-87.0,88,353.18488
-78.0,79,353.895005
-117.0,118,354.933017
-183.0,184,356.414714
-75.0,76,356.981983
-111.0,112,357.958749
-500.0,500,361.792233
-500.0,500,365.698438
-128.0,129,366.793126
-475.0,476,370.760337
-141.0,142,372.019394
-110.0,111,373.137637
-84.0,85,373.725272
-121.0,122,374.795023
-88.0,89,375.617122
-74.0,75,376.287737
-100.0,101,376.985256
-95.0,96,377.690862
-91.0,92,378.527071
-196.0,197,380.081963
-84.0,85,380.773173
-125.0,126,381.885092
-87.0,88,382.684033
-108.0,109,383.754519
-194.0,195,385.385912
-127.0,128,386.623803
-94.0,95,387.429025
-343.0,344,390.519083
-100.0,101,391.38143
-136.0,137,392.499638
-272.0,273,394.684307
-130.0,131,395.590384
-69.0,70,396.15179
-71.0,72,396.710413
-82.0,83,397.412505
-75.0,76,398.123686
-102.0,103,399.018853
-90.0,91,399.665026
-107.0,108,400.577189
-136.0,137,401.728712
-88.0,89,402.388653
-80.0,81,403.087037
-76.0,77,403.778091
-63.0,64,404.34629
-79.0,80,405.053993
-309.0,310,407.751196
-111.0,112,408.734258
-411.0,412,411.948033
-422.0,423,415.091271
-500.0,500,419.126863
-137.0,138,420.407613
-99.0,100,421.340218
-106.0,107,422.401336
-69.0,70,423.069617
-86.0,87,423.878693
-74.0,75,424.509276
-100.0,101,425.305168
-80.0,81,425.977833
-71.0,72,426.519879
-81.0,82,427.059297
-130.0,131,428.113184
-101.0,102,429.001095
-138.0,139,429.931006
-93.0,94,430.758404
-119.0,120,431.824249
-157.0,158,433.301461
-83.0,84,434.025793
-86.0,87,434.782921
-85.0,86,435.606199
-185.0,186,436.932305
-119.0,120,437.883927
-147.0,148,438.901958
-104.0,105,439.566692
-170.0,171,441.143808
-79.0,80,441.799681
-83.0,84,442.505152
-64.0,65,443.090905
-71.0,72,443.732828
-101.0,102,444.549179
-80.0,81,445.284956
-129.0,130,446.463897
-84.0,85,447.063736
-83.0,84,447.715058
-94.0,95,448.494872
-83.0,84,449.182909
-76.0,77,449.636156
-75.0,76,450.177824
-100.0,101,451.012692
-85.0,86,451.675184
-77.0,78,452.33619
-63.0,64,452.804626
-83.0,84,453.333701
-85.0,86,453.951575
-99.0,100,454.77933
-75.0,76,455.330062
-75.0,76,455.927823
-91.0,92,456.740126
-71.0,72,457.358243
-96.0,97,458.032972
-75.0,76,458.705284
-144.0,145,460.011716
-120.0,121,461.172705
-115.0,116,462.252646
-86.0,87,462.994216
-78.0,79,463.736631
-79.0,80,464.470176
-71.0,72,465.162109
-71.0,72,465.800552
-78.0,79,466.534877
-77.0,78,467.309212
-71.0,72,467.944092
-140.0,141,469.273816
-91.0,92,470.103695
-74.0,75,470.795949
-70.0,71,471.426357
-74.0,75,472.061595
-73.0,74,472.748427
-101.0,102,473.615077
-84.0,85,474.331857
-148.0,149,475.348053
-86.0,87,476.13981
-82.0,83,476.777126
-91.0,92,477.583109
-78.0,79,478.398642
-83.0,84,479.162446
-116.0,117,480.044016
-105.0,106,480.890866
-75.0,76,481.595367
-84.0,85,482.342146
-95.0,96,483.035393
-70.0,71,483.599898
-74.0,75,484.142781
-93.0,94,484.816193
-74.0,75,485.426345
-71.0,72,486.035973
-70.0,71,486.607571
-96.0,97,487.476399
-73.0,74,488.092964
-81.0,82,488.835545
-78.0,79,489.584619
-76.0,77,490.243215
-82.0,83,490.78985
-109.0,110,491.567132
-92.0,93,492.396817
-86.0,87,493.194527
-71.0,72,493.885046
-77.0,78,494.553443
-81.0,82,495.147686
-82.0,83,495.627009
-102.0,103,496.499233
-62.0,63,497.035708
-93.0,94,497.714544
-88.0,89,498.376207
-94.0,95,499.210266
-90.0,91,500.022896
-78.0,79,500.697815
-91.0,92,501.507647
-71.0,72,502.158018
-71.0,72,502.829583
-94.0,95,503.69563
-89.0,90,504.51033
-122.0,123,505.514098
-110.0,111,506.486665
-111.0,112,507.421953
-79.0,80,508.032508
-72.0,73,508.620767
-89.0,90,509.460665
-72.0,73,510.060783
-98.0,99,510.863402
-75.0,76,511.52589
-99.0,100,512.279221
-74.0,75,513.002235
-86.0,87,513.618175
-102.0,103,514.414365
-111.0,112,515.572645
-72.0,73,516.165207
-88.0,89,516.917262
-97.0,98,517.672429
-88.0,89,518.55793
-132.0,133,519.822147
-84.0,85,520.553639
-80.0,81,521.243266
-84.0,85,521.908227
-97.0,98,522.692481
-62.0,63,523.221662
-77.0,78,523.756498
-77.0,78,524.490433
-76.0,77,525.168465
-91.0,92,525.847207
-81.0,82,526.523642
-67.0,68,527.153771
-84.0,85,527.704994
-93.0,94,528.479961
-86.0,87,529.397871
-71.0,72,530.031034
-89.0,90,530.821167
-98.0,99,531.709769
-95.0,96,532.688232
-70.0,71,533.246499
-72.0,73,533.87727
-80.0,81,534.649833
-70.0,71,535.260092
-101.0,102,536.126373
-78.0,79,536.818735
-97.0,98,537.660317
-71.0,72,538.276972
-63.0,64,538.839264
-62.0,63,539.400126
-70.0,71,540.013874
-62.0,63,540.479611
-63.0,64,540.886607
-62.0,63,541.286356
-81.0,82,541.979918
-91.0,92,542.688349
-96.0,97,543.467527
-88.0,89,544.233964
-92.0,93,545.065042
-74.0,75,545.726248
-64.0,65,546.295844
-87.0,88,546.846065
-118.0,119,547.747467
-86.0,87,548.5218
-109.0,110,549.473448
-70.0,71,549.832802
-102.0,103,550.660986
-71.0,72,551.321897
-71.0,72,551.996257
-105.0,106,552.874836
-92.0,93,553.761369
-88.0,89,554.571841
-98.0,99,555.584316
-112.0,113,556.565337
-63.0,64,557.096907
-85.0,86,557.829404
-87.0,88,558.587268
-62.0,63,559.09025
-63.0,64,559.570747
-72.0,73,560.072738
-87.0,88,560.794399
-78.0,79,561.494549
-90.0,91,562.128008
-74.0,75,562.579262
-70.0,71,563.198721
-91.0,92,563.863787
-81.0,82,564.397859
-84.0,85,564.872331
-81.0,82,565.609044
-62.0,63,566.192309
-69.0,70,566.814651
-72.0,73,567.441527
-77.0,78,568.139213
-91.0,92,568.925381
-94.0,95,569.83439
-75.0,76,570.46556
-81.0,82,571.06367
-85.0,86,571.81996
-70.0,71,572.342793
-62.0,63,572.76739
-72.0,73,573.219513
-78.0,79,573.763037
-63.0,64,574.191574
-71.0,72,574.719502
-75.0,76,575.37796
-87.0,88,576.003968
-60.0,61,576.392657
-73.0,74,576.955125
-91.0,92,577.709013
-104.0,105,578.550175
-75.0,76,579.074569
-74.0,75,579.54172
-77.0,78,580.13172
-75.0,76,580.848906
-98.0,99,581.933441
-91.0,92,582.765925
-89.0,90,583.409932
-79.0,80,583.980027
-69.0,70,584.583875
-94.0,95,585.498804
-97.0,98,586.364778
-69.0,70,586.968304
-69.0,70,587.572438
-88.0,89,588.398263
-77.0,78,589.120459
-75.0,76,589.778274
-100.0,101,590.70271
-85.0,86,591.500929
-79.0,80,592.293303
-78.0,79,593.009444
-101.0,102,593.774122
-86.0,87,594.594693
-84.0,85,595.325192
-78.0,79,596.006269
-74.0,75,596.644122
-70.0,71,597.165031
-93.0,94,597.863053
-105.0,106,598.675896
-107.0,108,599.49219
-85.0,86,600.156354
-63.0,64,600.742833
-76.0,77,601.427742
-69.0,70,602.11598
-80.0,81,602.851947
-92.0,93,603.665736
-86.0,87,604.525341
-68.0,69,605.19093
-74.0,75,605.843508
-92.0,93,606.619382
-77.0,78,607.181382
-83.0,84,607.908898
-80.0,81,608.48342
-93.0,94,609.229241
-77.0,78,609.89635
-90.0,91,610.717469
-89.0,90,611.514441
-87.0,88,612.129385
-87.0,88,612.620119
-109.0,110,613.515933
-109.0,110,614.528368
-77.0,78,615.133588
-89.0,90,615.769068
-83.0,84,616.275039
-74.0,75,616.686775
-63.0,64,617.238858
-76.0,77,617.839228
-93.0,94,618.697359
-97.0,98,619.341133
-87.0,88,620.062094
-84.0,85,620.822162
-75.0,76,621.654625
-99.0,100,622.551256
-95.0,96,623.493598
-75.0,76,624.143878
-92.0,93,624.84066
-75.0,76,625.53388
-87.0,88,626.139615
-78.0,79,626.822499
-69.0,70,627.466225
-96.0,97,628.304825
-100.0,101,629.16959
-73.0,74,629.812111
-63.0,64,630.327328
-75.0,76,630.938241
-93.0,94,631.601331
-85.0,86,632.222633
-99.0,100,633.029401
-71.0,72,633.654616
-78.0,79,634.282615
-77.0,78,634.893865
-71.0,72,635.564922
-98.0,99,636.446699
-102.0,103,637.384129
-88.0,89,638.074618
-77.0,78,638.79261
-77.0,78,639.384606
-91.0,92,640.188646
-75.0,76,640.861734
-61.0,62,641.47805
-81.0,82,642.280784
-71.0,72,642.708434
-74.0,75,643.160426
-69.0,70,643.804614
-78.0,79,644.470425
-104.0,105,645.310543
-78.0,79,645.867068
-86.0,87,646.620532
-69.0,70,647.150978
-101.0,102,647.895711
-77.0,78,648.625791
-82.0,83,649.377005
-87.0,88,650.127441
-94.0,95,650.720892
-76.0,77,651.18791
-85.0,86,651.774127
-79.0,80,652.323047
-84.0,85,653.080481
-102.0,103,653.874204
-62.0,63,654.344326
-76.0,77,654.857924
-62.0,63,655.155629
-62.0,63,655.653762
-85.0,86,656.362141
-97.0,98,657.189334
-72.0,73,657.785076
-107.0,108,658.712282
-72.0,73,659.370155
-86.0,87,659.952095
-101.0,102,660.867413
-103.0,104,661.726967
-112.0,113,662.751791
-82.0,83,663.412614
-98.0,99,664.323626
-71.0,72,665.013817
-71.0,72,665.744869
-93.0,94,666.578859
-106.0,107,667.33964
-77.0,78,667.753585
-86.0,87,668.406746
-89.0,90,669.201246
-118.0,119,670.130555
-70.0,71,670.748552
-70.0,71,671.287614
-76.0,77,671.951377
-60.0,61,672.503222
-93.0,94,673.2135
-135.0,136,674.405026
-88.0,89,675.112015
-100.0,101,675.881183
-76.0,77,676.425457
-71.0,72,677.036088
-86.0,87,677.796308
-73.0,74,678.478323
-93.0,94,679.123112
-91.0,92,679.778572
-77.0,78,680.530388
-63.0,64,681.107895
-88.0,89,681.880683
-70.0,71,682.531928
-71.0,72,683.145694
-92.0,93,683.967889
-94.0,95,684.685665
-79.0,80,685.147103
-76.0,77,685.715256
-71.0,72,686.329741
-71.0,72,686.94109
-85.0,86,687.658755
-65.0,66,688.201641
-95.0,96,689.01816
-75.0,76,689.613056
-70.0,71,690.155053
-76.0,77,690.810554
-72.0,73,691.32757
-62.0,63,691.721431
-83.0,84,692.409732
-71.0,72,693.053488
-94.0,95,693.803745
-77.0,78,694.45724
-111.0,112,695.333246
-96.0,97,695.966124
-70.0,71,696.407564
-85.0,86,697.053481
-87.0,88,698.031773
-70.0,71,698.656362
-74.0,75,699.318671
-88.0,89,700.028795
-92.0,93,700.66202
-86.0,87,701.379434
-93.0,94,702.189193
-71.0,72,702.864971
-71.0,72,703.437833
-110.0,111,704.328963
-92.0,93,705.222662
-95.0,96,706.062599
-90.0,91,706.940575
-75.0,76,707.537257
-107.0,108,708.324007
-71.0,72,708.974983
-70.0,71,709.606941
-69.0,70,710.207099
-76.0,77,710.919924
-94.0,95,711.80927
-71.0,72,712.392508
-84.0,85,713.131128
-91.0,92,713.978936
-61.0,62,714.537923
-90.0,91,715.261113
-85.0,86,715.993448
-75.0,76,716.715837
-71.0,72,717.228544
-87.0,88,717.914103
-106.0,107,718.65782
-83.0,84,719.383446
-92.0,93,720.222221
-111.0,112,721.202434
-71.0,72,721.853361
-119.0,120,722.847728
-80.0,81,723.446326
-92.0,93,724.265569
-70.0,71,724.866677
-91.0,92,725.672097
-70.0,71,726.265468
-87.0,88,727.149504
-96.0,97,727.997592
-83.0,84,728.733959
-86.0,87,729.392843
-63.0,64,729.952558
-61.0,62,730.491691
-107.0,108,731.34071
-95.0,96,732.149904
-66.0,67,732.454959
-70.0,71,732.835827
-70.0,71,733.431132
-84.0,85,734.215504
-75.0,76,734.899783
-70.0,71,735.492455
-69.0,70,736.108662
-68.0,69,736.667319
-84.0,85,737.328225
-124.0,125,738.144143
-83.0,84,738.889357
-70.0,71,739.604946
-95.0,96,740.282789
-70.0,71,740.789686
-74.0,75,741.409934
-69.0,70,742.014832
-119.0,120,742.71624
-75.0,76,743.304272
-73.0,74,743.982032
-70.0,71,744.611388
-93.0,94,745.304208
-84.0,85,746.0561
-85.0,86,746.687026
-88.0,89,747.442955
-87.0,88,748.205533
-73.0,74,748.836458
-82.0,83,749.583962
-76.0,77,750.244867
-63.0,64,750.792305
-65.0,66,751.346112
-63.0,64,751.90601
-72.0,73,752.476979
-72.0,73,753.054708
-62.0,63,753.551651
-78.0,79,754.238413
-63.0,64,754.752461
-79.0,80,755.359751
-106.0,107,756.24574
-70.0,71,756.773843
-88.0,89,757.299762
-77.0,78,757.887539
-63.0,64,758.414986
-72.0,73,759.064042
-86.0,87,759.810211
-76.0,77,760.489102
-71.0,72,761.18072
-71.0,72,761.87401
-70.0,71,762.461578
-74.0,75,763.142148
-75.0,76,763.72722
-88.0,89,764.490502
-71.0,72,765.118919
-84.0,85,765.852244
-69.0,70,766.44054
-75.0,76,766.947666
-77.0,78,767.621906
-69.0,70,768.240701
-97.0,98,769.075803
-75.0,76,769.605507
-76.0,77,770.229094
-89.0,90,770.899629
-70.0,71,771.549196
-68.0,69,772.180496
-100.0,101,772.886183
-70.0,71,773.408499
-75.0,76,773.971924
-96.0,97,774.877389
-98.0,99,775.786384
-70.0,71,776.234622
-77.0,78,776.746084
-71.0,72,777.268754
-96.0,97,777.986589
-91.0,92,778.660667
-63.0,64,779.210402
-72.0,73,779.542501
-104.0,105,779.968645
-63.0,64,780.234857
-63.0,64,780.751411
-76.0,77,781.391598
-63.0,64,781.981862
-94.0,95,782.712424
-62.0,63,783.144572
-105.0,106,784.116439
-63.0,64,784.702718
-127.0,128,785.737046
-71.0,72,786.190874
-70.0,71,786.66285
-90.0,91,787.280358
-86.0,87,787.897366
-79.0,80,788.639117
-71.0,72,789.27921
-75.0,76,789.971215
-70.0,71,790.533767
-61.0,62,791.067758
-69.0,70,791.66007
-72.0,73,792.29115
-73.0,74,793.011627
-97.0,98,793.907837
-78.0,79,794.586715
-92.0,93,795.179926
-73.0,74,795.827615
-92.0,93,796.706549
-84.0,85,797.496873
-99.0,100,798.291957
-84.0,85,799.010217
-64.0,65,799.685997
-96.0,97,800.572875
-74.0,75,801.275328
-80.0,81,801.891442
-94.0,95,802.623589
-105.0,106,803.56586
-85.0,86,804.324431
-62.0,63,804.874204
-72.0,73,805.402907
-70.0,71,806.045407
-69.0,70,806.651105
-114.0,115,807.6534
-64.0,65,808.289902
-64.0,65,808.91747
-78.0,79,809.61737
-88.0,89,810.334966
-70.0,71,810.920942
-98.0,99,811.764954
-97.0,98,812.64182
-90.0,91,813.431406
-62.0,63,813.96748
-98.0,99,814.811323
-69.0,70,815.313873
-63.0,64,815.699378
-106.0,107,816.476646
-74.0,75,817.139586
-69.0,70,817.745752
-83.0,84,818.55857
-62.0,63,819.150854
-94.0,95,819.914363
-86.0,87,820.704936
-100.0,101,821.366741
-78.0,79,822.016331
-88.0,89,822.762873
-70.0,71,823.267597
-74.0,75,823.839447
-62.0,63,824.387581
-62.0,63,824.973656
-105.0,106,825.832128
-96.0,97,826.565733
-87.0,88,827.103149
-88.0,89,827.898655
-78.0,79,828.516007
-70.0,71,829.134396
-63.0,64,829.738828
-70.0,71,830.374389
-68.0,69,830.88036
-71.0,72,831.506609
-162.0,163,832.914685
-72.0,73,833.559556
-71.0,72,834.241152
-71.0,72,834.941471
-92.0,93,835.75786
-77.0,78,836.439445
-88.0,89,837.094233
-72.0,73,837.614102
-116.0,117,838.493824
-64.0,65,838.937093
-63.0,64,839.491832
-62.0,63,840.04136
-80.0,81,840.765793
-69.0,70,841.384193
-69.0,70,841.780343
-82.0,83,842.35773
-69.0,70,842.865054
-72.0,73,843.463437
-63.0,64,844.009775
-85.0,86,844.643814
-91.0,92,845.395638
-75.0,76,846.072762
-70.0,71,846.551589
-62.0,63,847.18945
-60.0,61,847.674293
-87.0,88,848.446779
-100.0,101,849.313075
-70.0,71,849.917954
-78.0,79,850.551275
-82.0,83,851.264118
-77.0,78,851.941216
-70.0,71,852.547561
-86.0,87,853.188041
-89.0,90,853.826286
-77.0,78,854.339449
-82.0,83,855.028599
-70.0,71,855.518814
-83.0,84,856.173129
-79.0,80,856.902834
-83.0,84,857.386752
-82.0,83,857.958251
-63.0,64,858.469395
-83.0,84,859.211356
-70.0,71,859.812388
-71.0,72,860.134671
-104.0,105,860.854533
-78.0,79,861.550215
-72.0,73,862.090992
-82.0,83,862.724539
-91.0,92,863.51422
-71.0,72,864.110821
-72.0,73,864.674717
-154.0,155,866.004342
-161.0,162,867.315441
-97.0,98,868.157712
-109.0,110,868.959064
-64.0,65,869.560858
-62.0,63,870.124473
-103.0,104,871.042788
-79.0,80,871.802495
-70.0,71,872.45677
-64.0,65,873.053095
-101.0,102,874.026606
-79.0,80,874.78483
-70.0,71,875.415195
-63.0,64,875.920331
-68.0,69,876.445013
-78.0,79,877.12785
-105.0,106,877.82881
-85.0,86,878.708953
-71.0,72,879.347532
-70.0,71,879.896893
-64.0,65,880.44099
-105.0,106,881.279593
-79.0,80,881.852498
-91.0,92,882.569972
-79.0,80,883.197149
-86.0,87,883.952322
-81.0,82,884.63111
-75.0,76,885.389752
-75.0,76,886.065089
-63.0,64,886.615497
-74.0,75,887.323059
-71.0,72,887.982392
-92.0,93,888.752501
-62.0,63,889.379105
-69.0,70,889.983348
-71.0,72,890.678206
-70.0,71,891.314104
-79.0,80,891.987741
-80.0,81,892.590389
-91.0,92,893.370751
-88.0,89,893.988669
-64.0,65,894.533488
-87.0,88,895.247429
-90.0,91,895.976519
-71.0,72,896.589892
-62.0,63,897.005209
-87.0,88,897.573808
-91.0,92,898.292694
-108.0,109,899.013231
-78.0,79,899.593235
-93.0,94,900.269618
-80.0,81,900.755536
-70.0,71,901.209712
-71.0,72,901.62682
-71.0,72,902.040342
-70.0,71,902.555931
-79.0,80,903.127493
-85.0,86,903.941631
-75.0,76,904.634352
-78.0,79,905.35903
-70.0,71,906.025027
-70.0,71,906.72592
-70.0,71,907.465754
-71.0,72,907.997441
-83.0,84,908.883423
-71.0,72,909.530412
-102.0,103,910.432779
-71.0,72,911.10619
-70.0,71,911.771239
-70.0,71,912.417807
-74.0,75,913.023934
-86.0,87,913.7812
-71.0,72,914.476973
-72.0,73,915.161151
-71.0,72,915.773675
-69.0,70,916.370927
-63.0,64,916.918555
-72.0,73,917.396507
-70.0,71,917.798704
-62.0,63,918.210298
-124.0,125,919.264595
-71.0,72,919.836584
-70.0,71,920.429497
-75.0,76,921.134602
-76.0,77,921.786258
-107.0,108,922.732368
-118.0,119,923.770973
-74.0,75,924.323948
-64.0,65,924.815905
-62.0,63,925.362575
-116.0,117,926.250461
-83.0,84,926.974443
-71.0,72,927.56085
-62.0,63,927.942378
-70.0,71,928.603673
-71.0,72,929.22764
-80.0,81,929.800193
-79.0,80,930.464325
-71.0,72,930.936444
-84.0,85,931.530668
-71.0,72,932.157017
-88.0,89,932.910085
-75.0,76,933.514286
-71.0,72,934.002704
-72.0,73,934.467614
-78.0,79,935.10152
-94.0,95,935.952233
-82.0,83,936.664643
-80.0,81,937.409823
-80.0,81,938.025693
-71.0,72,938.681931
-71.0,72,939.342131
-76.0,77,940.119715
-98.0,99,941.031175
-79.0,80,941.874674
-98.0,99,942.792599
-71.0,72,943.466442
-69.0,70,944.100792
-70.0,71,944.71994
-75.0,76,945.384938
-72.0,73,945.948412
-70.0,71,946.510659
-63.0,64,947.07901
-87.0,88,947.897007
-78.0,79,948.641962
-63.0,64,949.259949
-62.0,63,949.828084
-74.0,75,950.369054
-63.0,64,950.979292
-69.0,70,951.534792
-80.0,81,952.059464
-70.0,71,952.470943
-71.0,72,953.046198
-63.0,64,953.622064
-96.0,97,954.554034
-62.0,63,955.095259
-91.0,92,955.900512
-76.0,77,956.578964
-72.0,73,957.269689
-70.0,71,957.931941
-86.0,87,958.769549
-71.0,72,959.348106
-63.0,64,959.961892
-78.0,79,960.56204
-82.0,83,961.29134
-71.0,72,961.933028
-70.0,71,962.523432
-63.0,64,963.174208
-85.0,86,963.864717
-70.0,71,964.427024
-69.0,70,965.045782
-78.0,79,965.625202
-98.0,99,966.522213
-70.0,71,967.11206
-63.0,64,967.541527
-63.0,64,968.074266
-95.0,96,968.907792
-79.0,80,969.619953
-70.0,71,970.217237
-71.0,72,970.843987
-83.0,84,971.529385
-64.0,65,972.149119
-78.0,79,972.867905
-83.0,84,973.453795
-69.0,70,973.944621
-73.0,74,974.605567
-72.0,73,975.179177
-77.0,78,975.770118
-78.0,79,976.435308
-86.0,87,977.260656
-77.0,78,977.954583
-68.0,69,978.549474
-73.0,74,979.079839
-97.0,98,979.685559
-70.0,71,980.282763
-70.0,71,980.926667
-62.0,63,981.474753
-71.0,72,982.119036
-70.0,71,982.739146
-78.0,79,983.285922
-76.0,77,983.864104
-68.0,69,984.385657
-68.0,69,985.064041
-76.0,77,985.801464
-72.0,73,986.381983
-76.0,77,987.090831
-71.0,72,987.608172
-71.0,72,988.087022
-63.0,64,988.478577
-83.0,84,989.169851
-79.0,80,989.883239
-63.0,64,990.416417
-71.0,72,991.035668
-78.0,79,991.573482
-71.0,72,992.204285
-63.0,64,992.774878
-72.0,73,993.458157
-90.0,91,994.099662
-84.0,85,994.67019
-76.0,77,995.279791
-69.0,70,995.827114
-70.0,71,996.409286
-78.0,79,996.994145
-80.0,81,997.60105
-99.0,100,998.389406
-70.0,71,998.934042
-68.0,69,999.363104
-72.0,73,999.896127
-74.0,75,1000.545155
-75.0,76,1001.222986
-112.0,113,1002.225518
-77.0,78,1002.917791
-87.0,88,1003.545891
-69.0,70,1004.058214
-63.0,64,1004.615171
-69.0,70,1005.270959
-70.0,71,1005.767178
-76.0,77,1006.303056
-68.0,69,1006.858274
-61.0,62,1007.403374
-68.0,69,1008.030003
-62.0,63,1008.573125
-62.0,63,1009.054913
-68.0,69,1009.640225
-97.0,98,1010.4809
-75.0,76,1011.1327
-67.0,68,1011.616106
-69.0,70,1012.153438
-68.0,69,1012.742312
-71.0,72,1013.360961
-70.0,71,1013.985433
-81.0,82,1014.698302
-89.0,90,1015.438991
-70.0,71,1016.078188
-88.0,89,1017.013392
-71.0,72,1017.607054
-71.0,72,1018.203912
-93.0,94,1019.045901
-89.0,90,1019.864001
-70.0,71,1020.615489
-102.0,103,1021.555676
-73.0,74,1022.242615
-76.0,77,1022.901829
-71.0,72,1023.5556
-64.0,65,1024.155328
-83.0,84,1024.893616
-87.0,88,1025.541868
-84.0,85,1026.328808
-72.0,73,1026.947846
-102.0,103,1027.968426
-71.0,72,1028.624249
-68.0,69,1029.289581
-63.0,64,1029.854176
-68.0,69,1030.377197
-83.0,84,1031.135721
-77.0,78,1031.735493
-62.0,63,1032.371707
-80.0,81,1033.104695
-79.0,80,1033.847627
-62.0,63,1034.378351
-98.0,99,1035.247985
-60.0,61,1035.81545
-67.0,68,1036.19975
-93.0,94,1036.934967
-92.0,93,1037.77581
-62.0,63,1038.274927
-69.0,70,1038.849723
-68.0,69,1039.332787
-75.0,76,1039.832464
-99.0,100,1040.757506
-70.0,71,1041.433385
-70.0,71,1042.078903
-79.0,80,1042.766756
-69.0,70,1043.431527
-69.0,70,1044.030578
-68.0,69,1044.596689
-84.0,85,1045.280573
-70.0,71,1045.724547
-94.0,95,1046.443011
-70.0,71,1047.001697
-71.0,72,1047.631623
-87.0,88,1048.443272
-94.0,95,1049.103244
-75.0,76,1049.652462
-76.0,77,1050.384399
-77.0,78,1051.039553
-74.0,75,1051.602059
-69.0,70,1052.109948
-71.0,72,1052.542346
-70.0,71,1052.990329
-92.0,93,1053.861119
-70.0,71,1054.509305
-71.0,72,1055.174604
-94.0,95,1056.077022
-63.0,64,1056.653318
-63.0,64,1057.233296
-85.0,86,1057.915653
-71.0,72,1058.487301
-71.0,72,1059.229528
-63.0,64,1059.784222
-116.0,117,1060.819024
-107.0,108,1061.534927
-62.0,63,1061.924204
-70.0,71,1062.458679
-84.0,85,1063.195145
-63.0,64,1063.76524
-75.0,76,1064.306721
-70.0,71,1064.832179
-74.0,75,1065.340662
-71.0,72,1066.018205
-71.0,72,1066.590983
-70.0,71,1067.138988
-69.0,70,1067.671511
-62.0,63,1068.276458
-99.0,100,1068.993611
-69.0,70,1069.627375
-75.0,76,1070.299522
-69.0,70,1070.910471
-69.0,70,1071.364609
-71.0,72,1071.889492
-63.0,64,1072.455731
-77.0,78,1073.082475
-69.0,70,1073.570282
-83.0,84,1074.310649
-65.0,66,1074.785895
-77.0,78,1075.439703
-68.0,69,1076.027147
-78.0,79,1076.710481
-61.0,62,1077.31855
-70.0,71,1077.995568
-68.0,69,1078.486707
-69.0,70,1079.003304
-69.0,70,1079.729158
-106.0,107,1080.742929
-68.0,69,1081.403024
-69.0,70,1082.039501
-71.0,72,1082.693189
-75.0,76,1083.419965
-76.0,77,1084.217541
-62.0,63,1084.782391
-71.0,72,1085.432793
-73.0,74,1086.120911
-91.0,92,1086.972546
-63.0,64,1087.482521
-121.0,122,1088.449378
-77.0,78,1089.130016
-92.0,93,1089.877377
-75.0,76,1090.456287
-78.0,79,1091.06721
-74.0,75,1091.747324
-95.0,96,1092.62147
-63.0,64,1093.202478
-70.0,71,1093.778833
-77.0,78,1094.479613
-84.0,85,1095.125226
-67.0,68,1095.652324
-72.0,73,1096.14541
-62.0,63,1096.658199
-63.0,64,1097.113312
-70.0,71,1097.639678
-69.0,70,1098.091039
-77.0,78,1098.699953
-94.0,95,1099.686128
-68.0,69,1100.237387
-68.0,69,1100.633808
-70.0,71,1101.203055
-73.0,74,1101.88112
-69.0,70,1102.424066
-76.0,77,1103.090954
-62.0,63,1103.689017
-69.0,70,1104.34099
-76.0,77,1105.072534
-70.0,71,1105.678943
-70.0,71,1106.300049
-63.0,64,1106.882457
-94.0,95,1107.580533
-63.0,64,1108.124754
-70.0,71,1108.746706
-87.0,88,1109.514258
-78.0,79,1110.133578
-100.0,101,1110.878117
-64.0,65,1111.385377
-69.0,70,1111.983236
-63.0,64,1112.539008
-71.0,72,1113.187619
-96.0,97,1114.06544
-71.0,72,1114.509127
-63.0,64,1114.946221
-82.0,83,1115.677746
-73.0,74,1116.326519
-71.0,72,1116.863213
-62.0,63,1117.422617
-62.0,63,1118.05248
-90.0,91,1118.920267
-56.0,57,1119.464129
-63.0,64,1119.909914
-63.0,64,1120.435035
-69.0,70,1121.065933
-140.0,141,1122.268049
-82.0,83,1122.778417
-62.0,63,1123.317155
-62.0,63,1123.882735
-70.0,71,1124.416373
-63.0,64,1124.964403
-72.0,73,1125.552263
-62.0,63,1126.072485
-63.0,64,1126.628477
-61.0,62,1127.072051
-62.0,63,1127.535308
-77.0,78,1128.078789
-71.0,72,1128.68871
-71.0,72,1129.447021
-70.0,71,1130.068876
-72.0,73,1130.560973
-69.0,70,1131.017976
-68.0,69,1131.472376
-74.0,75,1132.189244
-69.0,70,1132.860807
-69.0,70,1133.460748
-63.0,64,1134.039261
-80.0,81,1134.750029
-71.0,72,1135.352938
-79.0,80,1135.998562
-72.0,73,1136.621849
-70.0,71,1136.989879
-69.0,70,1137.46141
-77.0,78,1137.910039
-78.0,79,1138.666322
-69.0,70,1139.11634
-71.0,72,1139.63193
-97.0,98,1140.321289
-70.0,71,1140.936312
-63.0,64,1141.659426
-71.0,72,1142.323806
-84.0,85,1143.065383
-71.0,72,1143.628308
-78.0,79,1144.253688
-74.0,75,1144.770667
-106.0,107,1145.671097
-69.0,70,1146.291666
-70.0,71,1146.91716
-62.0,63,1147.29252
-64.0,65,1147.659751
-84.0,85,1148.27585
-82.0,83,1148.890713
-63.0,64,1149.29993
-62.0,63,1149.817096
-70.0,71,1150.436281
-63.0,64,1150.954123
-69.0,70,1151.395617
-71.0,72,1151.913466
-64.0,65,1152.39607
-68.0,69,1152.836232
-61.0,62,1153.235835
-63.0,64,1153.803767
-71.0,72,1154.391826
-68.0,69,1154.851664
-70.0,71,1155.461186
-61.0,62,1156.034293
-154.0,155,1157.438672
-75.0,76,1157.883365
-76.0,77,1158.447635
-72.0,73,1158.945777
-63.0,64,1159.455785
-66.0,67,1159.956554
-63.0,64,1160.370007
-69.0,70,1160.893698
-64.0,65,1161.506946
-63.0,64,1162.038503
-63.0,64,1162.464767
-62.0,63,1162.924659
-72.0,73,1163.509965
-71.0,72,1164.145282
-72.0,73,1164.770267
-69.0,70,1165.372435
-70.0,71,1165.978308
-70.0,71,1166.567652
-71.0,72,1167.250244
-62.0,63,1167.785299
-71.0,72,1168.411984
-63.0,64,1168.904039
-70.0,71,1169.379209
-63.0,64,1169.941433
-70.0,71,1170.518271
-78.0,79,1171.244288
-63.0,64,1171.6245
-69.0,70,1172.138606
-76.0,77,1172.72333
-62.0,63,1173.122409
-72.0,73,1173.590098
-77.0,78,1174.270392
-70.0,71,1174.759854
-69.0,70,1175.121681
-70.0,71,1175.609459
-63.0,64,1176.134578
-70.0,71,1176.664604
-71.0,72,1177.28381
-70.0,71,1177.871274
-76.0,77,1178.450249
-97.0,98,1179.223028
-124.0,125,1180.316771
-70.0,71,1180.756857
-92.0,93,1181.286497
-62.0,63,1181.844997
-67.0,68,1182.346884
-63.0,64,1182.75927
-86.0,87,1183.397778
-63.0,64,1183.781293
-92.0,93,1184.486678
-63.0,64,1185.044001
-77.0,78,1185.728578
-79.0,80,1186.459334
-65.0,66,1187.043762
-62.0,63,1187.597598
-70.0,71,1188.212237
-74.0,75,1188.880879
-62.0,63,1189.431664
-69.0,70,1189.960905
-62.0,63,1190.483691
-71.0,72,1190.98486
-62.0,63,1191.514567
-70.0,71,1191.992327
-62.0,63,1192.605924
-62.0,63,1193.163326
-77.0,78,1193.811068
-62.0,63,1194.212063
-68.0,69,1194.699252
-75.0,76,1195.377784
-63.0,64,1195.932642
-68.0,69,1196.500468
-61.0,62,1197.009109
-63.0,64,1197.576913
-66.0,67,1198.146427
-78.0,79,1198.796525
-74.0,75,1199.440833
-84.0,85,1200.205595
-75.0,76,1200.90126
-70.0,71,1201.495702
-88.0,89,1202.325194
-76.0,77,1202.798803
-69.0,70,1203.369431
-71.0,72,1203.981676
-84.0,85,1204.658339
-69.0,70,1205.273252
-85.0,86,1205.907782
-106.0,107,1206.665561
-71.0,72,1207.265837
-69.0,70,1207.86533
-70.0,71,1208.484565
-78.0,79,1208.925879
-152.0,153,1210.271248
-64.0,65,1210.849049
-64.0,65,1211.451054
-70.0,71,1212.0917
-79.0,80,1212.770194
-63.0,64,1213.287039
-64.0,65,1213.870659
-64.0,65,1214.457028
-75.0,76,1215.121678
-71.0,72,1215.724068
-71.0,72,1216.309276
-63.0,64,1216.857731
-88.0,89,1217.503455
-93.0,94,1218.134645
-78.0,79,1218.711886
-72.0,73,1219.200275
-70.0,71,1219.651413
-70.0,71,1220.105813
-87.0,88,1220.691832
-72.0,73,1221.198918
-60.0,61,1221.621786
-68.0,69,1222.132505
-73.0,74,1222.746734
-80.0,81,1223.315237
-61.0,62,1223.918193
-73.0,74,1224.556533
-68.0,69,1225.13737
-62.0,63,1225.609427
-68.0,69,1226.172068
-73.0,74,1227.007888
-62.0,63,1227.596085
-62.0,63,1228.134094
-61.0,62,1228.695796
-74.0,75,1229.336523
-72.0,73,1229.924936
-70.0,71,1230.406024
-67.0,68,1231.007595
-70.0,71,1231.578454
-74.0,75,1232.045112
-70.0,71,1232.721531
-70.0,71,1233.336482
-69.0,70,1233.935712
-70.0,71,1234.425071
-73.0,74,1235.047722
-70.0,71,1235.651739
-64.0,65,1236.202638
-78.0,79,1236.884474
-97.0,98,1237.643159
-78.0,79,1238.325956
-64.0,65,1238.899497
-64.0,65,1239.471251
-64.0,65,1240.10746
-64.0,65,1240.672436
-62.0,63,1241.252126
-70.0,71,1241.947127
-78.0,79,1242.649395
-63.0,64,1243.220361
-63.0,64,1243.85453
-63.0,64,1244.477877
-63.0,64,1245.09194
-62.0,63,1245.523779
-70.0,71,1245.988672
-72.0,73,1246.454488
-63.0,64,1246.788684
-69.0,70,1247.207827
-63.0,64,1247.82111
-69.0,70,1248.453189
-69.0,70,1249.109378
-62.0,63,1249.652574
-68.0,69,1250.172569
-68.0,69,1250.521965
-61.0,62,1250.910067
-62.0,63,1251.372748
-66.0,67,1251.984087
-94.0,95,1252.812635
-98.0,99,1253.71498
-61.0,62,1254.297958
-68.0,69,1254.901509
-70.0,71,1255.439467
-70.0,71,1256.027106
-75.0,76,1256.684173
-78.0,79,1257.262068
-70.0,71,1257.775139
-61.0,62,1258.279374
-69.0,70,1258.763982
-63.0,64,1259.323649
-63.0,64,1259.8848
-101.0,102,1260.732405
-70.0,71,1261.190956
-74.0,75,1261.836017
-67.0,68,1262.394624
-64.0,65,1262.942466
-64.0,65,1263.507679
-70.0,71,1264.154136
-63.0,64,1264.710601
-70.0,71,1265.323067
-63.0,64,1265.718794
-64.0,65,1266.243841
-71.0,72,1266.755075
-69.0,70,1267.38794
-64.0,65,1267.941198
-63.0,64,1268.406944
-63.0,64,1268.928394
-63.0,64,1269.391636
-70.0,71,1269.93274
-70.0,71,1270.390415
-95.0,96,1271.057455
-67.0,68,1271.57653
-70.0,71,1271.973072
-70.0,71,1272.547593
-63.0,64,1273.045175
-62.0,63,1273.719135
-62.0,63,1274.26714
-62.0,63,1274.725385
-69.0,70,1275.350512
-66.0,67,1275.959449
-70.0,71,1276.63262
-62.0,63,1277.27311
-70.0,71,1277.995108
-61.0,62,1278.527525
-86.0,87,1279.303016
-77.0,78,1280.025315
-75.0,76,1280.651968
-68.0,69,1281.26537
-75.0,76,1281.948278
-67.0,68,1282.546779
-76.0,77,1283.290558
-75.0,76,1284.036708
-69.0,70,1284.723563
-70.0,71,1285.321847
-70.0,71,1285.893617
-70.0,71,1286.383982
-68.0,69,1286.857826
-75.0,76,1287.410662
-70.0,71,1287.876247
-63.0,64,1288.352027
-70.0,71,1288.877795
-67.0,68,1289.462696
-69.0,70,1290.103379
-70.0,71,1290.724431
-73.0,74,1291.30859
-79.0,80,1291.874243
-71.0,72,1292.462326
-70.0,71,1292.906721
-71.0,72,1293.442169
-79.0,80,1294.093137
-72.0,73,1294.79909
-64.0,65,1295.253046
-64.0,65,1295.716439
-63.0,64,1296.280318
-88.0,89,1297.06743
-63.0,64,1297.634848
-70.0,71,1298.352523
-69.0,70,1298.977773
-69.0,70,1299.65269
-63.0,64,1300.253358
-70.0,71,1300.829392
-94.0,95,1301.661601
-68.0,69,1302.275689
-71.0,72,1302.723371
-82.0,83,1303.440238
-61.0,62,1303.974958
-75.0,76,1304.477637
-62.0,63,1305.032045
-83.0,84,1305.790122
-69.0,70,1306.317542
-62.0,63,1306.915395
-75.0,76,1307.605378
-60.0,61,1308.118827
-70.0,71,1308.784307
-84.0,85,1309.589739
-69.0,70,1310.130884
-77.0,78,1310.793572
-69.0,70,1311.33062
-76.0,77,1311.854255
-69.0,70,1312.306119
-67.0,68,1312.731071
-63.0,64,1313.264845
-69.0,70,1313.879966
-70.0,71,1314.501052
-70.0,71,1315.116511
-70.0,71,1315.741835
-63.0,64,1316.293927
-62.0,63,1316.754702
-63.0,64,1317.318739
-85.0,86,1318.081264
-76.0,77,1318.839443
-63.0,64,1319.429981
-70.0,71,1320.05469
-91.0,92,1320.871462
-71.0,72,1321.348079
-72.0,73,1321.977465
-89.0,90,1322.714347
-89.0,90,1323.496374
-70.0,71,1324.060821
-115.0,116,1324.995467
-163.0,164,1326.484623
-101.0,102,1327.406764
-62.0,63,1327.906502
-71.0,72,1328.45375
-69.0,70,1329.08845
-69.0,70,1329.679059
-77.0,78,1330.424522
-62.0,63,1330.999344
-95.0,96,1331.874668
-147.0,148,1333.246808
-63.0,64,1333.605789
-68.0,69,1334.08359
-68.0,69,1334.733265
-62.0,63,1335.329354
-62.0,63,1335.998903
-60.0,61,1336.589414
-100.0,101,1337.434076
-62.0,63,1337.947923
-61.0,62,1338.469543
-70.0,71,1339.06865
-63.0,64,1339.634498
-62.0,63,1340.217562
-68.0,69,1340.715722
-63.0,64,1341.196073
-67.0,68,1341.804375
-61.0,62,1342.351992
-62.0,63,1342.867228
-61.0,62,1343.33818
-62.0,63,1343.750632
-63.0,64,1344.251681
-70.0,71,1344.872871
-85.0,86,1345.618578
-62.0,63,1346.14239
-63.0,64,1346.658934
-70.0,71,1347.251081
-69.0,70,1347.629864
-69.0,70,1348.238988
-62.0,63,1348.775271
-87.0,88,1349.623459
-70.0,71,1350.101073
-69.0,70,1350.564074
-88.0,89,1351.183105
-71.0,72,1351.763093
-70.0,71,1352.228054
-76.0,77,1352.719894
-75.0,76,1353.277987
-154.0,155,1354.424712
-76.0,77,1354.985919
-63.0,64,1355.388502
-87.0,88,1355.818905
-70.0,71,1356.344344
-63.0,64,1356.860929
-63.0,64,1357.368732
-77.0,78,1358.061131
-70.0,71,1358.646491
-93.0,94,1359.441056
-68.0,69,1360.03669
-62.0,63,1360.591488
-62.0,63,1361.175612
-63.0,64,1361.653666
-68.0,69,1362.120935
-76.0,77,1362.601364
-67.0,68,1363.030038
-61.0,62,1363.554785
-94.0,95,1364.494735
-68.0,69,1364.923621
-69.0,70,1365.370227
-69.0,70,1366.083945
-76.0,77,1366.79666
-96.0,97,1367.497672
-68.0,69,1368.164837
-68.0,69,1368.811481
-67.0,68,1369.271442
-69.0,70,1369.871262
-63.0,64,1370.425695
-63.0,64,1370.949514
-68.0,69,1371.632258
-69.0,70,1372.226179
-62.0,63,1372.775068
-78.0,79,1373.458416
-70.0,71,1374.08113
-75.0,76,1374.747495
-63.0,64,1375.313192
-63.0,64,1375.815347
-68.0,69,1376.416756
-62.0,63,1376.962145
-64.0,65,1377.509424
-63.0,64,1378.004565
-70.0,71,1378.422725
-64.0,65,1378.908263
-63.0,64,1379.471966
-64.0,65,1379.99652
-62.0,63,1380.565908
-63.0,64,1381.149311
-62.0,63,1381.606048
-62.0,63,1382.162858
-63.0,64,1382.752359
-71.0,72,1383.406159
-70.0,71,1384.048306
-70.0,71,1384.619494
-69.0,70,1385.221837
-63.0,64,1385.773173
-62.0,63,1386.186086
-68.0,69,1386.645816
-67.0,68,1387.097176
-69.0,70,1387.688918
-61.0,62,1388.168314
-69.0,70,1388.74568
-69.0,70,1389.30346
-70.0,71,1389.903079
-63.0,64,1390.462441
-68.0,69,1390.995376
-63.0,64,1391.611193
-76.0,77,1392.474174
-68.0,69,1393.04057
-62.0,63,1393.574623
-68.0,69,1394.178866
-67.0,68,1394.678078
-63.0,64,1395.068666
-62.0,63,1395.600897
-62.0,63,1396.147957
-61.0,62,1396.664903
-62.0,63,1397.197195
-63.0,64,1397.722669
-70.0,71,1398.300436
-61.0,62,1398.691497
-63.0,64,1399.116101
-63.0,64,1399.668025
-74.0,75,1400.296849
-62.0,63,1400.86248
-63.0,64,1401.44215
-61.0,62,1401.93136
-62.0,63,1402.479337
-71.0,72,1402.952577
-63.0,64,1403.369243
-62.0,63,1403.736302
-62.0,63,1404.249059
-63.0,64,1404.830555
-65.0,66,1405.384382
-65.0,66,1405.914036
-64.0,65,1406.332156
-69.0,70,1406.94083
-62.0,63,1407.490831
-63.0,64,1408.090307
-81.0,82,1408.6369
-70.0,71,1409.169228
-87.0,88,1409.92834
-63.0,64,1410.511426
-63.0,64,1411.042734
-76.0,77,1411.700524
-62.0,63,1412.264291
-62.0,63,1412.826194
-63.0,64,1413.41278
-60.0,61,1413.993105
-85.0,86,1414.735331
-69.0,70,1415.333672
-62.0,63,1415.729141
-62.0,63,1416.245725
-62.0,63,1416.810826
-99.0,100,1417.649889
-62.0,63,1418.15504
-62.0,63,1418.763908
-67.0,68,1419.42548
-69.0,70,1419.973251
-91.0,92,1420.654436
-119.0,120,1421.717603
-68.0,69,1422.304946
-63.0,64,1422.703844
-63.0,64,1423.135724
-62.0,63,1423.529133
-70.0,71,1423.987153
-63.0,64,1424.404279
-63.0,64,1424.942202
-63.0,64,1425.466005
-61.0,62,1426.021006
-69.0,70,1426.616739
-63.0,64,1427.189392
-69.0,70,1427.713193
-63.0,64,1428.279232
-62.0,63,1428.86451
-61.0,62,1429.396515
-75.0,76,1430.096251
-63.0,64,1430.640835
-79.0,80,1431.371193
-62.0,63,1431.87992
-67.0,68,1432.296005
-70.0,71,1432.797717
-61.0,62,1433.207012
-67.0,68,1433.638975
-62.0,63,1434.225766
-62.0,63,1434.642254
-62.0,63,1435.020531
-67.0,68,1435.523325
-88.0,89,1436.280761
-68.0,69,1436.788324
-62.0,63,1437.312639
-68.0,69,1437.824193
-61.0,62,1438.366313
-61.0,62,1438.927306
-60.0,61,1439.476576
-77.0,78,1439.961617
-69.0,70,1440.524229
-69.0,70,1441.11
-68.0,69,1441.634868
-69.0,70,1442.07814
-68.0,69,1442.516894
-70.0,71,1443.167068
-93.0,94,1443.9586
-77.0,78,1444.64795
-98.0,99,1445.505283
-70.0,71,1446.120568
-94.0,95,1446.983516
-70.0,71,1447.634472
-71.0,72,1448.273562
-63.0,64,1448.747167
-77.0,78,1449.306251
-64.0,65,1449.752482
-70.0,71,1450.210065
-77.0,78,1450.915704
-64.0,65,1451.47036
-70.0,71,1452.089846
-63.0,64,1452.658329
-63.0,64,1453.080464
-64.0,65,1453.597138
-70.0,71,1454.299843
-94.0,95,1455.16752
-62.0,63,1455.584053
-63.0,64,1456.050327
-68.0,69,1456.516005
-61.0,62,1457.041984
-63.0,64,1457.572264
-62.0,63,1458.091982
-62.0,63,1458.642273
-77.0,78,1459.249987
-69.0,70,1459.797814
-62.0,63,1460.366335
-62.0,63,1460.932415
-63.0,64,1461.484509
-62.0,63,1462.09386
-62.0,63,1462.656887
-62.0,63,1463.228508
-69.0,70,1463.836934
-61.0,62,1464.398114
-68.0,69,1465.004636
-61.0,62,1465.573408
-62.0,63,1466.061494
-61.0,62,1466.546165
-62.0,63,1467.06157
-62.0,63,1467.665883
-69.0,70,1468.273724
-79.0,80,1468.98371
-93.0,94,1469.808055
-63.0,64,1470.378755
-68.0,69,1470.986943
-68.0,69,1471.583657
-62.0,63,1472.027948
-63.0,64,1472.468765
-62.0,63,1472.912483
-92.0,93,1473.531209
-63.0,64,1473.951766
-102.0,103,1474.628031
-101.0,102,1475.564783
-106.0,107,1476.562869
-63.0,64,1477.197919
-80.0,81,1477.979825
-74.0,75,1478.645625
-64.0,65,1479.227352
-62.0,63,1479.733634
-70.0,71,1480.410296
-63.0,64,1481.009983
-78.0,79,1481.55419
-62.0,63,1482.105063
-77.0,78,1482.707847
-62.0,63,1483.282513
-62.0,63,1483.909857
-63.0,64,1484.444819
-74.0,75,1485.049911
-63.0,64,1485.498474
-158.0,159,1486.907918
-61.0,62,1487.479716
-61.0,62,1488.032907
-64.0,65,1488.653956
-63.0,64,1489.158521
-69.0,70,1489.626578
-78.0,79,1490.114088
-62.0,63,1490.579326
-68.0,69,1491.090933
-70.0,71,1491.470089
-62.0,63,1492.048606
-63.0,64,1492.634761
-77.0,78,1493.142304
-63.0,64,1493.541883
-68.0,69,1494.065336
-67.0,68,1494.481786
-62.0,63,1494.902587
-70.0,71,1495.319683
-69.0,70,1495.751869
-77.0,78,1496.214826
-77.0,78,1496.864077
-62.0,63,1497.427661
-78.0,79,1498.168941
-82.0,83,1498.904695
-69.0,70,1499.514176
-68.0,69,1500.214664
-78.0,79,1500.917559
-71.0,72,1501.52869
-105.0,106,1502.462062
-63.0,64,1503.046436
-69.0,70,1503.689028
-69.0,70,1504.309871
-63.0,64,1504.862816
-62.0,63,1505.402387
-62.0,63,1505.946134
-78.0,79,1506.486676
-62.0,63,1506.876657
-70.0,71,1507.264452
-63.0,64,1507.70776
-62.0,63,1508.213181
-63.0,64,1508.739065
-77.0,78,1509.439845
-62.0,63,1509.980302
-76.0,77,1510.620338
-63.0,64,1511.175137
-62.0,63,1511.709524
-63.0,64,1512.320077
-61.0,62,1512.873828
-71.0,72,1513.489401
-86.0,87,1514.156553
-62.0,63,1514.547833
-70.0,71,1515.034981
-78.0,79,1515.712731
-108.0,109,1516.474476
-76.0,77,1517.047606
-70.0,71,1517.591215
-108.0,109,1518.540215
-71.0,72,1519.187484
-74.0,75,1519.833009
-63.0,64,1520.436668
-63.0,64,1520.891671
-69.0,70,1521.183416
-62.0,63,1521.522713
-62.0,63,1521.784587
-63.0,64,1522.250463
-61.0,62,1522.532589
-107.0,108,1523.195086
-63.0,64,1523.689682
-75.0,76,1524.322449
-107.0,108,1525.110953
-89.0,90,1525.655095
-68.0,69,1526.261527
-69.0,70,1526.834333
-79.0,80,1527.3488
-64.0,65,1527.888897
-109.0,110,1528.964677
-63.0,64,1529.537703
-63.0,64,1530.104601
-64.0,65,1530.6486
-63.0,64,1531.193918
-121.0,122,1532.230389
-63.0,64,1532.856525
-63.0,64,1533.410026
-63.0,64,1533.990876
-62.0,63,1534.378746
-62.0,63,1534.830757
-63.0,64,1535.509332
-75.0,76,1536.138892
-63.0,64,1536.693709
-71.0,72,1537.248437
-63.0,64,1537.623118
-61.0,62,1538.122191
-77.0,78,1538.606441
-71.0,72,1539.155706
-63.0,64,1539.727115
-61.0,62,1540.254869
-100.0,101,1541.120434
-63.0,64,1541.663354
-62.0,63,1542.19582
-70.0,71,1542.731702
-62.0,63,1543.282568
-63.0,64,1543.873567
-88.0,89,1544.424715
-61.0,62,1544.810089
-87.0,88,1545.638117
-62.0,63,1546.216338
-63.0,64,1546.697222
-62.0,63,1547.226881
-61.0,62,1547.766384
-62.0,63,1548.260201
-85.0,86,1549.122035
-63.0,64,1549.721322
-68.0,69,1550.371922
-74.0,75,1551.045079
-63.0,64,1551.652398
-70.0,71,1552.236073
-67.0,68,1552.8466
-85.0,86,1553.400613
-68.0,69,1553.876092
-61.0,62,1554.423154
-84.0,85,1555.215165
-77.0,78,1555.878049
-69.0,70,1556.600544
-67.0,68,1557.289264
-69.0,70,1557.952518
-68.0,69,1558.374898
-62.0,63,1558.903102
-62.0,63,1559.525276
-79.0,80,1560.281586
-61.0,62,1560.707512
-112.0,113,1561.535074
-62.0,63,1562.062773
-71.0,72,1562.73987
-63.0,64,1563.289356
-86.0,87,1563.961762
-63.0,64,1564.4611
-63.0,64,1564.887673
-64.0,65,1565.485979
-87.0,88,1566.241684
-63.0,64,1566.736521
-64.0,65,1567.29549
-63.0,64,1567.892475
-63.0,64,1568.501345
-69.0,70,1569.08103
-69.0,70,1569.439421
-63.0,64,1569.800673
-64.0,65,1570.391206
-61.0,62,1570.833321
-63.0,64,1571.406188
-62.0,63,1571.923422
-63.0,64,1572.509588
-64.0,65,1573.105185
-68.0,69,1573.698167
-62.0,63,1574.184982
-63.0,64,1574.62594
-63.0,64,1575.0814
-63.0,64,1575.501727
-61.0,62,1575.964617
-63.0,64,1576.512189
-76.0,77,1577.1755
-62.0,63,1577.718839
-63.0,64,1578.358063
-61.0,62,1578.940337
-77.0,78,1579.578737
-63.0,64,1580.048209
-62.0,63,1580.623104
-69.0,70,1581.317476
-63.0,64,1581.929479
-63.0,64,1582.586434
-92.0,93,1583.433458
-63.0,64,1584.037602
-75.0,76,1584.759417
-71.0,72,1585.338609
-61.0,62,1585.917854
-63.0,64,1586.532421
-63.0,64,1587.135645
-77.0,78,1587.795837
-62.0,63,1588.178038
-63.0,64,1588.710542
-62.0,63,1589.118508
-63.0,64,1589.593082
-64.0,65,1590.229228
-79.0,80,1590.914807
-62.0,63,1591.445683
-71.0,72,1591.965994
-63.0,64,1592.523372
-69.0,70,1593.129282
-78.0,79,1593.820055
-63.0,64,1594.368165
-62.0,63,1594.811726
-63.0,64,1595.389486
-61.0,62,1595.814687
-63.0,64,1596.203099
-62.0,63,1596.679179
-63.0,64,1597.100433
-69.0,70,1597.687425
-63.0,64,1598.266673
-61.0,62,1598.751288
-62.0,63,1599.22174
-62.0,63,1599.82358
-62.0,63,1600.389224
-63.0,64,1601.033819
-63.0,64,1601.632245
-70.0,71,1602.153136
-63.0,64,1602.681973
-63.0,64,1603.210387
-63.0,64,1603.845565
-62.0,63,1604.388442
-63.0,64,1604.929559
-94.0,95,1605.858844
-69.0,70,1606.370248
-63.0,64,1606.772953
-64.0,65,1607.314754
-63.0,64,1607.905298
-77.0,78,1608.509984
-69.0,70,1609.105292
-64.0,65,1609.641555
-64.0,65,1610.198514
-64.0,65,1610.771446
-62.0,63,1611.326442
-63.0,64,1611.892555
-81.0,82,1612.414456
-62.0,63,1612.89493
-61.0,62,1613.35201
-62.0,63,1613.89871
-63.0,64,1614.471302
-63.0,64,1615.034973
-62.0,63,1615.605535
-125.0,126,1616.709611
-62.0,63,1617.262929
-62.0,63,1617.838519
-63.0,64,1618.422986
-71.0,72,1618.97928
-63.0,64,1619.477263
-93.0,94,1620.237067
-90.0,91,1621.017156
-62.0,63,1621.549298
-80.0,81,1622.32235
-63.0,64,1622.884744
-61.0,62,1623.387143
-81.0,82,1624.089726
-60.0,61,1624.615663
-62.0,63,1625.055662
-62.0,63,1625.568618
-61.0,62,1626.02357
-62.0,63,1626.571427
-75.0,76,1627.226659
-63.0,64,1627.871795
-69.0,70,1628.529037
-63.0,64,1629.131385
-77.0,78,1629.86828
-62.0,63,1630.364133
-63.0,64,1630.855263
-64.0,65,1631.417356
-71.0,72,1632.095867
-63.0,64,1632.58926
-92.0,93,1633.433257
-63.0,64,1633.869994
-64.0,65,1634.300657
-64.0,65,1634.813438
-63.0,64,1635.401426
-81.0,82,1636.060587
-63.0,64,1636.554178
-62.0,63,1637.072393
-64.0,65,1637.64333
-64.0,65,1638.22067
-64.0,65,1638.713796
-63.0,64,1639.27736
-63.0,64,1639.877668
-64.0,65,1640.369805
-62.0,63,1640.915609
-76.0,77,1641.508281
-63.0,64,1641.923818
-62.0,63,1642.484226
-63.0,64,1643.045811
-70.0,71,1643.644874
-62.0,63,1644.209332
-75.0,76,1644.868701
-63.0,64,1645.42979
-63.0,64,1646.021274
-75.0,76,1646.776714
-62.0,63,1647.259334
-62.0,63,1647.815997
-62.0,63,1648.410343
-62.0,63,1649.039113
-61.0,62,1649.603217
-63.0,64,1650.21861
-63.0,64,1650.80062
-61.0,62,1651.385156
-63.0,64,1652.011204
-60.0,61,1652.599565
-61.0,62,1653.187215
-63.0,64,1653.786266
-82.0,83,1654.519554
-62.0,63,1654.931217
-63.0,64,1655.396588
-62.0,63,1656.059013
-63.0,64,1656.627179
-62.0,63,1657.221925
-70.0,71,1657.839692
-86.0,87,1658.59557
-97.0,98,1659.372659
-94.0,95,1660.052398
-70.0,71,1660.611324
-83.0,84,1661.334888
-77.0,78,1662.000059
-78.0,79,1662.702764
-64.0,65,1663.305237
-61.0,62,1663.781525
-63.0,64,1664.352376
-85.0,86,1665.211863
-69.0,70,1665.900665
-77.0,78,1666.584792
-69.0,70,1667.22516
-61.0,62,1667.749613
-62.0,63,1668.290271
-101.0,102,1669.100956
-63.0,64,1669.64412
-63.0,64,1670.20295
-64.0,65,1670.769031
-61.0,62,1671.189157
-62.0,63,1671.747863
-76.0,77,1672.414958
-63.0,64,1672.881889
-61.0,62,1673.282495
-62.0,63,1673.78991
-69.0,70,1674.276917
-62.0,63,1674.804101
-62.0,63,1675.251841
-66.0,67,1675.879234
-61.0,62,1676.370928
-62.0,63,1676.839956
-75.0,76,1677.401904
-62.0,63,1677.890814
-68.0,69,1678.483595
-62.0,63,1679.088777
-63.0,64,1679.613911
-62.0,63,1680.158351
-63.0,64,1680.741374
-62.0,63,1681.230934
-62.0,63,1681.793046
-63.0,64,1682.414024
-77.0,78,1683.081707
-64.0,65,1683.648231
-78.0,79,1684.420897
-62.0,63,1684.943197
-63.0,64,1685.368318
-64.0,65,1685.810294
-102.0,103,1686.636352
-69.0,70,1687.078076
-63.0,64,1687.515146
-64.0,65,1687.854305
-69.0,70,1688.460165
-62.0,63,1689.022628
-78.0,79,1689.675748
-62.0,63,1690.102172
-64.0,65,1690.641131
-68.0,69,1691.242893
-63.0,64,1691.845715
-76.0,77,1692.60523
-68.0,69,1693.279072
-78.0,79,1693.965184
-77.0,78,1694.483691
-63.0,64,1694.96244
-62.0,63,1695.533306
-61.0,62,1696.110893
-63.0,64,1696.607612
-61.0,62,1697.078411
-70.0,71,1697.691828
-72.0,73,1698.23477
-62.0,63,1698.659531
-68.0,69,1699.041054
-69.0,70,1699.590016
-63.0,64,1700.074416
-62.0,63,1700.700207
-63.0,64,1701.294462
-86.0,87,1701.959336
-64.0,65,1702.572375
-63.0,64,1703.099997
-60.0,61,1703.621014
-62.0,63,1704.169838
-62.0,63,1704.66609
-63.0,64,1705.16721
-63.0,64,1705.721716
-68.0,69,1706.201405
-68.0,69,1706.837279
-63.0,64,1707.405062
-63.0,64,1707.917225
-63.0,64,1708.533937
-68.0,69,1709.063993
-62.0,63,1709.607497
-62.0,63,1710.160311
-63.0,64,1710.657568
-62.0,63,1711.193526
-87.0,88,1711.916475
-63.0,64,1712.467917
-84.0,85,1713.192753
-63.0,64,1713.751691
-63.0,64,1714.303012
-63.0,64,1714.88045
-70.0,71,1715.494574
-63.0,64,1715.894721
-68.0,69,1716.403046
-84.0,85,1717.109817
-63.0,64,1717.686212
-61.0,62,1718.238148
-62.0,63,1718.796034
-62.0,63,1719.360115
-63.0,64,1719.910451
-77.0,78,1720.528797
-63.0,64,1721.061718
-63.0,64,1721.652741
-90.0,91,1722.479686
-62.0,63,1723.042499
-63.0,64,1723.553312
-63.0,64,1723.910729
-62.0,63,1724.45626
-70.0,71,1725.040537
-63.0,64,1725.628175
-63.0,64,1726.213985
-79.0,80,1726.87577
-64.0,65,1727.466076
-63.0,64,1728.011063
-104.0,105,1728.709848
-63.0,64,1729.31358
-63.0,64,1729.882504
-63.0,64,1730.50556
-62.0,63,1731.105692
-63.0,64,1731.644461
-64.0,65,1732.200639
-80.0,81,1732.80626
-62.0,63,1733.32483
-70.0,71,1733.828683
-89.0,90,1734.614408
-61.0,62,1735.092873
-62.0,63,1735.489642
-62.0,63,1735.94255
-63.0,64,1736.499862
-62.0,63,1737.075761
-61.0,62,1737.700788
-76.0,77,1738.353377
-63.0,64,1738.812352
-62.0,63,1739.35545
-62.0,63,1739.857166
-62.0,63,1740.380404
-62.0,63,1740.959941
-61.0,62,1741.50666
-62.0,63,1741.994233
-110.0,111,1743.004869
-62.0,63,1743.416614
-102.0,103,1744.174434
-64.0,65,1744.765429
-64.0,65,1745.341137
-113.0,114,1746.336614
-62.0,63,1746.845636
-63.0,64,1747.327761
-64.0,65,1747.906742
-88.0,89,1748.558031
-70.0,71,1749.202637
-64.0,65,1749.765573
-78.0,79,1750.429095
-69.0,70,1750.951838
-64.0,65,1751.451339
-64.0,65,1752.083458
-64.0,65,1752.662182
-70.0,71,1753.344953
-65.0,66,1753.909797
-132.0,133,1755.105223
-64.0,65,1755.683297
-64.0,65,1756.282118
-65.0,66,1756.876356
-63.0,64,1757.433848
-83.0,84,1758.101345
-64.0,65,1758.640865
-83.0,84,1759.342478
-63.0,64,1759.905102
-63.0,64,1760.312777
-70.0,71,1760.814347
-70.0,71,1761.433357
-63.0,64,1761.8563
-66.0,67,1762.339369
-61.0,62,1762.848897
-68.0,69,1763.46377
-62.0,63,1764.047871
-84.0,85,1764.732873
-61.0,62,1765.140351
-74.0,75,1765.784517
-106.0,107,1766.671301
-94.0,95,1767.443657
-61.0,62,1767.893798
-62.0,63,1768.40287
-61.0,62,1768.950946
-61.0,62,1769.491841
-61.0,62,1770.068239
-77.0,78,1770.76242
-70.0,71,1771.303848
-85.0,86,1772.053337
-91.0,92,1772.834817
-62.0,63,1773.381746
-76.0,77,1774.102815
-77.0,78,1774.774735
-65.0,66,1775.349439
-169.0,170,1776.742566
-65.0,66,1777.180702
-64.0,65,1777.639317
-74.0,75,1778.369697
-100.0,101,1779.289116
-65.0,66,1779.624943
-65.0,66,1780.087732
-70.0,71,1780.619987
-96.0,97,1781.502146
-64.0,65,1782.119517
-65.0,66,1782.739586
-78.0,79,1783.475167
-64.0,65,1784.082433
-64.0,65,1784.708015
-65.0,66,1785.254227
-65.0,66,1785.901812
-92.0,93,1786.772371
-63.0,64,1787.337714
-64.0,65,1787.859389
-62.0,63,1788.412316
-63.0,64,1788.978116
-62.0,63,1789.547806
-64.0,65,1790.072474
-62.0,63,1790.658757
-63.0,64,1791.281318
-62.0,63,1791.837522
-68.0,69,1792.441993
-67.0,68,1792.9673
-67.0,68,1793.406521
-62.0,63,1793.957449
-62.0,63,1794.497998
-63.0,64,1794.985209
-76.0,77,1795.646479
-63.0,64,1796.067071
-65.0,66,1796.646743
-62.0,63,1797.202764
-83.0,84,1797.962272
-75.0,76,1798.577849
-61.0,62,1799.118532
-62.0,63,1799.659927
-64.0,65,1800.247193
-80.0,81,1800.959567
-107.0,108,1801.71086
-64.0,65,1802.269826
-64.0,65,1802.726925
-61.0,62,1803.125716
-76.0,77,1803.802442
-73.0,74,1804.423544
-72.0,73,1805.015484
-71.0,72,1805.715039
-127.0,128,1806.86168
-64.0,65,1807.446762
-63.0,64,1808.015634
-96.0,97,1808.851266
-71.0,72,1809.402952
-70.0,71,1809.955356
-71.0,72,1810.493991
-64.0,65,1810.96546
-114.0,115,1811.902489
-62.0,63,1812.489599
-67.0,68,1813.104032
-62.0,63,1813.633318
-62.0,63,1814.126904
-69.0,70,1814.752476
-61.0,62,1815.346133
-109.0,110,1816.359023
-75.0,76,1817.01122
-60.0,61,1817.520714
-60.0,61,1818.001701
-62.0,63,1818.409455
-62.0,63,1819.022633
-116.0,117,1820.069408
-109.0,110,1821.016635
-61.0,62,1821.489416
-62.0,63,1821.951715
-61.0,62,1822.449664
-67.0,68,1823.115482
-77.0,78,1823.777838
-63.0,64,1824.346422
-63.0,64,1824.90873
-64.0,65,1825.391121
-63.0,64,1825.827043
-64.0,65,1826.237214
-63.0,64,1826.671772
-78.0,79,1827.435066
-62.0,63,1828.031277
-63.0,64,1828.631311
-62.0,63,1829.176182
-64.0,65,1829.548272
-64.0,65,1829.98236
-135.0,136,1831.004497
-65.0,66,1831.546959
-106.0,107,1832.446834
-65.0,66,1833.018038
-64.0,65,1833.524763
-64.0,65,1834.015079
-64.0,65,1834.585366
-64.0,65,1835.058302
-63.0,64,1835.497876
-63.0,64,1835.952322
-69.0,70,1836.569778
-62.0,63,1837.11404
-63.0,64,1837.661088
-63.0,64,1838.269735
-70.0,71,1838.906934
-63.0,64,1839.585956
-62.0,63,1840.168762
-63.0,64,1840.614993
-71.0,72,1841.207404
-68.0,69,1841.813366
-62.0,63,1842.397303
-62.0,63,1842.933455
-62.0,63,1843.433257
-83.0,84,1844.082918
-61.0,62,1844.349081
-143.0,144,1845.519476
-67.0,68,1845.937166
-63.0,64,1846.43735
-62.0,63,1846.97452
-62.0,63,1847.495848
-62.0,63,1847.898957
-75.0,76,1848.295453
-67.0,68,1848.819332
-69.0,70,1849.295727
-67.0,68,1849.86035
-68.0,69,1850.436398
-85.0,86,1851.270732
-63.0,64,1851.68252
-62.0,63,1852.095836
-70.0,71,1852.600442
-64.0,65,1853.167034
-88.0,89,1853.939131
-64.0,65,1854.493587
-111.0,112,1855.394104
-70.0,71,1856.004373
-64.0,65,1856.591033
-63.0,64,1857.149351
-63.0,64,1857.705288
-64.0,65,1858.22621
-71.0,72,1858.743891
-65.0,66,1859.283096
-122.0,123,1860.333835
-77.0,78,1860.953018
-62.0,63,1861.460156
-64.0,65,1862.014872
-71.0,72,1862.701627
-70.0,71,1863.210092
-87.0,88,1863.966607
-63.0,64,1864.512531
-72.0,73,1865.020672
-61.0,62,1865.4458
-62.0,63,1865.926135
-82.0,83,1866.528714
-61.0,62,1867.072064
-62.0,63,1867.661943
-98.0,99,1868.522992
-62.0,63,1869.077407
-67.0,68,1869.667425
-62.0,63,1870.112417
-68.0,69,1870.691313
-67.0,68,1871.299847
-62.0,63,1871.741523
-97.0,98,1872.560588
-73.0,74,1873.243566
-63.0,64,1873.804953
-83.0,84,1874.453499
-85.0,86,1875.047093
-63.0,64,1875.661776
-63.0,64,1876.217666
-68.0,69,1876.716385
-62.0,63,1877.168533
-65.0,66,1877.761822
-64.0,65,1878.35749
-71.0,72,1878.825597
-64.0,65,1879.411157
-87.0,88,1879.976273
-74.0,75,1880.463186
-64.0,65,1881.032412
-222.0,223,1883.141215
-94.0,95,1883.948847
-65.0,66,1884.392645
-64.0,65,1884.957147
-66.0,67,1885.532778
-64.0,65,1886.125513
-64.0,65,1886.711245
-64.0,65,1887.274508
-63.0,64,1887.840618
-71.0,72,1888.368701
-71.0,72,1888.915165
-63.0,64,1889.474071
-64.0,65,1890.029209
-62.0,63,1890.557429
-64.0,65,1890.995652
-63.0,64,1891.573368
-63.0,64,1892.256963
-120.0,121,1893.203601
-62.0,63,1893.766341
-85.0,86,1894.491491
-97.0,98,1895.141908
-66.0,67,1895.718871
-82.0,83,1896.243408
-61.0,62,1896.771562
-61.0,62,1897.261599
-64.0,65,1897.778052
-98.0,99,1898.562652
-68.0,69,1899.05504
-70.0,71,1899.603456
-70.0,71,1900.209269
-61.0,62,1900.763485
-62.0,63,1901.141855
-67.0,68,1901.694105
-70.0,71,1902.297437
-68.0,69,1902.995843
-69.0,70,1903.657813
-69.0,70,1904.228005
-63.0,64,1904.745805
-93.0,94,1905.523164
-63.0,64,1905.984576
-93.0,94,1906.671009
-63.0,64,1907.094333
-70.0,71,1907.689505
-64.0,65,1908.252504
-69.0,70,1908.867651
-62.0,63,1909.383655
-63.0,64,1909.781218
-72.0,73,1910.349587
-72.0,73,1910.806775
-65.0,66,1911.287671
-63.0,64,1911.823034
-80.0,81,1912.642572
-64.0,65,1913.207543
-64.0,65,1913.700902
-77.0,78,1914.337312
-70.0,71,1914.940506
-64.0,65,1915.505798
-66.0,67,1916.013886
-64.0,65,1916.476794
-68.0,69,1916.940544
-64.0,65,1917.482465
-63.0,64,1917.993678
-68.0,69,1918.417715
-62.0,63,1918.963407
-83.0,84,1919.65859
-62.0,63,1920.166263
-104.0,105,1920.95964
-62.0,63,1921.348795
-68.0,69,1921.893625
-61.0,62,1922.387609
-61.0,62,1922.771304
-61.0,62,1923.303826
-67.0,68,1923.93459
-66.0,67,1924.454112
-67.0,68,1925.05185
-67.0,68,1925.659579
-60.0,61,1926.114059
-61.0,62,1926.505138
-61.0,62,1926.876846
-93.0,94,1927.616827
-62.0,63,1928.174235
-63.0,64,1928.726583
-68.0,69,1929.328538
-68.0,69,1929.842448
-63.0,64,1930.422636
-63.0,64,1930.996222
-64.0,65,1931.589646
-62.0,63,1932.068137
-76.0,77,1932.739869
-92.0,93,1933.475632
-213.0,214,1935.423134
-79.0,80,1936.089422
-65.0,66,1936.609336
-63.0,64,1937.048084
-64.0,65,1937.511636
-63.0,64,1938.080967
-65.0,66,1938.548022
-70.0,71,1939.042935
-62.0,63,1939.587784
-63.0,64,1940.114763
-62.0,63,1940.713605
-63.0,64,1941.253293
-64.0,65,1941.755645
-92.0,93,1942.558758
-63.0,64,1943.131627
-69.0,70,1943.76232
-78.0,79,1944.53828
-63.0,64,1945.10579
-77.0,78,1945.751709
-63.0,64,1946.200179
-63.0,64,1946.800066
-111.0,112,1947.786948
-62.0,63,1948.285842
-62.0,63,1948.808267
-77.0,78,1949.39024
-78.0,79,1950.171304
-64.0,65,1950.751066
-62.0,63,1951.323724
-62.0,63,1951.764185
-64.0,65,1952.253718
-62.0,63,1952.718527
-62.0,63,1953.231503
-63.0,64,1953.788843
-63.0,64,1954.307351
-62.0,63,1954.700883
-63.0,64,1955.01906
-64.0,65,1955.467
-78.0,79,1956.149626
-63.0,64,1956.566574
-62.0,63,1957.043834
-63.0,64,1957.567041
-82.0,83,1958.083978
-64.0,65,1958.579977
-65.0,66,1959.187169
-64.0,65,1959.638889
-63.0,64,1960.06433
-64.0,65,1960.648544
-69.0,70,1961.271539
-63.0,64,1961.841882
-64.0,65,1962.375165
-69.0,70,1962.975447
-85.0,86,1963.719966
-63.0,64,1964.308839
-69.0,70,1964.906125
-64.0,65,1965.437608
-63.0,64,1965.957272
-68.0,69,1966.529405
-65.0,66,1967.07924
-63.0,64,1967.598699
-127.0,128,1968.639051
-86.0,87,1969.401577
-63.0,64,1969.980466
-114.0,115,1970.908207
-63.0,64,1971.486118
-67.0,68,1972.053954
-62.0,63,1972.58215
-64.0,65,1973.136589
-62.0,63,1973.756214
-63.0,64,1974.479683
-63.0,64,1975.118943
-63.0,64,1975.654721
-63.0,64,1976.239611
-77.0,78,1976.960984
-61.0,62,1977.364737
-62.0,63,1977.865458
-63.0,64,1978.430585
-76.0,77,1979.227072
-69.0,70,1979.861986
-63.0,64,1980.481984
-63.0,64,1981.049761
-63.0,64,1981.686707
-63.0,64,1982.205837
-64.0,65,1982.590446
-65.0,66,1983.108327
-63.0,64,1983.68473
-65.0,66,1984.279686
-64.0,65,1984.84231
-63.0,64,1985.286621
-64.0,65,1985.859855
-63.0,64,1986.480669
-64.0,65,1987.042766
-64.0,65,1987.513772
-143.0,144,1988.587769
-63.0,64,1989.206565
-63.0,64,1989.763189
-63.0,64,1990.324337
-69.0,70,1990.824455
-63.0,64,1991.361263
-63.0,64,1991.910614
-89.0,90,1992.558106
-63.0,64,1993.095299
-61.0,62,1993.539535
-61.0,62,1994.001126
-60.0,61,1994.50811
-63.0,64,1995.00638
-63.0,64,1995.446262
-103.0,104,1996.166526
-61.0,62,1996.544581
-63.0,64,1997.102697
-73.0,74,1997.743716
-77.0,78,1998.354335
-63.0,64,1998.96425
-68.0,69,1999.571432
-68.0,69,2000.140758
-82.0,83,2000.960176
-63.0,64,2001.653369
-64.0,65,2002.045733
-64.0,65,2002.573034
-63.0,64,2003.182334
-62.0,63,2003.713251
-93.0,94,2004.477165
-97.0,98,2005.326952
-63.0,64,2005.90704
-94.0,95,2006.761134
-64.0,65,2007.354667
-64.0,65,2007.765371
-63.0,64,2008.285153
-64.0,65,2008.838842
-64.0,65,2009.407728
-70.0,71,2010.100615
-86.0,87,2010.952282
-63.0,64,2011.58139
-64.0,65,2012.1594
-64.0,65,2012.603899
-63.0,64,2013.193974
-64.0,65,2013.701413
-70.0,71,2014.107808
-62.0,63,2014.473546
-85.0,86,2015.242823
-62.0,63,2015.802874
-65.0,66,2016.387208
-63.0,64,2016.934224
-63.0,64,2017.349153
-68.0,69,2017.827349
-78.0,79,2018.338148
-103.0,104,2019.165017
-114.0,115,2020.073544
-64.0,65,2020.516037
-61.0,62,2020.876633
-68.0,69,2021.467662
-61.0,62,2022.01288
-62.0,63,2022.565974
-62.0,63,2023.117791
-62.0,63,2023.574667
-63.0,64,2024.101259
-69.0,70,2024.625997
-63.0,64,2025.079677
-77.0,78,2025.773144
-62.0,63,2026.31505
-76.0,77,2027.156043
-62.0,63,2027.74325
-88.0,89,2028.653745
-76.0,77,2029.32651
-63.0,64,2029.924088
-63.0,64,2030.412292
-64.0,65,2030.985738
-64.0,65,2031.545729
-64.0,65,2032.044276
-64.0,65,2032.49946
-93.0,94,2033.079307
-63.0,64,2033.495649
-64.0,65,2034.073843
-63.0,64,2034.652393
-158.0,159,2035.992633
-92.0,93,2036.60623
-63.0,64,2036.989502
-77.0,78,2037.599442
-65.0,66,2038.112086
-64.0,65,2038.531008
-63.0,64,2039.012608
-64.0,65,2039.433592
-79.0,80,2040.017721
-64.0,65,2040.467307
-62.0,63,2041.015049
-63.0,64,2041.537975
-78.0,79,2042.121512
-76.0,77,2042.785022
-64.0,65,2043.349741
-62.0,63,2043.884838
-62.0,63,2044.457694
-71.0,72,2044.939062
-62.0,63,2045.421006
-63.0,64,2045.90137
-62.0,63,2046.359613
-64.0,65,2046.764174
-69.0,70,2047.211425
-69.0,70,2047.825253
-61.0,62,2048.351172
-67.0,68,2048.973047
-61.0,62,2049.516441
-63.0,64,2050.102147
-62.0,63,2050.621153
-62.0,63,2051.166609
-91.0,92,2051.960805
-68.0,69,2052.582105
-62.0,63,2052.96717
-62.0,63,2053.52006
-70.0,71,2054.212864
-62.0,63,2054.762325
-63.0,64,2055.310267
-62.0,63,2055.860681
-62.0,63,2056.271268
-62.0,63,2056.849586
-63.0,64,2057.412516
-78.0,79,2058.167418
-62.0,63,2058.674419
-71.0,72,2059.290596
-68.0,69,2059.88082
-63.0,64,2060.415208
-63.0,64,2060.972421
-63.0,64,2061.467497
-70.0,71,2062.071947
-104.0,105,2062.975174
-62.0,63,2063.503521
-63.0,64,2064.072355
-64.0,65,2064.576926
-62.0,63,2064.985539
-91.0,92,2065.731811
-71.0,72,2066.401027
-62.0,63,2066.913299
-68.0,69,2067.45207
-62.0,63,2067.968213
-63.0,64,2068.449625
-62.0,63,2068.955677
-63.0,64,2069.47898
-70.0,71,2070.180627
-63.0,64,2070.756495
-63.0,64,2071.327519
-79.0,80,2072.047446
-62.0,63,2072.587593
-62.0,63,2073.19408
-63.0,64,2073.825926
-63.0,64,2074.387864
-63.0,64,2074.940965
-61.0,62,2075.489232
-61.0,62,2076.02472
-75.0,76,2076.653986
-132.0,133,2077.86132
-62.0,63,2078.461969
-86.0,87,2079.258911
-63.0,64,2079.864019
-61.0,62,2080.293795
-63.0,64,2080.697787
-78.0,79,2081.410301
-62.0,63,2082.00494
-106.0,107,2082.831495
-70.0,71,2083.49366
-62.0,63,2084.191121
-62.0,63,2084.797261
-91.0,92,2085.438921
-110.0,111,2086.46733
-86.0,87,2087.210546
-63.0,64,2087.762134
-63.0,64,2088.379896
-62.0,63,2089.008842
-63.0,64,2089.638525
-63.0,64,2090.233364
-63.0,64,2090.818366
-80.0,81,2091.523902
-70.0,71,2092.163427
-62.0,63,2092.679552
-64.0,65,2093.268954
-63.0,64,2093.810921
-62.0,63,2094.32936
-62.0,63,2094.955203
-63.0,64,2095.600743
-62.0,63,2096.154082
-63.0,64,2096.704687
-62.0,63,2097.308484
-63.0,64,2097.928494
-62.0,63,2098.531977
-62.0,63,2099.061454
-68.0,69,2099.600508
-63.0,64,2100.100688
-62.0,63,2100.556111
-62.0,63,2101.162807
-63.0,64,2101.74191
-62.0,63,2102.217444
-63.0,64,2102.781774
-84.0,85,2103.527739
-63.0,64,2104.122046
-62.0,63,2104.674316
-62.0,63,2105.280431
-64.0,65,2105.891923
-62.0,63,2106.434086
-63.0,64,2107.035006
-63.0,64,2107.520356
-67.0,68,2108.135988
-62.0,63,2108.700933
-69.0,70,2109.207612
-63.0,64,2109.7744
-64.0,65,2110.332004
-62.0,63,2110.882375
-63.0,64,2111.429131
-63.0,64,2111.983053
-62.0,63,2112.536994
-70.0,71,2112.931952
-63.0,64,2113.456094
-63.0,64,2114.006924
-63.0,64,2114.583649
-63.0,64,2115.191521
-62.0,63,2115.845522
-63.0,64,2116.424328
-63.0,64,2116.857874
-64.0,65,2117.472235
-78.0,79,2118.103544
-63.0,64,2118.715507
-64.0,65,2119.305004
-63.0,64,2119.897017
-64.0,65,2120.473097
-67.0,68,2121.05389
-64.0,65,2121.627061
-63.0,64,2122.086267
-62.0,63,2122.690436
-63.0,64,2123.319993
-67.0,68,2123.920557
-61.0,62,2124.533974
-71.0,72,2125.239058
-63.0,64,2125.863917
-63.0,64,2126.441142
-62.0,63,2127.040243
-95.0,96,2127.826202
-62.0,63,2128.455763
-61.0,62,2128.990865
-63.0,64,2129.511258
-62.0,63,2130.047561
-68.0,69,2130.783769
-62.0,63,2131.352077
-94.0,95,2132.302285
-68.0,69,2132.9019
-62.0,63,2133.508633
-77.0,78,2134.274226
-63.0,64,2134.954626
-83.0,84,2135.39513
-63.0,64,2135.805207
-63.0,64,2136.211215
-77.0,78,2136.77631
-63.0,64,2137.358389
-80.0,81,2138.027609
-62.0,63,2138.663916
-68.0,69,2139.29207
-61.0,62,2139.669426
-61.0,62,2140.188941
-62.0,63,2140.789546
-63.0,64,2141.352117
-71.0,72,2142.04171
-64.0,65,2142.747916
-63.0,64,2143.31602
-63.0,64,2143.916109
-77.0,78,2144.604857
-63.0,64,2145.190197
-64.0,65,2145.700924
-63.0,64,2146.103151
-63.0,64,2146.623376
-62.0,63,2147.137076
-64.0,65,2147.638234
-71.0,72,2148.537222
-63.0,64,2149.066873
-64.0,65,2149.638268
-63.0,64,2150.145961
-71.0,72,2150.846905
-72.0,73,2151.566222
-64.0,65,2152.11997
-63.0,64,2152.635657
-63.0,64,2153.191702
-64.0,65,2153.737783
-63.0,64,2154.303813
-63.0,64,2154.859831
-64.0,65,2155.496603
-64.0,65,2156.130457
-63.0,64,2156.61304
-63.0,64,2157.204108
-63.0,64,2157.755399
-63.0,64,2158.310477
-78.0,79,2159.015583
-70.0,71,2159.695784
-59.0,60,2160.201222
-62.0,63,2160.71949
-74.0,75,2161.338827
-62.0,63,2161.883871
-62.0,63,2162.287659
-65.0,66,2162.750112
-61.0,62,2163.139102
-61.0,62,2163.647112
-68.0,69,2164.242387
-61.0,62,2164.85639
-61.0,62,2165.435843
-62.0,63,2165.950428
-68.0,69,2166.566808
-63.0,64,2167.132284
-61.0,62,2167.642664
-62.0,63,2168.299237
-63.0,64,2168.81881
-62.0,63,2169.365163
-63.0,64,2169.952042
-63.0,64,2170.558968
-62.0,63,2171.029309
-64.0,65,2171.499919
-63.0,64,2172.15455
-63.0,64,2172.7795
-64.0,65,2173.365675
-62.0,63,2173.983423
-63.0,64,2174.553037
-64.0,65,2175.157236
-65.0,66,2175.71073
-81.0,82,2176.483019
-65.0,66,2176.960453
-65.0,66,2177.396949
-64.0,65,2177.831572
-64.0,65,2178.315041
-63.0,64,2178.794927
-63.0,64,2179.39388
-65.0,66,2179.891844
-64.0,65,2180.459384
-63.0,64,2180.946656
-78.0,79,2181.553922
-64.0,65,2182.106834
-64.0,65,2182.684309
-67.0,68,2183.318621
-69.0,70,2183.994684
-76.0,77,2184.712099
-63.0,64,2185.279218
-70.0,71,2185.703003
-65.0,66,2186.256517
-63.0,64,2186.802289
-62.0,63,2187.148008
-63.0,64,2187.68445
-69.0,70,2188.343013
-61.0,62,2188.871583
-161.0,162,2190.304212
-74.0,75,2190.980206
-63.0,64,2191.385318
-61.0,62,2192.037971
-61.0,62,2192.562796
-61.0,62,2192.924743
-62.0,63,2193.488126
-61.0,62,2194.033258
-67.0,68,2194.64282
-62.0,63,2195.215598
-71.0,72,2196.029833
-63.0,64,2196.665882
-57.0,58,2197.070282
-63.0,64,2197.482851
-63.0,64,2198.080717
-63.0,64,2198.692064
-63.0,64,2199.162608
-63.0,64,2199.678492
-64.0,65,2200.406003
-64.0,65,2201.04359
-64.0,65,2201.615738
-64.0,65,2202.197356
-64.0,65,2202.798343
-64.0,65,2203.382375
-63.0,64,2203.937725
-63.0,64,2204.485397
-63.0,64,2205.020029
-64.0,65,2205.586393
-63.0,64,2206.116448
-78.0,79,2206.827493
-63.0,64,2207.302163
-63.0,64,2207.694178
-63.0,64,2208.066892
-62.0,63,2208.463204
-77.0,78,2208.971457
-63.0,64,2209.411586
-63.0,64,2209.835358
-63.0,64,2210.22254
-62.0,63,2210.491529
-63.0,64,2210.801838
-78.0,79,2211.362438
-128.0,129,2212.167767
-61.0,62,2212.555227
-67.0,68,2213.018784
-62.0,63,2213.429405
-63.0,64,2213.836528
-62.0,63,2214.103269
-67.0,68,2214.485869
-74.0,75,2214.922817
-62.0,63,2215.178321
-62.0,63,2215.515856
-62.0,63,2215.895787
-61.0,62,2216.255034
-60.0,61,2216.633238
-62.0,63,2217.158658
-68.0,69,2217.646859
-64.0,65,2218.029532
-61.0,62,2218.413027
-70.0,71,2218.860554
-79.0,80,2219.369486
-62.0,63,2219.758912
-62.0,63,2220.157013
-63.0,64,2220.632469
-71.0,72,2221.133724
-72.0,73,2221.761579
-64.0,65,2222.317918
-63.0,64,2222.866931
-64.0,65,2223.426253
-64.0,65,2223.979316
-77.0,78,2224.510777
-65.0,66,2225.190216
-62.0,63,2225.877336
-86.0,87,2226.533609
-72.0,73,2227.086102
-69.0,70,2227.682952
-63.0,64,2228.237981
-63.0,64,2228.655384
-78.0,79,2229.253799
-64.0,65,2229.688276
-65.0,66,2230.106308
-64.0,65,2230.581669
-63.0,64,2230.998254
-63.0,64,2231.413284
-65.0,66,2231.790107
-63.0,64,2232.165796
-92.0,93,2232.834873
-62.0,63,2233.270327
-69.0,70,2233.772404
-62.0,63,2234.208943
-78.0,79,2234.852482
-112.0,113,2235.786173
-66.0,67,2236.412352
-65.0,66,2236.990331
-68.0,69,2237.569063
-75.0,76,2238.212882
-67.0,68,2238.813841
-86.0,87,2239.485199
-61.0,62,2240.007391
-67.0,68,2240.599043
-61.0,62,2241.078211
-63.0,64,2241.58222
-61.0,62,2242.108749
-61.0,62,2242.630338
-62.0,63,2243.060758
-68.0,69,2243.590932
-62.0,63,2244.096029
-68.0,69,2244.517885
-63.0,64,2245.018173
-62.0,63,2245.507176
-63.0,64,2246.032008
-63.0,64,2246.444867
-62.0,63,2246.838537
-86.0,87,2247.620922
-71.0,72,2248.204329
-72.0,73,2248.696353
-64.0,65,2249.115145
-64.0,65,2249.626453
-96.0,97,2250.408693
-64.0,65,2250.966506
-116.0,117,2251.784137
-64.0,65,2252.241696
-72.0,73,2252.844533
-63.0,64,2253.381534
-64.0,65,2253.928607
-79.0,80,2254.522937
-63.0,64,2254.931603
-64.0,65,2255.370487
-63.0,64,2255.816415
-63.0,64,2256.376093
-100.0,101,2257.26597
-63.0,64,2257.682944
-63.0,64,2258.226599
-63.0,64,2258.626634
-75.0,76,2259.235305
-62.0,63,2259.76829
-76.0,77,2260.309177
-68.0,69,2260.925325
-62.0,63,2261.487892
-86.0,87,2262.198024
-85.0,86,2262.655501
-63.0,64,2263.124079
-62.0,63,2263.523153
-62.0,63,2263.967139
-61.0,62,2264.558388
-61.0,62,2264.969608
-63.0,64,2265.396495
-62.0,63,2265.933838
-68.0,69,2266.52567
-69.0,70,2267.042692
-62.0,63,2267.475733
-63.0,64,2268.007957
-62.0,63,2268.532043
-83.0,84,2269.237561
-63.0,64,2269.838248
-62.0,63,2270.399184
-62.0,63,2270.857646
-65.0,66,2271.419831
-65.0,66,2272.061229
-65.0,66,2272.612333
-65.0,66,2273.212507
-93.0,94,2274.01047
-63.0,64,2274.325337
-64.0,65,2274.830921
-64.0,65,2275.39916
-73.0,74,2276.029755
-89.0,90,2276.818097
-64.0,65,2277.30806
-64.0,65,2277.861863
-79.0,80,2278.603311
-65.0,66,2279.162347
-71.0,72,2279.777471
-64.0,65,2280.358798
-63.0,64,2281.004088
-71.0,72,2281.8038
-64.0,65,2282.349932
-62.0,63,2282.768672
-63.0,64,2283.323757
-63.0,64,2283.783327
-61.0,62,2284.150782
-76.0,77,2284.859511
-62.0,63,2285.419367
-71.0,72,2286.045894
-62.0,63,2286.591397
-76.0,77,2287.16811
-62.0,63,2287.597159
-67.0,68,2288.206262
-68.0,69,2288.734701
-67.0,68,2289.277639
-67.0,68,2289.868212
-62.0,63,2290.263182
-61.0,62,2290.618028
-67.0,68,2291.160899
-61.0,62,2291.705111
-62.0,63,2292.189363
-63.0,64,2292.729218
-63.0,64,2293.235263
-62.0,63,2293.647276
-94.0,95,2294.399848
-63.0,64,2294.84709
-63.0,64,2295.40349
-63.0,64,2295.917442
-64.0,65,2296.516621
-71.0,72,2297.004058
-64.0,65,2297.496375
-64.0,65,2297.923262
-64.0,65,2298.462628
-64.0,65,2298.99877
-63.0,64,2299.566409
-63.0,64,2300.101953
-64.0,65,2300.684875
-64.0,65,2301.276819
-64.0,65,2301.78846
-64.0,65,2302.210647
-64.0,65,2302.742583
-63.0,64,2303.28751
-78.0,79,2303.931427
-64.0,65,2304.498011
-64.0,65,2305.112943
-64.0,65,2305.648433
-63.0,64,2306.116447
-64.0,65,2306.437856
-64.0,65,2306.902503
-64.0,65,2307.487501
-61.0,62,2308.021354
-66.0,67,2308.680685
-62.0,63,2309.162838
-62.0,63,2309.56121
-64.0,65,2310.080928
-69.0,70,2310.692353
-63.0,64,2311.26146
-64.0,65,2311.741435
-60.0,61,2312.280202
-63.0,64,2312.791615
-92.0,93,2313.452851
-65.0,66,2313.970497
-61.0,62,2314.400486
-61.0,62,2314.798693
-69.0,70,2315.229477
-66.0,67,2315.620425
-61.0,62,2315.964635
-62.0,63,2316.395986
-62.0,63,2316.95487
-61.0,62,2317.542528
-68.0,69,2318.196188
-62.0,63,2318.792518
-62.0,63,2319.389521
-63.0,64,2319.978829
-65.0,66,2320.61919
-63.0,64,2321.058955
-63.0,64,2321.37978
-63.0,64,2321.814731
-63.0,64,2322.360567
-62.0,63,2322.811946
-62.0,63,2323.361102
-71.0,72,2323.97755
-64.0,65,2324.476402
-72.0,73,2325.107103
-65.0,66,2325.631555
-64.0,65,2326.210773
-64.0,65,2326.769168
-65.0,66,2327.196789
-65.0,66,2327.601213
-65.0,66,2328.091521
-65.0,66,2328.418063
-73.0,74,2328.716808
-63.0,64,2329.031011
-63.0,64,2329.431947
-70.0,71,2329.915981
-71.0,72,2330.366162
-64.0,65,2330.85139
-69.0,70,2331.330234
-64.0,65,2331.941773
-64.0,65,2332.552378
-63.0,64,2333.185978
-64.0,65,2333.687046
-69.0,70,2334.307
-63.0,64,2334.793588
-67.0,68,2335.26738
-96.0,97,2335.996474
-64.0,65,2336.559436
-61.0,62,2337.126636
-67.0,68,2337.751171
-61.0,62,2338.304743
-61.0,62,2338.843497
-74.0,75,2339.467829
-66.0,67,2340.06704
-66.0,67,2340.650623
-61.0,62,2341.120813
-74.0,75,2341.755764
-60.0,61,2342.324755
-60.0,61,2342.863833
-70.0,71,2343.325965
-67.0,68,2343.899563
-62.0,63,2344.478815
-71.0,72,2345.070284
-62.0,63,2345.493388
-67.0,68,2345.898146
-62.0,63,2346.354495
-64.0,65,2346.923054
-61.0,62,2347.47559
-68.0,69,2348.118267
-63.0,64,2348.699655
-63.0,64,2349.307632
-70.0,71,2349.949938
-63.0,64,2350.585865
-62.0,63,2351.135379
-64.0,65,2351.751205
-65.0,66,2352.272359
-64.0,65,2352.698494
-72.0,73,2353.190319
-64.0,65,2353.728825
-63.0,64,2354.286801
-63.0,64,2354.777714
-80.0,81,2355.333123
-64.0,65,2355.883483
-70.0,71,2356.482219
-64.0,65,2356.963681
-64.0,65,2357.373285
-63.0,64,2357.705756
-64.0,65,2358.307542
-63.0,64,2358.856724
-72.0,73,2359.482934
-63.0,64,2360.028086
-62.0,63,2360.566396
-62.0,63,2361.054169
-70.0,71,2361.668713
-63.0,64,2362.068759
-64.0,65,2362.59865
-63.0,64,2363.104054
-61.0,62,2363.590288
-61.0,62,2364.057135
-61.0,62,2364.633134
-62.0,63,2365.048953
-66.0,67,2365.506
-62.0,63,2366.041744
-62.0,63,2366.516359
-69.0,70,2366.839879
-63.0,64,2367.234884
-74.0,75,2367.729468
-75.0,76,2368.329912
-67.0,68,2368.798674
-69.0,70,2369.303932
-61.0,62,2369.879181
-68.0,69,2370.498051
-79.0,80,2371.185879
-73.0,74,2371.841718
-64.0,65,2372.260908
-64.0,65,2372.789528
-103.0,104,2373.661147
-94.0,95,2374.610265
-94.0,95,2375.480888
-64.0,65,2375.96679
-64.0,65,2376.554134
-64.0,65,2377.119529
-170.0,171,2378.225416
-64.0,65,2378.953972
-70.0,71,2379.539849
-63.0,64,2380.130619
-62.0,63,2380.743206
-63.0,64,2381.335107
-62.0,63,2381.988741
-63.0,64,2382.538046
-63.0,64,2383.109955
-62.0,63,2383.679411
-68.0,69,2384.241191
-62.0,63,2384.795354
-62.0,63,2385.392203
-63.0,64,2385.982448
-62.0,63,2386.604807
-62.0,63,2387.290842
-68.0,69,2387.86042
-61.0,62,2388.254836
-76.0,77,2388.891907
-87.0,88,2389.658821
-63.0,64,2390.20937
-62.0,63,2390.782606
-62.0,63,2391.315412
-63.0,64,2391.786048
-63.0,64,2392.220129
-62.0,63,2392.666481
-64.0,65,2393.122772
-63.0,64,2393.600625
-67.0,68,2394.212224
-64.0,65,2394.779054
-76.0,77,2395.472035
-62.0,63,2396.036581
-63.0,64,2396.568986
-63.0,64,2397.12259
-70.0,71,2397.725469
-63.0,64,2398.296219
-63.0,64,2398.825303
-70.0,71,2399.460462
-64.0,65,2399.895039
-78.0,79,2400.594033
-64.0,65,2401.008997
-76.0,77,2401.684031
-76.0,77,2402.370509
-77.0,78,2403.038596
-64.0,65,2403.60701
-71.0,72,2404.121884
-69.0,70,2404.545754
-63.0,64,2405.007522
-62.0,63,2405.557919
-64.0,65,2405.874097
-62.0,63,2406.277264
-62.0,63,2406.811739
-63.0,64,2407.309062
-78.0,79,2407.795928
-79.0,80,2408.496285
-64.0,65,2408.990134
-63.0,64,2409.53652
-80.0,81,2410.264537
-63.0,64,2410.767702
-63.0,64,2411.251345
-69.0,70,2411.903514
-64.0,65,2412.439038
-64.0,65,2413.0113
-62.0,63,2413.543346
-62.0,63,2413.914955
-68.0,69,2414.464739
-64.0,65,2415.040075
-63.0,64,2415.612908
-64.0,65,2416.202709
-89.0,90,2417.062589
-63.0,64,2417.459589
-64.0,65,2417.920658
-65.0,66,2418.419064
-64.0,65,2418.829402
-63.0,64,2419.270572
-62.0,63,2419.799065
-63.0,64,2420.343444
-62.0,63,2420.886895
-64.0,65,2421.473355
-64.0,65,2422.019399
-63.0,64,2422.566236
-64.0,65,2423.131305
-64.0,65,2423.719274
-64.0,65,2424.269178
-63.0,64,2424.812198
-64.0,65,2425.364753
-64.0,65,2425.850191
-62.0,63,2426.306983
-63.0,64,2426.865875
-62.0,63,2427.407171
-62.0,63,2427.794852
-63.0,64,2428.297955
-69.0,70,2428.888568
-63.0,64,2429.427397
-69.0,70,2429.922403
-62.0,63,2430.519588
-62.0,63,2431.072934
-63.0,64,2431.633894
-71.0,72,2432.340158
-95.0,96,2433.189555
-63.0,64,2433.645801
-97.0,98,2434.260743
-62.0,63,2434.733236
-62.0,63,2435.224944
-64.0,65,2435.741305
-63.0,64,2436.158015
-64.0,65,2436.556843
-63.0,64,2436.87862
-77.0,78,2437.479403
-63.0,64,2438.053762
-62.0,63,2438.549718
-71.0,72,2439.159952
-87.0,88,2439.841025
-64.0,65,2440.41141
-64.0,65,2440.79357
-70.0,71,2441.261684
-65.0,66,2441.708066
-66.0,67,2442.188764
-80.0,81,2442.89186
-66.0,67,2443.523792
-69.0,70,2444.14492
-64.0,65,2444.696836
-63.0,64,2445.250119
-69.0,70,2445.696009
-62.0,63,2446.148925
-76.0,77,2446.859213
-74.0,75,2447.568182
-69.0,70,2448.159078
-157.0,158,2449.27507
-61.0,62,2449.812535
-63.0,64,2450.216201
-62.0,63,2450.668666
-63.0,64,2451.304184
-65.0,66,2451.956973
-63.0,64,2452.478871
-100.0,101,2453.176378
-62.0,63,2453.586662
-62.0,63,2454.12515
-63.0,64,2454.67671
-63.0,64,2455.200665
-61.0,62,2455.694412
-71.0,72,2456.298942
-63.0,64,2456.785476
-64.0,65,2457.315818
-70.0,71,2457.957268
-64.0,65,2458.504752
-86.0,87,2459.251213
-63.0,64,2459.798716
-64.0,65,2460.374994
-63.0,64,2460.814242
-64.0,65,2461.324435
-70.0,71,2461.798024
-72.0,73,2462.202578
-129.0,130,2463.148958
-64.0,65,2463.767495
-93.0,94,2464.650926
-64.0,65,2465.229403
-78.0,79,2465.897463
-89.0,90,2466.659602
-64.0,65,2467.234538
