# {"t_start": 1598692433.1088908, "env_id": "MountainCar-v0"} 
r,l,t
-200.0,200,6.731199
-200.0,200,7.068262
-200.0,200,7.357147
-200.0,200,7.603904
-200.0,200,7.827677
-200.0,200,25.429433
-200.0,200,41.240793
-200.0,200,57.261815
-200.0,200,73.666032
-200.0,200,89.320821
-200.0,200,106.65597
-200.0,200,123.210506
-200.0,200,139.445586
-200.0,200,156.553519
-200.0,200,174.83679
-200.0,200,192.114808
-200.0,200,209.370359
-200.0,200,228.237712
-200.0,200,246.411613
-200.0,200,264.152642
-200.0,200,281.538413
-200.0,200,301.667244
-200.0,200,319.578902
-200.0,200,335.416994
-200.0,200,352.50749
-200.0,200,368.524686
-200.0,200,386.869237
-200.0,200,404.436637
-200.0,200,421.591994
-200.0,200,439.273904
-200.0,200,456.772865
-200.0,200,474.517781
-200.0,200,493.040286
-200.0,200,510.081708
-200.0,200,529.077251
-200.0,200,545.813577
-200.0,200,561.630589
-200.0,200,577.767512
-200.0,200,594.456042
-200.0,200,611.56091
-200.0,200,628.8117
-200.0,200,646.060077
-200.0,200,662.586328
-200.0,200,680.787616
-200.0,200,696.374756
-200.0,200,713.447635
-200.0,200,730.094918
-200.0,200,748.320948
-200.0,200,765.851102
-200.0,200,783.413403
-200.0,200,801.538043
-200.0,200,818.938192
-200.0,200,837.074991
-200.0,200,855.988214
-200.0,200,874.748437
-200.0,200,891.727231
-200.0,200,907.408296
-200.0,200,927.195189
-200.0,200,943.634568
-200.0,200,959.73417
-200.0,200,976.529741
-200.0,200,992.484739
-200.0,200,1010.163967
-200.0,200,1028.273416
-200.0,200,1045.18127
-200.0,200,1061.407156
-200.0,200,1079.538873
-200.0,200,1097.146403
-200.0,200,1114.065663
-200.0,200,1131.171556
-200.0,200,1147.664711
-200.0,200,1164.330848
-200.0,200,1182.139492
-200.0,200,1198.659815
-200.0,200,1214.561324
-200.0,200,1233.14066
-200.0,200,1250.342656
-200.0,200,1266.762867
-200.0,200,1283.85135
-200.0,200,1301.780054
-200.0,200,1319.012795
-200.0,200,1334.737027
-200.0,200,1351.219141
-200.0,200,1367.476806
-200.0,200,1384.490885
-200.0,200,1402.334277
-200.0,200,1418.071003
-200.0,200,1434.992445
-200.0,200,1454.976866
-200.0,200,1471.281714
-200.0,200,1488.487367
-200.0,200,1505.79844
-200.0,200,1524.540991
-200.0,200,1540.737089
-200.0,200,1557.365675
-200.0,200,1574.019787
-200.0,200,1589.089816
-200.0,200,1604.795738
-200.0,200,1621.616987
-200.0,200,1639.662623
-200.0,200,1657.990385
-200.0,200,1674.62347
-200.0,200,1691.383349
-200.0,200,1709.165354
-200.0,200,1727.449684
-200.0,200,1743.342489
-200.0,200,1760.614815
-200.0,200,1777.246229
-200.0,200,1794.384293
-200.0,200,1810.241541
-200.0,200,1826.466463
-200.0,200,1842.747392
-200.0,200,1859.851781
-200.0,200,1877.093522
-200.0,200,1895.790203
-200.0,200,1913.784703
-200.0,200,1930.201524
-200.0,200,1945.936015
-200.0,200,1963.088054
-200.0,200,1980.021414
-200.0,200,1996.955503
-200.0,200,2012.130157
-200.0,200,2028.454846
-200.0,200,2046.657273
-200.0,200,2063.340627
-200.0,200,2080.128012
-200.0,200,2097.977644
-200.0,200,2116.471494
-200.0,200,2133.572171
-200.0,200,2150.213366
-200.0,200,2167.684169
-200.0,200,2184.178739
-200.0,200,2200.269256
-200.0,200,2216.271998
-200.0,200,2231.908804
-200.0,200,2250.378946
-200.0,200,2267.786266
-200.0,200,2286.261
-200.0,200,2301.794003
-200.0,200,2319.296294
-200.0,200,2336.817684
-196.0,196,2352.633119
-200.0,200,2369.21417
-200.0,200,2386.070069
-200.0,200,2403.055039
-200.0,200,2420.439842
-200.0,200,2437.363756
-200.0,200,2453.350132
-200.0,200,2470.241441
-200.0,200,2487.49961
-200.0,200,2505.074943
-200.0,200,2521.862303
-200.0,200,2539.982913
-200.0,200,2558.108948
-200.0,200,2574.762187
-200.0,200,2590.790106
-200.0,200,2606.974761
-200.0,200,2624.829249
-200.0,200,2642.0163
-200.0,200,2658.162975
-200.0,200,2677.059617
-200.0,200,2693.348585
-200.0,200,2710.091311
-200.0,200,2725.724772
-200.0,200,2743.126864
-200.0,200,2759.160081
-200.0,200,2775.531874
-200.0,200,2792.26036
-200.0,200,2809.071884
-200.0,200,2826.498584
-200.0,200,2845.751251
-200.0,200,2862.938836
-200.0,200,2879.486093
-200.0,200,2895.916137
-200.0,200,2913.662704
-200.0,200,2930.398918
-200.0,200,2947.840437
-200.0,200,2963.695349
-200.0,200,2981.212249
-200.0,200,3000.225492
-200.0,200,3018.635418
-200.0,200,3036.883579
-200.0,200,3056.509453
-200.0,200,3072.34286
-200.0,200,3089.21312
-200.0,200,3107.844625
-200.0,200,3125.000633
-200.0,200,3141.556843
-200.0,200,3158.637655
-200.0,200,3174.979837
-200.0,200,3191.590219
-200.0,200,3208.611368
-200.0,200,3225.342323
-200.0,200,3243.483507
-200.0,200,3261.44053
-200.0,200,3277.752501
-200.0,200,3294.841518
-200.0,200,3313.933829
-200.0,200,3329.706721
-200.0,200,3346.894479
-200.0,200,3364.25472
-200.0,200,3382.083847
-200.0,200,3400.83182
-200.0,200,3418.602964
-200.0,200,3436.689035
-200.0,200,3451.745773
-200.0,200,3468.775165
-200.0,200,3484.609794
-200.0,200,3499.55424
-200.0,200,3514.473529
-200.0,200,3530.294366
-200.0,200,3546.798386
-200.0,200,3563.960926
-200.0,200,3580.873196
-200.0,200,3597.035683
-200.0,200,3613.494225
-200.0,200,3629.678278
-200.0,200,3646.285263
-200.0,200,3662.37199
-200.0,200,3680.253656
-200.0,200,3695.499245
-165.0,165,3709.512879
-200.0,200,3726.489449
-200.0,200,3743.003793
-200.0,200,3759.32706
-200.0,200,3775.920066
-150.0,150,3788.063585
-200.0,200,3805.447744
-200.0,200,3821.590591
-200.0,200,3837.17283
-200.0,200,3853.710559
-170.0,170,3867.836754
-126.0,126,3878.257579
-167.0,167,3891.440287
-200.0,200,3908.490697
-200.0,200,3923.832702
-168.0,168,3939.439846
-200.0,200,3955.398504
-200.0,200,3972.281405
-200.0,200,3989.642537
-200.0,200,4006.403764
-200.0,200,4024.8085
-127.0,127,4036.014767
-200.0,200,4051.51731
-200.0,200,4067.825181
-200.0,200,4085.698297
-200.0,200,4102.040131
-200.0,200,4119.139176
-200.0,200,4136.994211
-129.0,129,4147.036596
-200.0,200,4163.083916
-200.0,200,4178.217952
-200.0,200,4197.215776
-127.0,127,4208.025954
-200.0,200,4224.8112
-166.0,166,4241.022766
-147.0,147,4252.325041
-200.0,200,4268.244258
-177.0,177,4283.217241
-200.0,200,4299.656411
-121.0,121,4310.494535
-151.0,151,4322.021537
-156.0,156,4336.160783
-180.0,180,4350.592066
-123.0,123,4361.763338
-129.0,129,4372.98931
-122.0,122,4383.298547
-195.0,195,4400.554755
-139.0,139,4411.764412
-157.0,157,4425.188396
-109.0,109,4434.442157
-175.0,175,4449.403023
-141.0,141,4460.121392
-94.0,94,4468.696899
-145.0,145,4480.7526
-140.0,140,4493.256116
-134.0,134,4504.859886
-139.0,139,4517.273837
-116.0,116,4526.450627
-142.0,142,4538.84467
-131.0,131,4548.86441
-200.0,200,4564.147113
-149.0,149,4575.768809
-139.0,139,4587.537154
-131.0,131,4599.134989
-163.0,163,4612.618041
-148.0,148,4625.234772
-137.0,137,4636.554453
-156.0,156,4649.298526
-200.0,200,4665.061554
-197.0,197,4681.44945
-156.0,156,4695.426336
-141.0,141,4709.1727
-141.0,141,4720.671353
-145.0,145,4733.23315
-200.0,200,4750.746769
-162.0,162,4765.174625
-136.0,136,4776.663253
-139.0,139,4787.72604
-194.0,194,4802.302888
-200.0,200,4821.467495
-200.0,200,4840.524337
-184.0,184,4856.216217
-200.0,200,4874.686091
-200.0,200,4891.37191
-182.0,182,4907.215914
-200.0,200,4925.544461
-200.0,200,4942.726004
-200.0,200,4958.611291
-200.0,200,4975.272105
-200.0,200,4992.876774
-200.0,200,5008.750378
-200.0,200,5026.831199
-200.0,200,5043.080497
-200.0,200,5059.380407
-200.0,200,5075.863429
-200.0,200,5093.800683
-200.0,200,5111.767817
-200.0,200,5128.882437
-200.0,200,5145.748643
-200.0,200,5162.532465
-200.0,200,5177.749876
-200.0,200,5194.884402
-200.0,200,5211.194969
-200.0,200,5227.936471
-138.0,138,5239.70274
-147.0,147,5250.967805
-188.0,188,5265.65371
-185.0,185,5281.804699
-185.0,185,5297.038852
-200.0,200,5312.792747
-110.0,110,5321.883997
-200.0,200,5338.558812
-200.0,200,5357.028353
-200.0,200,5371.860133
-200.0,200,5389.297762
-200.0,200,5406.971317
-178.0,178,5421.363432
-93.0,93,5429.611728
-113.0,113,5439.016534
-95.0,95,5447.40155
-175.0,175,5461.738578
-163.0,163,5475.29619
-176.0,176,5489.535838
-97.0,97,5498.372201
-158.0,158,5512.429411
-92.0,92,5519.948216
-93.0,93,5528.162088
-182.0,182,5541.914857
-193.0,193,5557.879149
-170.0,170,5572.053678
-200.0,200,5589.939838
-163.0,163,5603.671536
-200.0,200,5620.093069
-116.0,116,5629.725721
-181.0,181,5644.246908
-200.0,200,5661.694408
-200.0,200,5680.248542
-200.0,200,5696.907768
-170.0,170,5711.287474
-96.0,96,5719.997015
-182.0,182,5734.964868
-93.0,93,5742.407391
-200.0,200,5757.570542
-95.0,95,5764.662454
-200.0,200,5782.135028
-95.0,95,5790.609177
-100.0,100,5798.802872
-96.0,96,5807.03663
-200.0,200,5825.255396
-94.0,94,5834.116805
-156.0,156,5847.064722
-200.0,200,5862.301202
-97.0,97,5871.148442
-100.0,100,5879.781435
-101.0,101,5887.787244
-180.0,180,5903.322645
-93.0,93,5910.513
-97.0,97,5918.454892
-95.0,95,5925.30315
-200.0,200,5943.189474
-155.0,155,5958.46897
-160.0,160,5973.701725
-161.0,161,5988.017233
-200.0,200,6004.476293
-88.0,88,6011.940617
-151.0,151,6025.443766
-96.0,96,6033.323884
-115.0,115,6042.91415
-93.0,93,6050.603078
-168.0,168,6064.524955
-98.0,98,6073.369938
-156.0,156,6085.480042
-157.0,157,6099.109694
-150.0,150,6110.881453
-155.0,155,6123.495398
-160.0,160,6137.272026
-200.0,200,6153.482066
-164.0,164,6168.08844
-91.0,91,6175.505269
-179.0,179,6191.446453
-169.0,169,6206.535677
-98.0,98,6215.567693
-155.0,155,6228.082635
-200.0,200,6244.70689
-164.0,164,6257.867367
-200.0,200,6275.398928
-150.0,150,6289.427313
-160.0,160,6304.33409
-154.0,154,6318.674589
-200.0,200,6336.692437
-86.0,86,6343.919758
-200.0,200,6360.803224
-163.0,163,6374.826953
-200.0,200,6390.871153
-158.0,158,6404.669142
-164.0,164,6417.572214
-163.0,163,6430.014357
-91.0,91,6437.219692
-152.0,152,6451.037784
-155.0,155,6464.10988
-155.0,155,6476.466675
-88.0,88,6484.076383
-112.0,112,6493.025063
-156.0,156,6506.454859
-179.0,179,6523.587718
-98.0,98,6532.600796
-157.0,157,6546.553667
-148.0,148,6559.316176
-154.0,154,6572.054638
-158.0,158,6584.672648
-94.0,94,6592.031169
-89.0,89,6599.922225
-149.0,149,6611.737953
-177.0,177,6626.109902
-149.0,149,6639.101564
-149.0,149,6652.555812
-91.0,91,6660.823913
-150.0,150,6673.137075
-94.0,94,6681.255969
-105.0,105,6689.764719
-90.0,90,6697.677273
-88.0,88,6705.07203
-93.0,93,6713.112746
-113.0,113,6724.023347
-149.0,149,6737.809348
-137.0,137,6750.196288
-147.0,147,6762.274755
-159.0,159,6775.431656
-137.0,137,6786.590904
-152.0,152,6799.747231
-143.0,143,6813.255577
-85.0,85,6820.008787
-157.0,157,6833.489943
-148.0,148,6847.555084
-153.0,153,6859.093153
-147.0,147,6872.593518
-147.0,147,6885.424227
-154.0,154,6899.930852
-166.0,166,6913.03117
-149.0,149,6924.082978
-156.0,156,6938.137674
-200.0,200,6956.391427
-143.0,143,6968.367727
-177.0,177,6983.479086
-134.0,134,6995.688747
-174.0,174,7010.849252
-158.0,158,7024.299653
-88.0,88,7030.875323
-109.0,109,7039.581055
-169.0,169,7055.666538
-89.0,89,7063.151865
-110.0,110,7073.375763
-153.0,153,7085.433448
-92.0,92,7094.404387
-86.0,86,7102.862701
-109.0,109,7112.343673
-143.0,143,7124.953844
-144.0,144,7137.912606
-127.0,127,7148.286871
-155.0,155,7161.019824
-109.0,109,7170.493593
-173.0,173,7185.395882
-153.0,153,7198.339064
-113.0,113,7208.6033
-118.0,118,7219.156665
-121.0,121,7228.93979
-157.0,157,7241.563363
-159.0,159,7256.473405
-118.0,118,7267.409662
-125.0,125,7279.299881
-118.0,118,7289.859324
-86.0,86,7296.621399
-123.0,123,7305.687805
-123.0,123,7316.380399
-125.0,125,7327.007476
-120.0,120,7337.877322
-88.0,88,7346.32662
-163.0,163,7359.552755
-126.0,126,7370.841275
-122.0,122,7380.342612
-86.0,86,7386.951467
-121.0,121,7396.762976
-121.0,121,7406.991177
-127.0,127,7417.677275
-175.0,175,7430.71543
-114.0,114,7439.831109
-132.0,132,7451.435369
-117.0,117,7460.571868
-91.0,91,7468.424321
-118.0,118,7478.03172
-86.0,86,7485.050055
-88.0,88,7493.165821
-87.0,87,7499.721927
-89.0,89,7507.23076
-126.0,126,7518.377841
-123.0,123,7528.127033
-91.0,91,7536.140458
-87.0,87,7543.065326
-174.0,174,7557.383977
-111.0,111,7565.873102
-87.0,87,7572.168463
-118.0,118,7582.210027
-128.0,128,7592.164812
-122.0,122,7602.15457
-127.0,127,7613.249461
-124.0,124,7624.292031
-114.0,114,7634.022834
-117.0,117,7643.848493
-123.0,123,7655.133545
-121.0,121,7665.219871
-117.0,117,7675.465572
-114.0,114,7685.340461
-122.0,122,7696.339122
-115.0,115,7705.751462
-122.0,122,7716.474652
-117.0,117,7727.296415
-117.0,117,7736.733672
-120.0,120,7747.473256
-123.0,123,7757.213549
-124.0,124,7767.947938
-122.0,122,7777.272906
-125.0,125,7787.092969
-119.0,119,7797.358568
-116.0,116,7805.649536
-118.0,118,7816.544981
-116.0,116,7826.207699
-125.0,125,7837.161689
-121.0,121,7847.023989
-124.0,124,7857.480109
-122.0,122,7868.114109
-128.0,128,7879.401412
-129.0,129,7890.456598
-117.0,117,7899.364904
-117.0,117,7909.156252
-123.0,123,7919.806976
-200.0,200,7935.898512
-117.0,117,7946.016314
-117.0,117,7955.394833
-128.0,128,7966.243375
-125.0,125,7975.265217
-124.0,124,7985.717495
-126.0,126,7995.515362
-132.0,132,8006.290016
-123.0,123,8017.581979
-119.0,119,8028.941699
-124.0,124,8039.912692
-113.0,113,8048.973877
-132.0,132,8060.441536
-126.0,126,8070.893514
-111.0,111,8080.21689
-115.0,115,8089.817577
-124.0,124,8099.659971
-122.0,122,8110.911753
-116.0,116,8121.624203
-121.0,121,8131.64684
-131.0,131,8141.873716
-120.0,120,8151.476562
-130.0,130,8162.425568
-123.0,123,8173.396729
-126.0,126,8184.702505
-119.0,119,8195.362888
-124.0,124,8205.614209
-124.0,124,8217.341779
-120.0,120,8226.884567
-119.0,119,8236.482133
-117.0,117,8245.837176
-120.0,120,8255.234349
-118.0,118,8265.322789
-124.0,124,8274.859074
-119.0,119,8283.868596
-119.0,119,8294.509411
-124.0,124,8306.218985
-115.0,115,8315.769174
-123.0,123,8326.928244
-108.0,108,8336.599524
-115.0,115,8345.129025
-113.0,113,8354.160363
-123.0,123,8363.94415
-120.0,120,8374.285783
-113.0,113,8383.967357
-113.0,113,8393.647782
-126.0,126,8404.139061
-115.0,115,8413.388094
-112.0,112,8422.062954
-110.0,110,8430.762704
-109.0,109,8439.823874
-110.0,110,8450.972788
-100.0,100,8459.333129
-119.0,119,8470.209782
-112.0,112,8480.089989
-108.0,108,8490.94167
-109.0,109,8500.54619
-120.0,120,8511.409808
-157.0,157,8523.710638
-104.0,104,8532.436163
-107.0,107,8542.178557
-116.0,116,8551.72457
-112.0,112,8560.634768
-162.0,162,8574.709456
-109.0,109,8583.922634
-180.0,180,8599.408277
-147.0,147,8610.101062
-161.0,161,8622.059366
-114.0,114,8631.261171
-106.0,106,8641.111302
-107.0,107,8649.060008
-105.0,105,8658.260793
-110.0,110,8666.749106
-110.0,110,8675.157576
-137.0,137,8686.199585
-153.0,153,8698.129073
-110.0,110,8707.42333
-142.0,142,8719.814746
-116.0,116,8730.034431
-107.0,107,8739.116007
-111.0,111,8749.119447
-113.0,113,8758.897297
-124.0,124,8769.42015
-157.0,157,8782.589604
-200.0,200,8800.723837
-181.0,181,8816.162511
-200.0,200,8834.174895
-170.0,170,8849.730632
-144.0,144,8861.817934
-175.0,175,8875.725104
-200.0,200,8892.418596
-200.0,200,8909.927789
-200.0,200,8928.454283
-200.0,200,8944.866518
-200.0,200,8961.523413
-152.0,152,8975.142413
-158.0,158,8987.79249
-103.0,103,8996.809027
-200.0,200,9013.741626
-161.0,161,9027.618481
-170.0,170,9042.559852
-171.0,171,9058.051387
-163.0,163,9071.059547
-200.0,200,9086.848679
-200.0,200,9104.61251
-87.0,87,9112.401581
-162.0,162,9123.769363
-171.0,171,9138.564373
-148.0,148,9152.798416
-200.0,200,9171.215012
-101.0,101,9179.909702
-91.0,91,9187.11234
-100.0,100,9195.683549
-110.0,110,9204.632133
-103.0,103,9214.560301
-101.0,101,9223.489758
-200.0,200,9239.547116
-155.0,155,9252.616198
-167.0,167,9266.684351
-159.0,159,9280.260332
-168.0,168,9293.255651
-162.0,162,9306.237314
-200.0,200,9321.598166
-161.0,161,9335.487235
-153.0,153,9348.259112
-150.0,150,9361.566561
-150.0,150,9373.636512
-200.0,200,9390.930803
-165.0,165,9405.107569
-153.0,153,9417.483798
-104.0,104,9426.197772
-102.0,102,9435.190709
-153.0,153,9448.351758
-107.0,107,9458.371076
-161.0,161,9472.64176
-85.0,85,9479.723576
-95.0,95,9488.336079
-200.0,200,9504.858562
-103.0,103,9514.905845
-160.0,160,9529.28608
-166.0,166,9542.880457
-200.0,200,9559.48285
-200.0,200,9576.290266
-156.0,156,9590.348901
-160.0,160,9603.950186
-188.0,188,9619.401957
-169.0,169,9633.39742
-152.0,152,9647.802828
-160.0,160,9662.154645
-169.0,169,9677.053175
-159.0,159,9690.20336
-176.0,176,9705.092948
-165.0,165,9719.326432
-105.0,105,9728.885642
-84.0,84,9735.045574
-84.0,84,9742.512133
-200.0,200,9759.470647
-156.0,156,9771.48248
-160.0,160,9784.53299
-168.0,168,9799.501865
-200.0,200,9815.897243
-167.0,167,9829.804344
-161.0,161,9843.7378
-160.0,160,9857.798976
-200.0,200,9875.690069
-163.0,163,9889.188869
-155.0,155,9902.969084
-167.0,167,9917.044055
-108.0,108,9927.1641
-166.0,166,9941.266577
-159.0,159,9955.724623
-86.0,86,9962.365677
-102.0,102,9970.280051
-84.0,84,9976.076162
-90.0,90,9983.7854
-94.0,94,9991.262645
-167.0,167,10005.502824
-180.0,180,10019.522141
-86.0,86,10026.860521
-156.0,156,10041.72335
-185.0,185,10056.51862
-157.0,157,10070.998236
-157.0,157,10084.955528
-156.0,156,10099.32795
-159.0,159,10113.498263
-156.0,156,10127.050061
-160.0,160,10139.752308
-160.0,160,10152.583828
-155.0,155,10166.618144
-161.0,161,10181.771582
-157.0,157,10195.543601
-161.0,161,10209.893329
-88.0,88,10217.617095
-84.0,84,10224.83491
-146.0,146,10236.528146
-156.0,156,10249.700472
-112.0,112,10259.49731
-150.0,150,10273.1166
-114.0,114,10283.939131
-83.0,83,10291.518328
-155.0,155,10305.648528
-86.0,86,10311.958984
-147.0,147,10323.590723
-84.0,84,10331.415167
-110.0,110,10340.810485
-111.0,111,10350.727551
-111.0,111,10359.413114
-196.0,196,10375.655219
-87.0,87,10383.260213
-115.0,115,10392.916584
-97.0,97,10400.863029
-84.0,84,10408.673913
-116.0,116,10418.553789
-106.0,106,10427.20197
-85.0,85,10433.985065
-90.0,90,10441.165275
-122.0,122,10451.421687
-122.0,122,10462.947085
-105.0,105,10471.856817
-103.0,103,10481.119195
-122.0,122,10491.486202
-85.0,85,10499.679209
-102.0,102,10507.10662
-85.0,85,10513.124412
-108.0,108,10522.706525
-152.0,152,10535.509282
-118.0,118,10545.972725
-84.0,84,10552.274532
-122.0,122,10562.220149
-107.0,107,10572.327514
-105.0,105,10581.541954
-106.0,106,10591.228502
-103.0,103,10600.343451
-134.0,134,10612.404756
-123.0,123,10624.051485
-89.0,89,10632.522895
-105.0,105,10641.069256
-84.0,84,10648.729442
-109.0,109,10657.9258
-134.0,134,10668.881632
-124.0,124,10679.552543
-121.0,121,10688.41693
-112.0,112,10697.145271
-91.0,91,10704.604617
-105.0,105,10712.228002
-90.0,90,10719.347702
-111.0,111,10728.432888
-98.0,98,10735.205777
-180.0,180,10750.204772
-185.0,185,10766.447713
-107.0,107,10775.466688
-97.0,97,10783.356167
-180.0,180,10798.488103
-183.0,183,10811.706812
-134.0,134,10822.342424
-117.0,117,10831.379226
-152.0,152,10843.694101
-166.0,166,10858.399537
-147.0,147,10871.1927
-84.0,84,10878.17731
-161.0,161,10893.967537
-171.0,171,10906.647411
-123.0,123,10916.863139
-103.0,103,10926.06612
-153.0,153,10939.112341
-85.0,85,10946.388703
-95.0,95,10954.498896
-178.0,178,10968.267656
-113.0,113,10976.951785
-141.0,141,10988.780263
-140.0,140,10999.750078
-200.0,200,11017.009095
-106.0,106,11025.369701
-132.0,132,11036.956788
-109.0,109,11046.061859
-200.0,200,11062.538037
-120.0,120,11073.068226
-197.0,197,11090.736286
-200.0,200,11108.138714
-148.0,148,11120.084212
-165.0,165,11134.5622
-171.0,171,11150.521661
-159.0,159,11164.767886
-109.0,109,11173.658064
-200.0,200,11190.783987
-200.0,200,11207.623471
-117.0,117,11217.985874
-111.0,111,11226.793242
-103.0,103,11235.815053
-138.0,138,11246.53796
-113.0,113,11255.511975
-144.0,144,11267.855715
-200.0,200,11285.165954
-114.0,114,11295.603503
-127.0,127,11306.346851
-155.0,155,11319.180973
-126.0,126,11327.88268
-111.0,111,11337.075227
-116.0,116,11345.926938
-122.0,122,11355.322388
-154.0,154,11367.786381
-106.0,106,11377.757723
-200.0,200,11394.784399
-114.0,114,11404.703808
-166.0,166,11419.635748
-146.0,146,11432.694229
-127.0,127,11442.802004
-140.0,140,11454.80414
-160.0,160,11467.232075
-110.0,110,11476.577172
-122.0,122,11486.861788
-171.0,171,11500.907129
-85.0,85,11508.707828
-122.0,122,11519.46637
-106.0,106,11527.320916
-108.0,108,11535.709254
-120.0,120,11545.284603
-112.0,112,11555.662733
-116.0,116,11566.898359
-115.0,115,11576.658059
-109.0,109,11585.562468
-165.0,165,11599.312276
-116.0,116,11609.776692
-117.0,117,11620.622715
-155.0,155,11634.636699
-106.0,106,11643.652978
-151.0,151,11656.910694
-107.0,107,11666.739065
-109.0,109,11676.288165
-158.0,158,11688.435241
-85.0,85,11694.801563
-112.0,112,11702.675395
-106.0,106,11710.952371
-112.0,112,11721.029145
-103.0,103,11729.625135
-109.0,109,11738.996551
-107.0,107,11747.35045
-113.0,113,11756.569838
-105.0,105,11766.041055
-153.0,153,11778.394342
-86.0,86,11785.229128
-157.0,157,11799.376116
-103.0,103,11807.915833
-108.0,108,11816.919854
-105.0,105,11826.233706
-108.0,108,11835.019547
-104.0,104,11843.769376
-108.0,108,11851.710945
-105.0,105,11859.361484
-101.0,101,11867.615361
-104.0,104,11875.877575
-115.0,115,11885.443644
-110.0,110,11895.42996
-107.0,107,11903.918194
-108.0,108,11913.189754
-104.0,104,11921.33119
-105.0,105,11930.073735
-102.0,102,11939.684588
-104.0,104,11950.029762
-104.0,104,11959.72947
-99.0,99,11966.701909
-107.0,107,11974.622569
-107.0,107,11982.875686
-110.0,110,11990.822474
-109.0,109,12001.150241
-107.0,107,12010.29027
-106.0,106,12019.060537
-106.0,106,12026.89611
-105.0,105,12035.927234
-86.0,86,12043.637482
-104.0,104,12052.327711
-103.0,103,12061.384265
-87.0,87,12068.79194
-104.0,104,12076.900726
-100.0,100,12085.584796
-97.0,97,12093.991918
-106.0,106,12101.96403
-103.0,103,12110.646044
-87.0,87,12117.152655
-105.0,105,12126.600133
-103.0,103,12134.264186
-105.0,105,12142.504204
-106.0,106,12151.700848
-105.0,105,12160.531307
-83.0,83,12167.194947
-108.0,108,12176.829214
-106.0,106,12185.786617
-106.0,106,12194.534558
-103.0,103,12202.745838
-106.0,106,12212.256319
-101.0,101,12220.737352
-105.0,105,12229.656733
-126.0,126,12239.616199
-98.0,98,12247.952233
-100.0,100,12256.53277
-105.0,105,12264.651455
-105.0,105,12274.020014
-104.0,104,12282.685038
-99.0,99,12291.476481
-121.0,121,12302.244346
-107.0,107,12312.492114
-111.0,111,12322.238869
-112.0,112,12331.579454
-86.0,86,12339.167591
-87.0,87,12345.979308
-110.0,110,12356.160133
-113.0,113,12365.458474
-105.0,105,12374.924229
-89.0,89,12383.273758
-104.0,104,12391.772646
-106.0,106,12401.163146
-105.0,105,12408.750125
-116.0,116,12416.879827
-112.0,112,12426.678777
-106.0,106,12436.47837
-104.0,104,12445.384862
-106.0,106,12454.80459
-84.0,84,12462.718348
-102.0,102,12470.453101
-103.0,103,12479.434955
-117.0,117,12489.645211
-97.0,97,12498.135236
-106.0,106,12507.865324
-106.0,106,12515.704116
-172.0,172,12530.716875
-93.0,93,12538.292437
-110.0,110,12547.302019
-89.0,89,12554.911863
-103.0,103,12564.116708
-112.0,112,12573.701
-91.0,91,12580.895713
-107.0,107,12589.61953
-105.0,105,12598.164832
-108.0,108,12607.135872
-104.0,104,12615.478811
-108.0,108,12623.455403
-107.0,107,12632.056889
-86.0,86,12639.185464
-106.0,106,12648.161826
-107.0,107,12656.531382
-107.0,107,12664.724081
-104.0,104,12673.473822
-107.0,107,12682.531145
-92.0,92,12690.497052
-104.0,104,12698.730367
-91.0,91,12706.494959
-157.0,157,12719.805496
-107.0,107,12727.67066
-106.0,106,12736.282897
-105.0,105,12745.460115
-107.0,107,12754.082431
-85.0,85,12760.791873
-108.0,108,12769.1804
-87.0,87,12775.625572
-106.0,106,12785.040349
-109.0,109,12792.888598
-106.0,106,12802.532856
-119.0,119,12812.108654
-110.0,110,12820.667874
-104.0,104,12828.494855
-104.0,104,12837.375146
-86.0,86,12843.86802
-96.0,96,12851.74181
-107.0,107,12861.354513
-108.0,108,12870.144644
-114.0,114,12878.687703
-109.0,109,12887.637336
-93.0,93,12895.000134
-106.0,106,12903.62296
-91.0,91,12912.089463
-107.0,107,12921.254396
-102.0,102,12930.891222
-88.0,88,12939.149775
-105.0,105,12946.988906
-97.0,97,12955.233955
-90.0,90,12962.998236
-87.0,87,12969.693714
-93.0,93,12976.556501
-108.0,108,12986.277939
-110.0,110,12995.105401
-104.0,104,13004.127783
-104.0,104,13013.259791
-105.0,105,13021.473907
-109.0,109,13031.077784
-105.0,105,13039.496279
-104.0,104,13048.406163
-107.0,107,13058.100658
-92.0,92,13066.256543
-107.0,107,13076.337847
-109.0,109,13084.471378
-107.0,107,13093.266804
-109.0,109,13102.870311
-107.0,107,13112.290179
-110.0,110,13121.610751
-109.0,109,13130.542386
-105.0,105,13139.772925
-107.0,107,13149.366018
-112.0,112,13158.642656
-115.0,115,13169.583364
-109.0,109,13179.318331
-106.0,106,13187.404778
-118.0,118,13199.097844
-106.0,106,13208.515606
-110.0,110,13216.7505
-107.0,107,13226.634871
-114.0,114,13235.317933
-106.0,106,13243.408753
-111.0,111,13252.774333
-108.0,108,13261.716919
-114.0,114,13271.738949
-108.0,108,13281.688145
-113.0,113,13292.274884
-113.0,113,13302.338926
-112.0,112,13312.18397
-112.0,112,13321.313551
-111.0,111,13329.505667
-110.0,110,13338.103503
-113.0,113,13348.332206
-121.0,121,13358.252976
-110.0,110,13367.664696
-117.0,117,13378.215278
-111.0,111,13388.238956
-110.0,110,13397.826755
-111.0,111,13407.938044
-113.0,113,13417.635319
-111.0,111,13426.846792
-112.0,112,13436.027242
-108.0,108,13445.113693
-112.0,112,13454.671968
-109.0,109,13463.718571
-110.0,110,13472.268913
-109.0,109,13482.319114
-119.0,119,13492.207619
-108.0,108,13501.321161
-106.0,106,13511.013972
-109.0,109,13519.524127
-110.0,110,13527.771621
-108.0,108,13537.186538
-108.0,108,13545.236161
-84.0,84,13552.432496
-103.0,103,13561.423774
-111.0,111,13571.078237
-108.0,108,13581.161041
-113.0,113,13591.574433
-111.0,111,13600.554538
-114.0,114,13610.993687
-111.0,111,13620.832623
-107.0,107,13630.079325
-84.0,84,13638.016244
-110.0,110,13646.561107
-110.0,110,13654.987534
-116.0,116,13664.411075
-104.0,104,13672.432983
-117.0,117,13681.883309
-109.0,109,13692.187533
-105.0,105,13701.709622
-116.0,116,13711.326071
-109.0,109,13721.16666
-108.0,108,13731.506897
-111.0,111,13740.508549
-114.0,114,13748.96473
-105.0,105,13757.936841
-106.0,106,13765.730436
-103.0,103,13774.363234
-109.0,109,13784.343877
-106.0,106,13792.771598
-111.0,111,13800.438859
-108.0,108,13809.678507
-87.0,87,13816.693844
-88.0,88,13823.950642
-106.0,106,13832.775814
-109.0,109,13842.33058
-120.0,120,13853.039948
-107.0,107,13861.268111
-115.0,115,13870.517924
-108.0,108,13880.316183
-99.0,99,13888.866258
-110.0,110,13898.340942
-85.0,85,13905.748249
-108.0,108,13915.431102
-105.0,105,13924.75293
-108.0,108,13935.057768
-110.0,110,13944.324965
-113.0,113,13953.848022
-109.0,109,13962.707416
-113.0,113,13972.51581
-117.0,117,13981.966666
-106.0,106,13991.435979
-103.0,103,13999.74825
-108.0,108,14009.016454
-107.0,107,14016.653544
-105.0,105,14025.546666
-108.0,108,14034.160078
-103.0,103,14043.142568
-106.0,106,14051.140321
-110.0,110,14061.899075
-107.0,107,14072.042637
-110.0,110,14080.753393
-103.0,103,14089.206522
-103.0,103,14098.151106
-85.0,85,14106.644891
-109.0,109,14116.818661
-110.0,110,14125.296086
-111.0,111,14135.247013
-112.0,112,14144.657476
-107.0,107,14153.556225
-112.0,112,14162.965059
-112.0,112,14171.915323
-111.0,111,14181.274605
-114.0,114,14191.019281
-84.0,84,14197.576471
-97.0,97,14206.316722
-149.0,149,14219.840923
-93.0,93,14228.222618
-100.0,100,14236.467735
-162.0,162,14249.901921
-97.0,97,14256.764353
-98.0,98,14265.063474
-120.0,120,14275.206969
-98.0,98,14283.22691
-107.0,107,14292.638766
-117.0,117,14303.171452
-109.0,109,14313.198957
-192.0,192,14330.434663
-83.0,83,14338.296611
-189.0,189,14354.923101
-88.0,88,14363.267044
-96.0,96,14370.516959
-107.0,107,14379.584589
-110.0,110,14388.073901
-91.0,91,14395.331768
-104.0,104,14403.908337
-200.0,200,14420.16181
-200.0,200,14434.555917
-200.0,200,14452.383199
-90.0,90,14458.939802
-103.0,103,14467.322432
-200.0,200,14482.453102
-126.0,126,14493.519509
-200.0,200,14511.891619
-200.0,200,14528.427653
-193.0,193,14546.421996
-111.0,111,14555.021814
-200.0,200,14570.824752
-200.0,200,14587.490899
-107.0,107,14598.129525
-200.0,200,14615.982403
-200.0,200,14630.966777
-153.0,153,14645.030304
-87.0,87,14652.343459
-200.0,200,14669.328701
-200.0,200,14687.772815
-92.0,92,14696.050642
-89.0,89,14704.456615
-200.0,200,14720.512246
-200.0,200,14738.395909
-86.0,86,14745.464598
-200.0,200,14764.078634
-200.0,200,14779.49551
-200.0,200,14796.452824
-161.0,161,14809.632496
-103.0,103,14818.316769
-88.0,88,14826.445842
-105.0,105,14835.642716
-93.0,93,14843.370494
-200.0,200,14861.786877
-94.0,94,14869.3696
-100.0,100,14877.849864
-104.0,104,14885.719787
-200.0,200,14902.454348
-89.0,89,14909.679536
-162.0,162,14923.363041
-87.0,87,14931.072234
-172.0,172,14945.987459
-200.0,200,14963.014029
-105.0,105,14970.831716
-87.0,87,14977.599117
-87.0,87,14984.928271
-90.0,90,14992.960908
-108.0,108,15002.112895
-110.0,110,15011.915732
-179.0,179,15027.229114
-92.0,92,15035.105757
-106.0,106,15044.345784
-132.0,132,15054.527016
-200.0,200,15071.822682
-103.0,103,15081.077685
-106.0,106,15089.668139
-106.0,106,15098.948125
-109.0,109,15108.501057
-106.0,106,15117.26988
-108.0,108,15125.622182
-87.0,87,15133.21845
-88.0,88,15141.154881
-108.0,108,15150.234998
-94.0,94,15157.852633
-97.0,97,15165.407636
-105.0,105,15173.663715
-110.0,110,15182.872022
-112.0,112,15193.55097
-107.0,107,15202.836907
-86.0,86,15211.883583
-89.0,89,15218.324804
-107.0,107,15227.200154
-106.0,106,15236.242912
-95.0,95,15244.389961
-89.0,89,15252.297546
-107.0,107,15260.100356
-105.0,105,15268.125082
-108.0,108,15277.476367
-109.0,109,15285.988013
-85.0,85,15293.825323
-108.0,108,15303.452439
-108.0,108,15311.923435
-111.0,111,15321.29757
-104.0,104,15331.100824
-109.0,109,15341.641413
-106.0,106,15350.856262
-110.0,110,15360.627976
-109.0,109,15369.049195
-91.0,91,15375.958067
-110.0,110,15385.117649
-87.0,87,15391.598804
-108.0,108,15401.327063
-106.0,106,15410.993209
-88.0,88,15419.150617
-101.0,101,15427.227605
-88.0,88,15434.102012
-112.0,112,15442.721793
-102.0,102,15451.04162
-106.0,106,15459.873432
-105.0,105,15469.295751
-104.0,104,15478.788607
-108.0,108,15488.230769
-105.0,105,15497.506766
-105.0,105,15506.880291
-108.0,108,15516.465681
-103.0,103,15525.481401
-92.0,92,15533.719853
-103.0,103,15543.321871
-103.0,103,15552.270207
-108.0,108,15561.230671
-87.0,87,15568.542462
-97.0,97,15577.045175
-110.0,110,15588.004965
-106.0,106,15597.637634
-103.0,103,15605.946578
-86.0,86,15614.72832
-104.0,104,15624.482403
-108.0,108,15632.904696
-107.0,107,15641.576846
-108.0,108,15650.530666
-107.0,107,15659.95117
-109.0,109,15669.369159
-102.0,102,15677.838225
-104.0,104,15687.163032
-107.0,107,15696.75933
-105.0,105,15705.936785
-110.0,110,15715.270706
-106.0,106,15723.586611
-106.0,106,15733.392393
-84.0,84,15740.743948
-105.0,105,15749.324356
-108.0,108,15758.906464
-105.0,105,15768.618657
-110.0,110,15778.764996
-106.0,106,15787.073251
-95.0,95,15795.319657
-89.0,89,15803.334495
-160.0,160,15817.137353
-110.0,110,15827.594323
-86.0,86,15835.653222
-111.0,111,15844.359855
-110.0,110,15852.545653
-105.0,105,15860.415746
-104.0,104,15869.445973
-115.0,115,15880.567971
-98.0,98,15889.90297
-105.0,105,15897.695052
-111.0,111,15906.357316
-142.0,142,15918.478404
-108.0,108,15927.151365
-105.0,105,15935.824636
-113.0,113,15944.288335
-88.0,88,15952.365721
-94.0,94,15960.539101
-107.0,107,15969.506479
-108.0,108,15978.430975
-112.0,112,15987.971457
-100.0,100,15997.072637
-92.0,92,16004.547304
-109.0,109,16013.372983
-138.0,138,16025.54781
-88.0,88,16033.586512
-108.0,108,16042.34592
-107.0,107,16053.012179
-106.0,106,16062.392947
-110.0,110,16070.741411
-119.0,119,16080.816975
-92.0,92,16088.291094
-97.0,97,16095.234368
-168.0,168,16109.376662
-93.0,93,16117.096592
-125.0,125,16128.262163
-98.0,98,16136.480546
-109.0,109,16145.889067
-101.0,101,16154.64212
-89.0,89,16163.016641
-105.0,105,16171.786864
-113.0,113,16180.600953
-174.0,174,16194.235985
-95.0,95,16203.619354
-137.0,137,16214.64625
-107.0,107,16223.473526
-86.0,86,16230.143213
-107.0,107,16238.075979
-87.0,87,16244.838663
-103.0,103,16253.640249
-117.0,117,16263.56697
-105.0,105,16271.999507
-105.0,105,16280.127482
-106.0,106,16289.484646
-102.0,102,16298.258958
-109.0,109,16306.75169
-84.0,84,16314.376749
-102.0,102,16323.01545
-110.0,110,16331.715808
-113.0,113,16340.497346
-109.0,109,16348.806736
-97.0,97,16357.495876
-106.0,106,16366.092072
-90.0,90,16374.565893
-109.0,109,16383.714221
-114.0,114,16393.707246
-105.0,105,16402.342235
-86.0,86,16409.945303
-99.0,99,16417.986652
-98.0,98,16425.738734
-106.0,106,16435.630414
-111.0,111,16445.079352
-116.0,116,16454.970857
-106.0,106,16464.791637
-115.0,115,16474.468593
-87.0,87,16481.797036
-84.0,84,16488.675057
-108.0,108,16496.65659
-103.0,103,16504.122197
-119.0,119,16514.008956
-103.0,103,16523.315175
-89.0,89,16530.632952
-90.0,90,16537.930222
-90.0,90,16545.555939
-101.0,101,16554.17883
-89.0,89,16560.837851
-90.0,90,16568.196465
-110.0,110,16576.461888
-113.0,113,16585.774851
-111.0,111,16595.697623
-111.0,111,16605.630033
-108.0,108,16614.346004
-88.0,88,16621.042568
-108.0,108,16629.582176
-112.0,112,16639.429029
-104.0,104,16648.476533
-107.0,107,16657.451211
-114.0,114,16666.535985
-93.0,93,16674.534962
-104.0,104,16682.763597
-106.0,106,16691.455742
-116.0,116,16701.068414
-92.0,92,16708.472379
-108.0,108,16718.374912
-111.0,111,16728.235349
-116.0,116,16738.373389
-109.0,109,16747.989047
-114.0,114,16758.554772
-104.0,104,16766.486244
-119.0,119,16777.084764
-111.0,111,16786.726151
-85.0,85,16793.816199
-88.0,88,16801.257756
-112.0,112,16810.804528
-113.0,113,16819.928853
-97.0,97,16828.627345
-111.0,111,16838.074828
-106.0,106,16847.447853
-104.0,104,16856.294507
-85.0,85,16862.279641
-104.0,104,16870.381314
-118.0,118,16879.915912
-109.0,109,16888.335952
-84.0,84,16896.67417
-114.0,114,16905.431998
-103.0,103,16913.160887
-104.0,104,16921.850423
-107.0,107,16931.105464
-110.0,110,16939.217976
-88.0,88,16946.948293
-108.0,108,16955.292037
-112.0,112,16964.657819
-89.0,89,16972.914211
-125.0,125,16983.300956
-107.0,107,16992.056755
-111.0,111,17002.064413
-110.0,110,17011.314949
-113.0,113,17021.815642
-99.0,99,17030.220692
-97.0,97,17038.754261
-103.0,103,17048.137666
-97.0,97,17056.953998
-86.0,86,17064.29446
-87.0,87,17071.018813
-102.0,102,17079.134815
-99.0,99,17088.165069
-103.0,103,17096.6452
-107.0,107,17105.691754
-109.0,109,17114.271636
-112.0,112,17123.095348
-114.0,114,17132.799658
-108.0,108,17142.337015
-110.0,110,17151.112974
-111.0,111,17160.959087
-104.0,104,17169.541121
-111.0,111,17178.670408
-106.0,106,17187.663156
-106.0,106,17197.070873
-84.0,84,17204.558422
-107.0,107,17213.786463
-87.0,87,17220.619721
-112.0,112,17229.952837
-122.0,122,17239.847787
-114.0,114,17249.58387
-107.0,107,17258.820016
-109.0,109,17268.363505
-107.0,107,17278.016404
-92.0,92,17286.613374
-110.0,110,17295.447936
-100.0,100,17304.140939
-102.0,102,17314.066954
-92.0,92,17321.441296
-107.0,107,17330.341261
-104.0,104,17339.800616
-108.0,108,17348.067283
-115.0,115,17356.960279
-106.0,106,17366.955316
-110.0,110,17375.893907
-95.0,95,17383.20305
-110.0,110,17391.728071
-100.0,100,17399.939466
-115.0,115,17410.367816
-109.0,109,17419.098406
-103.0,103,17427.69854
-88.0,88,17435.396742
-108.0,108,17443.960748
-91.0,91,17451.872459
-106.0,106,17460.702929
-101.0,101,17469.194659
-109.0,109,17478.582163
-104.0,104,17488.465535
-107.0,107,17497.291606
-105.0,105,17505.848753
-85.0,85,17512.720021
-104.0,104,17520.405323
-104.0,104,17528.938095
-90.0,90,17535.979486
-107.0,107,17543.851922
-103.0,103,17552.000046
-102.0,102,17561.483922
-93.0,93,17569.572601
-109.0,109,17577.779275
-102.0,102,17586.066127
-124.0,124,17596.501327
-105.0,105,17605.180007
-108.0,108,17615.356705
-111.0,111,17625.211113
-112.0,112,17634.76005
-92.0,92,17641.519797
-89.0,89,17648.579522
-84.0,84,17655.962564
-84.0,84,17663.453224
-84.0,84,17670.044263
-111.0,111,17679.27225
-105.0,105,17688.315041
-103.0,103,17696.522848
-109.0,109,17705.624091
-86.0,86,17712.537999
-107.0,107,17721.684951
-104.0,104,17730.388981
-107.0,107,17740.506338
-106.0,106,17750.081429
-92.0,92,17757.879099
-105.0,105,17766.699959
-103.0,103,17776.121008
-96.0,96,17785.07536
-105.0,105,17795.19009
-105.0,105,17805.415047
-105.0,105,17813.468061
-88.0,88,17820.852196
-170.0,170,17836.023995
-89.0,89,17842.616488
-85.0,85,17849.884157
-104.0,104,17858.785307
-107.0,107,17868.078908
-105.0,105,17876.957443
-106.0,106,17884.984323
-86.0,86,17893.270696
-106.0,106,17901.765885
-108.0,108,17911.032606
-104.0,104,17920.246356
-105.0,105,17928.145037
-105.0,105,17937.452821
-106.0,106,17945.741267
-106.0,106,17953.92377
-110.0,110,17963.759604
-98.0,98,17971.328915
-103.0,103,17978.945279
-86.0,86,17986.434992
-110.0,110,17995.919581
-104.0,104,18003.967992
-111.0,111,18014.00415
-105.0,105,18022.700963
-107.0,107,18030.627623
-183.0,183,18045.474582
-93.0,93,18053.326328
-105.0,105,18061.623424
-109.0,109,18070.066595
-165.0,165,18082.316713
-108.0,108,18091.172122
-104.0,104,18099.135056
-92.0,92,18107.222628
-104.0,104,18116.121897
-107.0,107,18124.555785
-106.0,106,18132.632306
-105.0,105,18140.371092
-104.0,104,18149.891656
-105.0,105,18159.148794
-163.0,163,18172.439865
-110.0,110,18181.947048
-155.0,155,18195.013724
-113.0,113,18205.918168
-86.0,86,18213.148451
-87.0,87,18220.876917
-99.0,99,18229.784942
-91.0,91,18237.80106
-100.0,100,18245.94313
-200.0,200,18262.056491
-108.0,108,18270.719562
-110.0,110,18280.051364
-177.0,177,18294.260123
-106.0,106,18302.914587
-106.0,106,18311.187243
-174.0,174,18326.114611
-106.0,106,18334.559136
-104.0,104,18343.055446
-83.0,83,18350.097005
-108.0,108,18358.522182
-107.0,107,18367.982929
-104.0,104,18377.000423
-162.0,162,18390.016556
-95.0,95,18398.653791
-106.0,106,18408.229501
-86.0,86,18415.702686
-107.0,107,18426.010367
-104.0,104,18434.43493
-86.0,86,18440.518555
-87.0,87,18448.697765
-103.0,103,18457.905404
-93.0,93,18465.467784
-105.0,105,18474.334209
-108.0,108,18482.397645
-103.0,103,18491.470165
-108.0,108,18500.319121
-98.0,98,18509.174324
-101.0,101,18518.742771
-106.0,106,18527.134419
-107.0,107,18535.582926
-105.0,105,18544.951984
-102.0,102,18552.701877
-103.0,103,18561.125527
-87.0,87,18568.616899
-87.0,87,18576.172485
-97.0,97,18585.571124
-89.0,89,18592.804092
-106.0,106,18601.423131
-85.0,85,18608.447024
-93.0,93,18616.512144
-112.0,112,18627.446313
-105.0,105,18635.592408
-104.0,104,18643.509893
-103.0,103,18652.182254
-109.0,109,18661.470595
-104.0,104,18669.72052
-110.0,110,18678.29063
-108.0,108,18686.853697
-97.0,97,18695.778975
-86.0,86,18703.256453
-89.0,89,18709.661752
-105.0,105,18717.344857
-105.0,105,18726.547821
-114.0,114,18735.596153
-87.0,87,18742.500459
-156.0,156,18754.996858
-90.0,90,18763.039023
-114.0,114,18773.273364
-105.0,105,18781.992121
-106.0,106,18791.204061
-101.0,101,18800.091529
-110.0,110,18809.674044
-94.0,94,18817.324045
-110.0,110,18826.426184
-92.0,92,18834.128484
-110.0,110,18842.856456
-106.0,106,18851.473488
-109.0,109,18860.079769
-167.0,167,18873.547756
-107.0,107,18883.157765
-108.0,108,18891.401014
-119.0,119,18901.666445
-164.0,164,18916.056685
-88.0,88,18923.89748
-90.0,90,18930.846279
-92.0,92,18939.320954
-106.0,106,18948.090015
-96.0,96,18956.04217
-108.0,108,18963.794941
-115.0,115,18973.550896
-87.0,87,18981.497609
-96.0,96,18989.295894
-89.0,89,18996.18008
-86.0,86,19003.044444
-105.0,105,19012.384295
-106.0,106,19021.778114
-102.0,102,19031.101994
-103.0,103,19038.693102
-104.0,104,19046.387368
-105.0,105,19055.006082
-84.0,84,19063.017537
-92.0,92,19071.346299
-88.0,88,19077.828752
-106.0,106,19086.523995
-104.0,104,19095.969808
-105.0,105,19104.325552
-105.0,105,19112.759005
-109.0,109,19121.766172
-157.0,157,19134.884974
-87.0,87,19141.315344
-94.0,94,19148.759945
-114.0,114,19158.43574
-194.0,194,19173.548046
-97.0,97,19182.182509
-104.0,104,19191.166591
-169.0,169,19204.881206
-93.0,93,19212.684045
-89.0,89,19220.48118
-104.0,104,19229.334966
-104.0,104,19237.855158
-105.0,105,19248.012722
-104.0,104,19258.218931
-89.0,89,19266.006511
-104.0,104,19275.284283
-103.0,103,19283.286242
-98.0,98,19291.133845
-87.0,87,19298.543812
-106.0,106,19307.482053
-93.0,93,19314.400182
-109.0,109,19324.10732
-95.0,95,19332.553229
-104.0,104,19341.516311
-103.0,103,19350.029958
-103.0,103,19358.256921
-104.0,104,19366.131284
-84.0,84,19373.761569
-150.0,150,19385.817546
-106.0,106,19394.97244
-106.0,106,19403.949521
-109.0,109,19413.410758
-104.0,104,19421.341995
-104.0,104,19430.226712
-105.0,105,19438.334429
-104.0,104,19446.977393
-95.0,95,19454.72804
-107.0,107,19462.953386
-105.0,105,19472.262593
-106.0,106,19480.916933
-105.0,105,19490.749207
-103.0,103,19499.626967
-88.0,88,19507.045168
-106.0,106,19516.538363
-87.0,87,19523.432998
-86.0,86,19530.9145
-108.0,108,19539.445742
-106.0,106,19548.587495
-103.0,103,19558.248178
-156.0,156,19571.368246
-97.0,97,19579.401606
-107.0,107,19588.398192
-87.0,87,19596.124346
-154.0,154,19608.687695
-113.0,113,19618.699151
-105.0,105,19627.581523
-106.0,106,19636.254459
-90.0,90,19644.387198
-104.0,104,19653.132734
-181.0,181,19667.895692
-104.0,104,19675.751209
-85.0,85,19682.313111
-105.0,105,19691.341032
-185.0,185,19708.01307
-86.0,86,19715.452745
-167.0,167,19729.241726
-106.0,106,19738.174117
-89.0,89,19744.839277
-103.0,103,19754.558012
-103.0,103,19762.806945
-104.0,104,19771.968597
-108.0,108,19781.68252
-106.0,106,19791.164235
-88.0,88,19798.865737
-104.0,104,19807.95217
-106.0,106,19817.214949
-120.0,120,19827.23413
-106.0,106,19835.074326
-91.0,91,19842.345382
-89.0,89,19850.167359
-103.0,103,19860.042272
-86.0,86,19868.278618
-159.0,159,19882.580629
-108.0,108,19891.609473
-85.0,85,19900.357473
-108.0,108,19909.612501
-90.0,90,19916.064136
-108.0,108,19925.2302
-91.0,91,19931.178065
-93.0,93,19939.025086
-89.0,89,19946.443091
-104.0,104,19956.458557
-113.0,113,19965.100214
-111.0,111,19973.902466
-97.0,97,19983.14428
-107.0,107,19992.947822
-108.0,108,20002.073168
-126.0,126,20013.669703
-92.0,92,20020.587798
-111.0,111,20029.228131
-152.0,152,20041.621368
-159.0,159,20054.142754
-105.0,105,20063.424721
-110.0,110,20072.900794
-159.0,159,20085.950272
-109.0,109,20094.772354
-172.0,172,20108.59062
-155.0,155,20120.833043
-89.0,89,20128.883798
-90.0,90,20136.506355
-156.0,156,20148.452843
-92.0,92,20156.199625
-113.0,113,20165.947145
-120.0,120,20175.739686
-87.0,87,20183.194211
-159.0,159,20196.359808
-87.0,87,20203.558181
-107.0,107,20211.915363
-105.0,105,20220.621116
-91.0,91,20227.702912
-85.0,85,20234.840465
-92.0,92,20242.954236
-153.0,153,20255.453364
-83.0,83,20263.121944
-157.0,157,20276.375649
-107.0,107,20286.863174
-86.0,86,20294.615788
-106.0,106,20302.562024
-105.0,105,20312.367809
-149.0,149,20324.319977
-106.0,106,20332.649237
-110.0,110,20341.057066
-154.0,154,20353.122359
-180.0,180,20368.68957
-193.0,193,20383.646181
-106.0,106,20391.849838
-86.0,86,20398.573525
-159.0,159,20411.320979
-109.0,109,20419.519143
-110.0,110,20428.664593
-111.0,111,20438.36016
-172.0,172,20453.562539
-160.0,160,20466.962483
-180.0,180,20481.158525
-106.0,106,20489.79933
-174.0,174,20504.513946
-106.0,106,20513.304207
-153.0,153,20525.738405
-90.0,90,20532.62499
-105.0,105,20541.517212
-170.0,170,20555.323208
-109.0,109,20564.019302
-95.0,95,20573.193465
-90.0,90,20581.639526
-107.0,107,20590.040614
-110.0,110,20599.144211
-91.0,91,20606.84575
-106.0,106,20616.9415
-106.0,106,20625.653727
-116.0,116,20634.860479
-90.0,90,20642.57689
-107.0,107,20651.787803
-106.0,106,20659.861433
-105.0,105,20669.331512
-113.0,113,20678.817098
-105.0,105,20687.210951
-103.0,103,20695.056977
-110.0,110,20702.818312
-107.0,107,20711.875802
-108.0,108,20720.880046
-189.0,189,20738.30529
-94.0,94,20746.392504
-87.0,87,20754.164566
-85.0,85,20761.433752
-92.0,92,20768.813939
-90.0,90,20776.133805
-111.0,111,20785.694028
-104.0,104,20794.825493
-153.0,153,20806.90511
-107.0,107,20815.280522
-104.0,104,20824.264727
-106.0,106,20834.05724
-89.0,89,20841.602996
-108.0,108,20850.944657
-105.0,105,20859.563381
-89.0,89,20866.336035
-93.0,93,20874.523566
-108.0,108,20884.060368
-110.0,110,20893.608975
-116.0,116,20902.343889
-105.0,105,20909.537485
-104.0,104,20919.1572
-104.0,104,20928.571286
-91.0,91,20936.24181
-94.0,94,20943.850246
-88.0,88,20951.80551
-106.0,106,20960.321596
-154.0,154,20975.015452
-115.0,115,20985.119656
-104.0,104,20994.756073
-104.0,104,21002.591088
-158.0,158,21015.432633
-91.0,91,21022.312871
-105.0,105,21029.860413
-105.0,105,21038.787345
-83.0,83,21044.985531
-107.0,107,21052.95758
-98.0,98,21060.156051
-114.0,114,21069.459237
-100.0,100,21077.982813
-111.0,111,21086.578951
-112.0,112,21095.745187
-86.0,86,21103.261588
-87.0,87,21109.569898
-139.0,139,21120.573681
-106.0,106,21128.740608
-86.0,86,21136.406767
-108.0,108,21144.720087
-92.0,92,21152.915699
-102.0,102,21161.217194
-95.0,95,21169.852789
-95.0,95,21177.079406
-101.0,101,21186.968081
-109.0,109,21196.34233
-108.0,108,21205.640832
-93.0,93,21213.23258
-108.0,108,21222.11179
-103.0,103,21230.18451
-105.0,105,21238.219943
-112.0,112,21248.686268
-88.0,88,21256.447343
-111.0,111,21266.030001
-101.0,101,21275.498262
-103.0,103,21284.683475
-109.0,109,21293.706082
-108.0,108,21302.377872
-106.0,106,21311.224817
-105.0,105,21319.933259
-103.0,103,21328.678201
-89.0,89,21335.60359
-107.0,107,21344.744105
-104.0,104,21353.184959
-86.0,86,21360.423853
-102.0,102,21368.377829
-102.0,102,21376.789628
-104.0,104,21385.318308
-102.0,102,21394.297469
-110.0,110,21403.867677
-108.0,108,21412.81161
-161.0,161,21425.858438
-109.0,109,21434.794298
-109.0,109,21443.25184
-107.0,107,21451.44675
-193.0,193,21467.679026
-105.0,105,21475.851127
-109.0,109,21484.870509
-104.0,104,21493.760103
-103.0,103,21502.843668
-87.0,87,21511.120319
-89.0,89,21518.941132
-87.0,87,21526.672628
-104.0,104,21536.11335
-98.0,98,21545.270333
-110.0,110,21555.078631
-105.0,105,21562.68086
-117.0,117,21572.474043
-105.0,105,21581.968899
-106.0,106,21590.833068
-110.0,110,21599.636373
-96.0,96,21608.13503
-113.0,113,21616.096052
-107.0,107,21625.390351
-129.0,129,21636.710227
-92.0,92,21644.953342
-102.0,102,21653.480472
-88.0,88,21660.901575
-103.0,103,21669.170528
-105.0,105,21677.637789
-111.0,111,21685.676806
-102.0,102,21694.240357
-104.0,104,21702.468927
-111.0,111,21712.160398
-102.0,102,21721.390484
-106.0,106,21731.503431
-90.0,90,21738.412301
-109.0,109,21748.469902
-105.0,105,21757.516374
-87.0,87,21765.011451
-84.0,84,21772.175894
-101.0,101,21781.631642
-86.0,86,21788.787077
-108.0,108,21797.977327
-107.0,107,21806.953653
-106.0,106,21816.165759
-106.0,106,21824.495435
-104.0,104,21833.936053
-89.0,89,21840.799539
-106.0,106,21849.941633
-108.0,108,21858.260868
-111.0,111,21866.802716
-107.0,107,21875.676143
-111.0,111,21885.373207
-88.0,88,21893.275548
-109.0,109,21903.09082
-106.0,106,21912.727976
-88.0,88,21920.540011
-105.0,105,21929.112176
-102.0,102,21936.707996
-108.0,108,21946.689076
-104.0,104,21955.734153
-86.0,86,21963.554574
-104.0,104,21972.699181
-104.0,104,21981.983888
-107.0,107,21990.042225
-104.0,104,21999.378274
-90.0,90,22007.133436
-109.0,109,22017.169362
-110.0,110,22027.348595
-109.0,109,22036.945568
-107.0,107,22045.852108
-98.0,98,22053.417524
-85.0,85,22060.756589
-106.0,106,22069.878352
-107.0,107,22078.78357
-106.0,106,22087.99858
-108.0,108,22096.923326
-109.0,109,22106.412774
-87.0,87,22113.648505
-115.0,115,22122.248131
-101.0,101,22130.166565
-106.0,106,22139.664426
-103.0,103,22147.843653
-101.0,101,22156.084652
-109.0,109,22164.475567
-106.0,106,22172.353542
-85.0,85,22178.502472
-104.0,104,22186.823038
-101.0,101,22195.662266
-104.0,104,22204.766943
-110.0,110,22213.588131
-108.0,108,22223.355979
-102.0,102,22231.679999
-112.0,112,22241.407353
-103.0,103,22250.859235
-88.0,88,22257.442403
-111.0,111,22265.951833
-116.0,116,22276.200191
-107.0,107,22284.996921
-105.0,105,22293.625716
-104.0,104,22302.711291
-88.0,88,22310.298953
-103.0,103,22319.141604
-107.0,107,22328.117283
-111.0,111,22337.850908
-113.0,113,22346.518458
-102.0,102,22356.30379
-91.0,91,22364.585708
-103.0,103,22372.089171
-112.0,112,22380.671926
-107.0,107,22389.35449
-94.0,94,22397.030874
-85.0,85,22404.575348
-107.0,107,22414.057104
-97.0,97,22421.250833
-110.0,110,22431.320061
-88.0,88,22438.946496
-104.0,104,22447.852251
-109.0,109,22457.488478
-108.0,108,22466.079458
-94.0,94,22475.394676
-100.0,100,22484.291564
-105.0,105,22493.034272
-107.0,107,22502.377323
-128.0,128,22513.551626
-105.0,105,22522.173481
-107.0,107,22530.576559
-108.0,108,22539.948662
-98.0,98,22548.518586
-112.0,112,22558.51232
-103.0,103,22568.18324
-84.0,84,22574.987963
-101.0,101,22584.452755
-106.0,106,22592.853954
-89.0,89,22599.50746
-91.0,91,22607.412924
-107.0,107,22616.470335
-109.0,109,22624.593854
-109.0,109,22634.628862
-106.0,106,22643.485636
-154.0,154,22656.789912
-90.0,90,22664.477484
-105.0,105,22673.507486
-92.0,92,22681.296897
-85.0,85,22689.52599
-106.0,106,22698.080232
-104.0,104,22707.539959
-110.0,110,22717.415641
-127.0,127,22728.920794
-83.0,83,22736.107618
-104.0,104,22744.748401
-106.0,106,22753.962184
-87.0,87,22761.731142
-93.0,93,22769.590122
-98.0,98,22778.329977
-91.0,91,22786.449632
-104.0,104,22794.69153
-85.0,85,22801.568525
-108.0,108,22810.954558
-109.0,109,22820.51285
-104.0,104,22829.858767
-109.0,109,22838.334207
-104.0,104,22847.062721
-92.0,92,22854.074611
-105.0,105,22863.509674
-103.0,103,22872.36998
-104.0,104,22881.157737
-104.0,104,22891.108473
-108.0,108,22899.691543
-103.0,103,22908.166895
-93.0,93,22914.931626
-110.0,110,22922.93134
-107.0,107,22930.697047
-107.0,107,22938.468783
-105.0,105,22946.383015
-108.0,108,22954.492486
-107.0,107,22961.866905
-89.0,89,22968.004482
-102.0,102,22975.015038
-109.0,109,22982.526082
-90.0,90,22988.696611
-103.0,103,22995.802183
-107.0,107,23003.112375
-107.0,107,23010.439985
-107.0,107,23019.871289
-84.0,84,23028.078196
-90.0,90,23037.247332
-90.0,90,23044.839213
-102.0,102,23054.643523
-103.0,103,23063.882727
-106.0,106,23072.294944
-85.0,85,23079.530289
-109.0,109,23090.446807
-114.0,114,23100.567891
-105.0,105,23110.201456
-105.0,105,23119.417509
-93.0,93,23128.410062
-100.0,100,23137.257567
-107.0,107,23146.552937
-190.0,190,23162.830042
-106.0,106,23172.74192
-115.0,115,23182.436124
-103.0,103,23191.917493
-105.0,105,23200.7233
-104.0,104,23209.208715
-100.0,100,23218.714192
-113.0,113,23229.113764
-106.0,106,23238.681864
-103.0,103,23247.856867
-105.0,105,23256.606564
-110.0,110,23265.440967
-106.0,106,23274.708059
-86.0,86,23281.380724
-94.0,94,23288.652373
-106.0,106,23298.512523
-103.0,103,23307.008255
-123.0,123,23317.854947
-108.0,108,23327.419908
-101.0,101,23336.198171
-108.0,108,23344.66318
-87.0,87,23352.75563
-98.0,98,23361.528878
-114.0,114,23372.491664
-107.0,107,23381.897691
-108.0,108,23392.008932
-106.0,106,23402.571983
-112.0,112,23412.232102
-108.0,108,23421.126806
-105.0,105,23429.776936
-101.0,101,23439.990137
-108.0,108,23449.696536
-102.0,102,23458.51326
-106.0,106,23467.926749
-105.0,105,23476.466762
-97.0,97,23483.78641
-108.0,108,23492.541271
-102.0,102,23501.813977
-100.0,100,23510.321218
-86.0,86,23517.511198
-106.0,106,23525.74342
-107.0,107,23533.926869
-98.0,98,23543.036734
-106.0,106,23552.447326
-109.0,109,23563.064378
-105.0,105,23573.074834
-107.0,107,23581.355673
-104.0,104,23590.269711
-102.0,102,23597.81003
-107.0,107,23605.677153
-105.0,105,23614.534171
-104.0,104,23624.638903
-105.0,105,23634.317859
-104.0,104,23642.915013
-90.0,90,23649.908139
-106.0,106,23660.477674
-106.0,106,23669.28183
-111.0,111,23678.057035
-105.0,105,23687.206661
-111.0,111,23696.793289
-101.0,101,23704.589675
-103.0,103,23713.616459
-105.0,105,23722.068973
-105.0,105,23729.953945
-110.0,110,23739.862552
-108.0,108,23748.359081
-107.0,107,23756.979185
-92.0,92,23764.387664
-105.0,105,23773.705777
-88.0,88,23781.467746
-107.0,107,23790.391775
-85.0,85,23797.42722
-106.0,106,23806.164085
-106.0,106,23815.486701
-84.0,84,23822.471208
-101.0,101,23831.356924
-106.0,106,23840.827016
-104.0,104,23850.497017
-104.0,104,23859.81756
-85.0,85,23867.509581
-105.0,105,23877.252041
-103.0,103,23885.847112
-104.0,104,23893.832693
-87.0,87,23900.778064
-106.0,106,23909.197834
-106.0,106,23919.40556
-106.0,106,23928.169955
-105.0,105,23937.746124
-109.0,109,23947.45868
-103.0,103,23956.317137
-105.0,105,23964.564051
-105.0,105,23973.865025
-106.0,106,23983.356127
-83.0,83,23990.209707
-102.0,102,23999.180993
-108.0,108,24007.598787
-91.0,91,24014.637814
-104.0,104,24023.577633
-105.0,105,24033.65746
-107.0,107,24043.229386
-101.0,101,24051.506446
-104.0,104,24059.928958
-105.0,105,24068.141272
-109.0,109,24077.906836
-104.0,104,24085.564294
-89.0,89,24094.150077
-103.0,103,24103.26448
-104.0,104,24111.392059
-107.0,107,24120.558968
-108.0,108,24130.73873
-93.0,93,24137.497266
-85.0,85,24144.012461
-86.0,86,24150.672818
-118.0,118,24160.903805
-111.0,111,24168.905618
-110.0,110,24177.493895
-111.0,111,24186.376983
-89.0,89,24195.297613
-114.0,114,24205.133954
-98.0,98,24213.565673
-112.0,112,24222.798187
-107.0,107,24232.42403
-110.0,110,24241.514427
-111.0,111,24250.53659
-88.0,88,24257.861922
-87.0,87,24265.586624
-93.0,93,24274.384795
-105.0,105,24283.140424
-93.0,93,24290.334111
-97.0,97,24298.293448
-104.0,104,24306.199442
-113.0,113,24316.030074
-106.0,106,24324.921818
-105.0,105,24333.318801
-107.0,107,24342.359877
-89.0,89,24349.69936
-103.0,103,24359.423851
-91.0,91,24367.802799
-93.0,93,24375.597624
-106.0,106,24385.045627
-120.0,120,24396.209622
-87.0,87,24403.24889
-106.0,106,24411.243447
-109.0,109,24419.995875
-104.0,104,24428.769233
-104.0,104,24438.869944
-116.0,116,24448.311327
-106.0,106,24457.314326
-103.0,103,24467.008038
-102.0,102,24475.441832
-122.0,122,24485.915115
-83.0,83,24494.178696
-84.0,84,24500.841118
-93.0,93,24509.164685
-105.0,105,24517.341667
-108.0,108,24527.353589
-93.0,93,24534.448767
-107.0,107,24543.781351
-106.0,106,24553.060237
-109.0,109,24562.562767
-130.0,130,24573.973058
-91.0,91,24581.974892
-105.0,105,24590.577422
-109.0,109,24599.21615
-93.0,93,24607.398014
-88.0,88,24615.343717
-108.0,108,24623.799808
-104.0,104,24633.244358
-100.0,100,24641.332191
-164.0,164,24655.192519
-88.0,88,24664.336397
-106.0,106,24673.826561
-106.0,106,24682.360906
-107.0,107,24692.765457
-105.0,105,24700.964425
-107.0,107,24709.231455
-97.0,97,24716.942859
-105.0,105,24725.342974
-108.0,108,24735.606269
-171.0,171,24748.903884
-107.0,107,24758.420553
-87.0,87,24765.957265
-103.0,103,24774.96731
-105.0,105,24783.024629
-105.0,105,24792.946125
-107.0,107,24801.553267
-106.0,106,24810.133021
-105.0,105,24819.050592
-103.0,103,24828.927824
-108.0,108,24838.756889
-110.0,110,24848.822932
-112.0,112,24858.855426
-92.0,92,24866.676777
-110.0,110,24876.004414
-84.0,84,24883.221458
-109.0,109,24892.890604
-105.0,105,24902.050655
-108.0,108,24910.31081
-91.0,91,24917.165278
-108.0,108,24926.589294
-107.0,107,24935.102517
-95.0,95,24942.7414
-97.0,97,24950.773282
-89.0,89,24958.304409
-118.0,118,24966.72132
-105.0,105,24975.574055
-110.0,110,24985.34113
-100.0,100,24993.703801
-93.0,93,25001.145612
-91.0,91,25009.30799
-107.0,107,25018.597461
-106.0,106,25027.280938
-85.0,85,25034.547957
-107.0,107,25043.944854
-105.0,105,25053.727953
-108.0,108,25062.678407
-110.0,110,25072.590889
-118.0,118,25082.070398
-106.0,106,25091.497722
-109.0,109,25101.957443
-109.0,109,25110.665722
-110.0,110,25118.541468
-113.0,113,25128.503928
-159.0,159,25141.412346
-107.0,107,25149.674263
-108.0,108,25158.622083
-107.0,107,25167.520445
-107.0,107,25177.82244
-88.0,88,25185.77257
-106.0,106,25194.732413
-84.0,84,25201.635656
-164.0,164,25215.348963
-118.0,118,25224.589659
-151.0,151,25236.80053
-110.0,110,25246.075535
-93.0,93,25254.912361
-106.0,106,25262.895421
-106.0,106,25270.709425
-107.0,107,25278.460129
-114.0,114,25287.677571
-109.0,109,25295.981629
