# {"t_start": 1597030085.0383286, "env_id": "MountainCar-v0"} 
r,l,t
-200.0,200,10.656978
-200.0,200,11.085041
-200.0,200,11.546779
-200.0,200,12.018848
-200.0,200,12.452697
-200.0,200,32.674694
-200.0,200,52.303944
-200.0,200,71.483963
-200.0,200,90.248029
-200.0,200,108.315122
-200.0,200,127.523808
-200.0,200,146.665314
-200.0,200,166.255608
-200.0,200,185.217301
-200.0,200,203.832952
-200.0,200,222.843434
-200.0,200,242.605417
-200.0,200,261.345005
-200.0,200,280.371068
-200.0,200,299.114024
-200.0,200,317.967326
-200.0,200,336.951143
-200.0,200,355.546652
-200.0,200,375.290976
-200.0,200,393.911187
-200.0,200,413.109324
-200.0,200,431.719863
-200.0,200,451.601562
-200.0,200,471.581517
-200.0,200,490.716267
-200.0,200,509.088634
-200.0,200,527.954947
-200.0,200,547.543988
-200.0,200,565.897013
-200.0,200,585.288815
-200.0,200,603.906506
-200.0,200,621.698334
-200.0,200,641.161563
-200.0,200,660.675264
-200.0,200,679.673785
-200.0,200,699.651861
-200.0,200,718.787687
-200.0,200,736.647124
-200.0,200,755.659805
-200.0,200,775.636438
-200.0,200,793.324985
-200.0,200,813.030854
-200.0,200,833.200077
-200.0,200,852.773102
-200.0,200,871.912119
-200.0,200,891.61074
-200.0,200,910.320151
-200.0,200,930.466713
-200.0,200,950.558537
-200.0,200,970.095885
-200.0,200,989.65409
-200.0,200,1009.074282
-200.0,200,1029.013898
-200.0,200,1048.275019
-200.0,200,1067.362273
-200.0,200,1086.855348
-200.0,200,1105.638745
-200.0,200,1124.528596
-200.0,200,1144.189538
-200.0,200,1163.011316
-200.0,200,1183.094826
-200.0,200,1201.874997
-200.0,200,1219.102041
-200.0,200,1237.569786
-200.0,200,1255.967417
-200.0,200,1274.72622
-200.0,200,1293.353923
-200.0,200,1312.424801
-200.0,200,1331.594438
-200.0,200,1351.225346
-200.0,200,1370.644468
-200.0,200,1389.965233
-200.0,200,1408.411136
-200.0,200,1427.33874
-200.0,200,1446.962344
-200.0,200,1466.297039
-200.0,200,1484.239179
-200.0,200,1502.695294
-200.0,200,1520.517941
-200.0,200,1536.619489
-200.0,200,1551.744484
-200.0,200,1568.268207
-200.0,200,1587.244984
-200.0,200,1605.490468
-200.0,200,1624.101413
-200.0,200,1642.638184
-200.0,200,1660.792431
-154.0,154,1675.934767
-200.0,200,1694.580749
-200.0,200,1712.371731
-200.0,200,1731.462783
-200.0,200,1750.807359
-200.0,200,1770.454562
-200.0,200,1790.046391
-200.0,200,1808.139446
-200.0,200,1826.860702
-200.0,200,1845.450442
-200.0,200,1864.902283
-200.0,200,1883.187576
-200.0,200,1902.149415
-200.0,200,1920.805242
-200.0,200,1938.406464
-200.0,200,1956.968553
-200.0,200,1976.04164
-200.0,200,1994.079462
-200.0,200,2013.183197
-200.0,200,2032.038447
-200.0,200,2050.265113
-200.0,200,2068.855791
-200.0,200,2087.630568
-200.0,200,2104.111019
-200.0,200,2119.858222
-200.0,200,2134.67055
-200.0,200,2149.57923
-200.0,200,2165.066128
-200.0,200,2183.736492
-200.0,200,2203.041759
-200.0,200,2221.231684
-200.0,200,2240.014588
-200.0,200,2259.501712
-200.0,200,2279.064469
-200.0,200,2297.685793
-200.0,200,2316.174123
-200.0,200,2335.052449
-200.0,200,2353.905695
-200.0,200,2373.183257
-200.0,200,2391.373939
-200.0,200,2408.947771
-200.0,200,2427.079256
-200.0,200,2445.167153
-200.0,200,2463.185302
-200.0,200,2481.137611
-200.0,200,2498.890757
-200.0,200,2518.272195
-200.0,200,2538.446121
-200.0,200,2557.613064
-200.0,200,2575.015311
-165.0,165,2591.278565
-200.0,200,2610.230377
-200.0,200,2628.900598
-200.0,200,2646.438506
-200.0,200,2665.909366
-200.0,200,2686.092521
-200.0,200,2705.571142
-200.0,200,2725.346247
-200.0,200,2743.255679
-200.0,200,2762.849451
-200.0,200,2782.144965
-200.0,200,2800.856761
-200.0,200,2820.680122
-200.0,200,2839.342503
-200.0,200,2857.275043
-200.0,200,2876.106298
-200.0,200,2894.555363
-200.0,200,2913.304913
-200.0,200,2931.532295
-170.0,170,2947.232053
-200.0,200,2966.326723
-200.0,200,2984.904413
-200.0,200,3002.91351
-200.0,200,3021.553818
-200.0,200,3040.006093
-200.0,200,3058.742309
-200.0,200,3077.527655
-115.0,115,3088.49976
-200.0,200,3105.474923
-200.0,200,3123.827319
-200.0,200,3142.925799
-200.0,200,3162.030351
-200.0,200,3181.189832
-200.0,200,3200.02844
-200.0,200,3218.5047
-200.0,200,3237.505815
-200.0,200,3255.177381
-200.0,200,3273.997088
-200.0,200,3292.976168
-200.0,200,3310.288598
-200.0,200,3328.413131
-200.0,200,3347.343414
-200.0,200,3366.806865
-200.0,200,3385.363946
-116.0,116,3396.13224
-189.0,189,3413.962285
-200.0,200,3432.9493
-200.0,200,3451.522628
-200.0,200,3471.746098
-200.0,200,3490.776289
-200.0,200,3509.552704
-133.0,133,3521.824297
-200.0,200,3540.505487
-200.0,200,3558.640508
-200.0,200,3577.715194
-200.0,200,3596.104785
-200.0,200,3614.274401
-200.0,200,3633.318502
-200.0,200,3652.6211
-200.0,200,3671.087777
-200.0,200,3690.513337
-197.0,197,3707.951112
-200.0,200,3726.711706
-200.0,200,3744.984243
-149.0,149,3759.712724
-200.0,200,3777.984197
-200.0,200,3796.427595
-200.0,200,3815.061626
-184.0,184,3832.714984
-200.0,200,3851.934122
-172.0,172,3868.428666
-125.0,125,3880.168911
-173.0,173,3896.420062
-118.0,118,3907.668559
-200.0,200,3926.431961
-200.0,200,3946.016658
-143.0,143,3959.36969
-200.0,200,3977.870478
-200.0,200,3995.535154
-200.0,200,4014.862329
-200.0,200,4034.286978
-169.0,169,4050.322767
-167.0,167,4066.606257
-200.0,200,4084.720692
-102.0,102,4094.285579
-165.0,165,4109.085046
-163.0,163,4125.094449
-113.0,113,4136.21621
-177.0,177,4152.778765
-200.0,200,4172.645658
-174.0,174,4188.844207
-92.0,92,4198.350539
-92.0,92,4207.351376
-162.0,162,4222.057976
-159.0,159,4238.094033
-105.0,105,4246.995198
-90.0,90,4255.431833
-156.0,156,4270.414331
-172.0,172,4287.667692
-200.0,200,4305.396813
-138.0,138,4318.112467
-103.0,103,4326.985403
-171.0,171,4343.058861
-161.0,161,4358.534501
-175.0,175,4374.205555
-85.0,85,4382.138172
-88.0,88,4390.381339
-169.0,169,4405.351851
-87.0,87,4413.870283
-90.0,90,4422.766424
-174.0,174,4439.086714
-87.0,87,4447.612669
-87.0,87,4456.447358
-153.0,153,4469.887764
-158.0,158,4484.311757
-88.0,88,4492.4011
-158.0,158,4507.771296
-156.0,156,4522.257504
-157.0,157,4537.149652
-200.0,200,4555.521428
-153.0,153,4569.810489
-174.0,174,4585.293609
-141.0,141,4598.660277
-140.0,140,4611.509739
-166.0,166,4627.802487
-200.0,200,4646.636509
-200.0,200,4665.809591
-200.0,200,4683.867551
-187.0,187,4701.843944
-200.0,200,4720.256538
-200.0,200,4738.756043
-200.0,200,4757.918197
-200.0,200,4778.019412
-200.0,200,4796.963303
-200.0,200,4816.249939
-200.0,200,4834.504606
-200.0,200,4852.604228
-200.0,200,4870.666595
-141.0,141,4882.897888
-200.0,200,4901.03989
-200.0,200,4919.722982
-200.0,200,4939.364292
-200.0,200,4957.86654
-200.0,200,4976.302259
-200.0,200,4994.494052
-200.0,200,5013.815563
-200.0,200,5033.141436
-200.0,200,5052.451563
-200.0,200,5071.642447
-200.0,200,5088.730288
-200.0,200,5107.3397
-200.0,200,5126.115998
-200.0,200,5145.092362
-200.0,200,5164.809394
-200.0,200,5183.399067
-200.0,200,5202.282636
-200.0,200,5220.796435
-200.0,200,5240.079496
-200.0,200,5257.958415
-200.0,200,5276.575171
-200.0,200,5295.286103
-200.0,200,5314.248937
-200.0,200,5333.67864
-158.0,158,5348.359211
-200.0,200,5366.913568
-164.0,164,5383.420543
-168.0,168,5399.284843
-200.0,200,5418.040789
-182.0,182,5435.327584
-180.0,180,5452.273842
-187.0,187,5470.180503
-102.0,102,5480.022046
-200.0,200,5500.34597
-200.0,200,5518.499261
-93.0,93,5527.27047
-178.0,178,5543.695385
-200.0,200,5561.869946
-100.0,100,5571.614201
-178.0,178,5587.656754
-200.0,200,5606.598802
-178.0,178,5623.565922
-200.0,200,5642.900838
-200.0,200,5660.77579
-93.0,93,5669.697995
-88.0,88,5677.609335
-188.0,188,5694.117905
-89.0,89,5702.171371
-168.0,168,5718.006982
-174.0,174,5732.925736
-169.0,169,5748.280991
-99.0,99,5757.248291
-200.0,200,5775.845519
-93.0,93,5783.667005
-158.0,158,5799.012453
-175.0,175,5813.85915
-200.0,200,5831.874004
-120.0,120,5842.974613
-200.0,200,5861.542182
-158.0,158,5875.499365
-85.0,85,5883.713058
-157.0,157,5897.9148
-171.0,171,5913.294539
-92.0,92,5921.674883
-90.0,90,5929.607721
-91.0,91,5938.238509
-95.0,95,5946.408547
-160.0,160,5961.7759
-155.0,155,5975.331438
-158.0,158,5988.908286
-161.0,161,6002.785565
-157.0,157,6016.57647
-157.0,157,6030.132493
-86.0,86,6037.566752
-93.0,93,6045.897084
-110.0,110,6055.743737
-92.0,92,6064.698586
-156.0,156,6078.750455
-88.0,88,6086.466824
-89.0,89,6094.070325
-172.0,172,6109.987147
-166.0,166,6125.630264
-200.0,200,6143.65017
-155.0,155,6158.593702
-88.0,88,6166.794682
-200.0,200,6185.468337
-90.0,90,6194.226774
-153.0,153,6208.640446
-200.0,200,6226.80125
-159.0,159,6241.325241
-148.0,148,6254.786542
-150.0,150,6268.806253
-153.0,153,6282.489972
-151.0,151,6296.428057
-157.0,157,6311.893025
-148.0,148,6324.343879
-155.0,155,6338.53036
-154.0,154,6352.50831
-155.0,155,6367.028208
-154.0,154,6381.072616
-200.0,200,6398.753236
-90.0,90,6407.266058
-153.0,153,6420.108529
-150.0,150,6433.518357
-94.0,94,6441.903534
-200.0,200,6460.576831
-87.0,87,6469.062321
-158.0,158,6483.570047
-98.0,98,6492.998105
-200.0,200,6510.656982
-200.0,200,6528.297394
-200.0,200,6546.869771
-96.0,96,6555.944358
-156.0,156,6569.659626
-95.0,95,6577.571793
-200.0,200,6596.158752
-200.0,200,6613.348867
-200.0,200,6630.908583
-200.0,200,6648.870477
-156.0,156,6662.311393
-155.0,155,6675.241083
-171.0,171,6690.499632
-200.0,200,6708.838746
-156.0,156,6723.24045
-158.0,158,6737.692544
-200.0,200,6756.099921
-200.0,200,6774.480203
-168.0,168,6788.991987
-92.0,92,6797.032738
-200.0,200,6814.356539
-156.0,156,6828.353109
-200.0,200,6846.815569
-95.0,95,6855.295604
-200.0,200,6874.129302
-157.0,157,6888.613137
-92.0,92,6896.967462
-95.0,95,6905.852325
-150.0,150,6919.616861
-150.0,150,6932.970029
-90.0,90,6940.44492
-159.0,159,6954.657649
-100.0,100,6963.586269
-166.0,166,6979.075467
-155.0,155,6992.861888
-200.0,200,7011.907115
-162.0,162,7027.056932
-92.0,92,7034.820092
-170.0,170,7049.930051
-200.0,200,7068.200073
-153.0,153,7081.958226
-157.0,157,7095.791744
-107.0,107,7105.801318
-168.0,168,7120.536643
-94.0,94,7128.920766
-187.0,187,7145.098551
-132.0,132,7156.682602
-135.0,135,7169.190555
-128.0,128,7180.933679
-136.0,136,7193.080697
-200.0,200,7211.958469
-124.0,124,7223.134975
-200.0,200,7240.495823
-200.0,200,7257.481604
-134.0,134,7269.042742
-152.0,152,7282.883029
-132.0,132,7294.151217
-143.0,143,7307.455047
-143.0,143,7320.860237
-200.0,200,7339.179901
-200.0,200,7358.338782
-200.0,200,7376.034941
-122.0,122,7386.816852
-125.0,125,7397.877261
-129.0,129,7409.508663
-131.0,131,7421.438741
-128.0,128,7433.066657
-126.0,126,7444.722893
-127.0,127,7456.541828
-135.0,135,7469.162522
-118.0,118,7480.306687
-123.0,123,7491.216528
-200.0,200,7509.621497
-120.0,120,7520.899009
-121.0,121,7532.225424
-124.0,124,7543.701155
-129.0,129,7556.198264
-129.0,129,7568.133015
-124.0,124,7578.645264
-200.0,200,7597.353082
-130.0,130,7609.448377
-114.0,114,7619.749926
-127.0,127,7631.614053
-123.0,123,7642.075964
-135.0,135,7654.827856
-118.0,118,7666.203452
-116.0,116,7676.747711
-115.0,115,7687.436745
-121.0,121,7698.18892
-123.0,123,7709.3111
-114.0,114,7719.930251
-122.0,122,7731.220712
-125.0,125,7743.236536
-121.0,121,7753.742418
-115.0,115,7764.897033
-126.0,126,7775.910594
-122.0,122,7787.145384
-115.0,115,7797.928479
-127.0,127,7809.023011
-115.0,115,7818.891171
-116.0,116,7828.401668
-119.0,119,7839.156331
-121.0,121,7849.568686
-117.0,117,7860.503181
-117.0,117,7870.988779
-116.0,116,7881.834226
-121.0,121,7892.423583
-113.0,113,7903.06287
-116.0,116,7913.355741
-116.0,116,7924.015973
-113.0,113,7934.948779
-110.0,110,7945.017443
-112.0,112,7955.207941
-113.0,113,7965.965019
-114.0,114,7977.000717
-115.0,115,7987.86925
-109.0,109,7997.575754
-111.0,111,8007.611387
-113.0,113,8018.395446
-112.0,112,8028.327106
-112.0,112,8038.834168
-117.0,117,8050.149415
-115.0,115,8060.680041
-109.0,109,8070.856884
-113.0,113,8081.495175
-105.0,105,8090.688475
-112.0,112,8101.01497
-112.0,112,8111.140045
-119.0,119,8122.803975
-108.0,108,8133.054863
-111.0,111,8143.336199
-109.0,109,8153.709081
-109.0,109,8163.988771
-109.0,109,8174.474456
-115.0,115,8185.053225
-117.0,117,8195.994583
-104.0,104,8205.062294
-105.0,105,8214.766051
-107.0,107,8224.827118
-111.0,111,8234.711473
-107.0,107,8244.016994
-111.0,111,8254.669751
-113.0,113,8265.444364
-105.0,105,8275.676069
-111.0,111,8286.303224
-105.0,105,8295.900666
-106.0,106,8305.618265
-109.0,109,8315.516095
-103.0,103,8325.494911
-107.0,107,8335.744518
-103.0,103,8344.778864
-110.0,110,8355.172254
-89.0,89,8362.609752
-122.0,122,8373.920023
-122.0,122,8385.610885
-112.0,112,8395.742621
-116.0,116,8406.031178
-109.0,109,8415.467109
-134.0,134,8427.221588
-200.0,200,8445.526134
-105.0,105,8455.030114
-115.0,115,8464.956838
-96.0,96,8473.108902
-104.0,104,8481.985271
-200.0,200,8500.465687
-148.0,148,8514.328506
-109.0,109,8524.273866
-105.0,105,8533.654002
-127.0,127,8545.372745
-110.0,110,8555.778793
-109.0,109,8566.02685
-109.0,109,8575.694903
-91.0,91,8584.531898
-200.0,200,8602.214516
-184.0,184,8619.924905
-115.0,115,8630.884427
-200.0,200,8650.012444
-200.0,200,8669.045988
-108.0,108,8679.024772
-200.0,200,8696.58545
-121.0,121,8707.087856
-200.0,200,8724.38202
-109.0,109,8734.69154
-116.0,116,8744.757092
-116.0,116,8754.69751
-111.0,111,8764.030617
-200.0,200,8783.621314
-108.0,108,8793.035834
-111.0,111,8803.716242
-110.0,110,8813.670521
-117.0,117,8824.297826
-113.0,113,8834.346575
-117.0,117,8845.1651
-106.0,106,8855.221076
-106.0,106,8864.962346
-106.0,106,8873.979765
-114.0,114,8884.02102
-109.0,109,8894.292251
-117.0,117,8904.006555
-110.0,110,8913.505285
-133.0,133,8926.215796
-115.0,115,8936.295977
-111.0,111,8946.14481
-111.0,111,8956.425293
-113.0,113,8966.565752
-110.0,110,8976.272258
-114.0,114,8986.76667
-112.0,112,8997.037709
-109.0,109,9006.674058
-114.0,114,9017.219748
-110.0,110,9027.24073
-113.0,113,9037.998617
-110.0,110,9047.97114
-116.0,116,9058.406659
-109.0,109,9068.566952
-108.0,108,9078.999478
-109.0,109,9089.018561
-114.0,114,9098.905181
-113.0,113,9109.062766
-106.0,106,9119.653329
-115.0,115,9129.741748
-107.0,107,9138.89678
-109.0,109,9149.275728
-111.0,111,9159.236691
-109.0,109,9169.215645
-121.0,121,9179.779524
-108.0,108,9189.443872
-92.0,92,9197.425735
-113.0,113,9207.039863
-113.0,113,9217.244239
-108.0,108,9227.009378
-112.0,112,9237.009259
-111.0,111,9247.547809
-113.0,113,9258.22181
-119.0,119,9269.933673
-109.0,109,9280.132819
-109.0,109,9290.474424
-89.0,89,9299.408189
-110.0,110,9309.137577
-118.0,118,9320.508105
-119.0,119,9331.790276
-114.0,114,9343.044801
-110.0,110,9353.549207
-119.0,119,9364.581563
-112.0,112,9375.47199
-103.0,103,9385.63946
-111.0,111,9396.305157
-108.0,108,9406.532185
-118.0,118,9417.500704
-109.0,109,9428.665186
-130.0,130,9441.566639
-115.0,115,9453.801107
-109.0,109,9463.719585
-112.0,112,9473.470535
-105.0,105,9482.700242
-103.0,103,9492.361899
-110.0,110,9502.562037
-103.0,103,9512.139346
-89.0,89,9520.53788
-115.0,115,9531.24878
-120.0,120,9542.314902
-113.0,113,9553.04445
-116.0,116,9563.830486
-107.0,107,9573.279331
-89.0,89,9581.448369
-100.0,100,9590.521146
-115.0,115,9601.426402
-115.0,115,9611.405366
-117.0,117,9622.312493
-107.0,107,9631.818467
-111.0,111,9642.257491
-121.0,121,9653.271342
-102.0,102,9662.681461
-112.0,112,9673.634086
-105.0,105,9682.988858
-86.0,86,9691.39359
-114.0,114,9702.289504
-117.0,117,9712.866796
-112.0,112,9723.296983
-114.0,114,9734.075465
-112.0,112,9744.530136
-110.0,110,9754.881269
-108.0,108,9764.611907
-107.0,107,9774.693347
-109.0,109,9784.833939
-113.0,113,9795.495592
-113.0,113,9805.825539
-109.0,109,9815.647572
-113.0,113,9826.366469
-109.0,109,9836.705518
-122.0,122,9848.373494
-115.0,115,9858.41425
-111.0,111,9868.270837
-109.0,109,9878.35847
-116.0,116,9889.063254
-116.0,116,9899.80145
-112.0,112,9910.992996
-115.0,115,9921.785867
-105.0,105,9931.122302
-112.0,112,9942.461156
-107.0,107,9953.276025
-115.0,115,9963.831225
-117.0,117,9975.978842
-127.0,127,9988.287713
-113.0,113,9998.35076
-113.0,113,10008.897417
-119.0,119,10020.642674
-118.0,118,10032.693823
-106.0,106,10042.470821
-111.0,111,10053.072606
-113.0,113,10063.918989
-116.0,116,10075.555059
-111.0,111,10086.064756
-117.0,117,10097.333279
-117.0,117,10107.724999
-110.0,110,10118.033935
-112.0,112,10128.355301
-122.0,122,10139.70059
-114.0,114,10150.179841
-118.0,118,10161.161816
-114.0,114,10172.26403
-115.0,115,10182.59969
-112.0,112,10192.367717
-112.0,112,10202.668468
-113.0,113,10213.408585
-113.0,113,10224.460396
-113.0,113,10234.475125
-109.0,109,10244.950825
-110.0,110,10255.565207
-114.0,114,10266.303737
-118.0,118,10276.986944
-109.0,109,10287.650987
-114.0,114,10297.911435
-112.0,112,10308.596383
-112.0,112,10319.447537
-106.0,106,10329.14831
-111.0,111,10339.117721
-111.0,111,10348.954355
-111.0,111,10359.224158
-87.0,87,10367.817742
-117.0,117,10378.760756
-107.0,107,10389.259105
-110.0,110,10399.855004
-107.0,107,10410.194806
-111.0,111,10421.331358
-109.0,109,10430.927145
-109.0,109,10441.376603
-102.0,102,10450.603806
-111.0,111,10460.72018
-109.0,109,10471.652456
-108.0,108,10481.537391
-113.0,113,10491.204949
-101.0,101,10501.615882
-105.0,105,10511.649938
-86.0,86,10520.253068
-102.0,102,10530.598887
-90.0,90,10540.013605
-91.0,91,10548.073
-113.0,113,10558.415807
-102.0,102,10567.956738
-105.0,105,10577.6983
-105.0,105,10588.230554
-109.0,109,10599.160272
-109.0,109,10609.166976
-87.0,87,10618.010316
-88.0,88,10626.872266
-110.0,110,10637.868261
-109.0,109,10647.192533
-86.0,86,10655.153252
-93.0,93,10664.279376
-99.0,99,10673.014604
-105.0,105,10682.692665
-108.0,108,10693.258936
-99.0,99,10702.273691
-108.0,108,10712.388488
-109.0,109,10722.54444
-106.0,106,10732.803808
-88.0,88,10741.844659
-86.0,86,10749.72808
-87.0,87,10758.443696
-108.0,108,10769.310712
-88.0,88,10776.481071
-109.0,109,10787.398548
-115.0,115,10797.302613
-101.0,101,10806.146119
-113.0,113,10817.370152
-92.0,92,10825.894662
-90.0,90,10834.186392
-111.0,111,10844.304944
-108.0,108,10854.525696
-103.0,103,10864.511156
-113.0,113,10875.508571
-114.0,114,10885.910224
-108.0,108,10896.048149
-110.0,110,10906.929472
-107.0,107,10917.551342
-85.0,85,10926.148893
-109.0,109,10936.531009
-111.0,111,10947.608473
-109.0,109,10957.939935
-85.0,85,10966.352588
-102.0,102,10976.388251
-106.0,106,10986.706281
-87.0,87,10995.187619
-90.0,90,11003.551579
-100.0,100,11012.894781
-108.0,108,11022.891396
-183.0,183,11040.463978
-87.0,87,11048.626955
-108.0,108,11058.931245
-111.0,111,11069.554393
-107.0,107,11079.12375
-108.0,108,11088.847903
-110.0,110,11099.22056
-102.0,102,11108.519207
-109.0,109,11118.804899
-89.0,89,11127.348726
-102.0,102,11135.833934
-105.0,105,11145.464469
-98.0,98,11155.32654
-108.0,108,11165.583998
-115.0,115,11175.964842
-109.0,109,11185.773454
-93.0,93,11194.485989
-112.0,112,11204.585467
-106.0,106,11213.389737
-113.0,113,11222.924778
-96.0,96,11231.654772
-104.0,104,11240.931527
-104.0,104,11250.96292
-111.0,111,11260.948995
-110.0,110,11271.706062
-118.0,118,11282.854212
-94.0,94,11290.845716
-97.0,97,11300.303783
-117.0,117,11310.844696
-124.0,124,11321.578574
-118.0,118,11332.401625
-85.0,85,11340.306877
-117.0,117,11351.824294
-113.0,113,11362.435659
-137.0,137,11375.595958
-113.0,113,11386.324612
-115.0,115,11396.529392
-118.0,118,11407.769909
-121.0,121,11418.462458
-117.0,117,11429.598862
-133.0,133,11441.55386
-108.0,108,11451.739928
-110.0,110,11462.363351
-92.0,92,11470.990076
-124.0,124,11482.775392
-105.0,105,11492.551685
-91.0,91,11500.934786
-92.0,92,11509.396443
-189.0,189,11527.112762
-130.0,130,11539.516461
-121.0,121,11550.007351
-123.0,123,11562.067099
-124.0,124,11573.716631
-133.0,133,11585.831039
-126.0,126,11597.865374
-123.0,123,11608.964478
-102.0,102,11618.639111
-125.0,125,11630.028522
-121.0,121,11641.84059
-124.0,124,11653.709738
-130.0,130,11665.592397
-128.0,128,11677.600384
-125.0,125,11688.763767
-136.0,136,11701.653866
-137.0,137,11714.596592
-126.0,126,11725.967896
-200.0,200,11744.341609
-140.0,140,11758.089787
-122.0,122,11769.225072
-135.0,135,11781.739782
-116.0,116,11792.974252
-137.0,137,11805.266713
-121.0,121,11816.050328
-122.0,122,11827.300762
-121.0,121,11837.891454
-131.0,131,11849.369278
-118.0,118,11859.709347
-126.0,126,11871.988843
-200.0,200,11890.170021
-130.0,130,11902.237226
-127.0,127,11913.594439
-135.0,135,11925.781634
-120.0,120,11936.65816
-111.0,111,11946.984732
-200.0,200,11964.804391
-131.0,131,11977.620296
-130.0,130,11989.927449
-140.0,140,12003.222991
-131.0,131,12015.449781
-200.0,200,12034.052795
-157.0,157,12048.260892
-117.0,117,12059.091847
-132.0,132,12070.349485
-120.0,120,12080.893571
-118.0,118,12091.765074
-114.0,114,12102.009884
-122.0,122,12112.94846
-116.0,116,12122.879219
-120.0,120,12133.400531
-116.0,116,12143.97832
-113.0,113,12154.446726
-108.0,108,12164.042747
-119.0,119,12174.740201
-112.0,112,12184.807689
-114.0,114,12195.78291
-110.0,110,12205.792335
-84.0,84,12213.561383
-116.0,116,12224.912626
-108.0,108,12235.354074
-108.0,108,12245.181524
-86.0,86,12253.161128
-110.0,110,12262.043032
-106.0,106,12271.453521
-109.0,109,12281.747799
-117.0,117,12292.512811
-111.0,111,12303.227152
-106.0,106,12312.591047
-105.0,105,12322.167931
-113.0,113,12332.645338
-115.0,115,12342.762149
-103.0,103,12351.699237
-98.0,98,12360.324514
-104.0,104,12369.815605
-102.0,102,12378.965133
-89.0,89,12386.343817
-85.0,85,12394.065911
-116.0,116,12404.364546
-98.0,98,12413.333511
-122.0,122,12425.084207
-104.0,104,12434.453568
-91.0,91,12443.111716
-107.0,107,12453.239147
-90.0,90,12461.679056
-86.0,86,12469.498153
-87.0,87,12477.153162
-127.0,127,12488.413127
-90.0,90,12496.1057
-104.0,104,12505.134513
-112.0,112,12514.805419
-111.0,111,12524.83499
-85.0,85,12532.620339
-93.0,93,12540.198525
-106.0,106,12549.671768
-118.0,118,12560.616176
-107.0,107,12569.848251
-124.0,124,12581.08704
-105.0,105,12590.910828
-131.0,131,12602.968351
-88.0,88,12610.916443
-110.0,110,12621.202891
-109.0,109,12631.420768
-113.0,113,12641.295144
-129.0,129,12652.613983
-97.0,97,12662.033496
-111.0,111,12671.425931
-84.0,84,12679.150808
-179.0,179,12694.447204
-174.0,174,12709.761584
-111.0,111,12720.511206
-108.0,108,12730.152216
-150.0,150,12744.773484
-200.0,200,12762.652519
-196.0,196,12780.160391
-186.0,186,12796.655253
-165.0,165,12811.688099
-116.0,116,12822.08338
-108.0,108,12831.990408
-140.0,140,12845.404527
-124.0,124,12856.732938
-135.0,135,12869.602219
-119.0,119,12880.845553
-153.0,153,12894.579761
-160.0,160,12908.628552
-168.0,168,12924.511777
-118.0,118,12934.582698
-91.0,91,12942.732183
-158.0,158,12957.288497
-92.0,92,12965.638505
-160.0,160,12980.528218
-90.0,90,12989.319589
-193.0,193,13006.57111
-121.0,121,13018.353107
-91.0,91,13026.838614
-89.0,89,13034.343344
-183.0,183,13051.887256
-110.0,110,13062.429784
-106.0,106,13071.546882
-111.0,111,13082.124232
-109.0,109,13092.599486
-112.0,112,13102.769228
-91.0,91,13110.638492
-107.0,107,13119.949975
-115.0,115,13130.785484
-107.0,107,13140.995687
-106.0,106,13150.736982
-87.0,87,13158.92669
-87.0,87,13166.81773
-86.0,86,13174.595163
-115.0,115,13185.036861
-105.0,105,13194.982588
-91.0,91,13202.552412
-94.0,94,13211.103127
-102.0,102,13220.761508
-100.0,100,13229.47305
-105.0,105,13238.834239
-106.0,106,13247.81496
-108.0,108,13257.447316
-109.0,109,13267.339275
-108.0,108,13277.027221
-108.0,108,13287.119719
-105.0,105,13296.833403
-83.0,83,13304.610352
-116.0,116,13315.501686
-108.0,108,13325.500915
-109.0,109,13335.140178
-105.0,105,13345.625644
-84.0,84,13353.27596
-86.0,86,13361.729904
-101.0,101,13371.852582
-105.0,105,13381.784302
-105.0,105,13391.129237
-86.0,86,13399.009755
-105.0,105,13408.552766
-108.0,108,13418.29821
-107.0,107,13428.914733
-120.0,120,13440.775824
-107.0,107,13450.767625
-102.0,102,13460.834044
-106.0,106,13471.733062
-109.0,109,13482.764361
-104.0,104,13492.420112
-85.0,85,13500.209828
-103.0,103,13510.424871
-112.0,112,13521.408187
-112.0,112,13531.974029
-106.0,106,13541.982996
-106.0,106,13552.450455
-96.0,96,13562.126598
-108.0,108,13572.049832
-108.0,108,13582.39142
-115.0,115,13593.041201
-106.0,106,13603.107797
-123.0,123,13614.380728
-111.0,111,13625.233802
-109.0,109,13635.679213
-105.0,105,13645.792331
-98.0,98,13655.086178
-90.0,90,13663.935484
-105.0,105,13674.68581
-106.0,106,13683.862552
-122.0,122,13694.545026
-114.0,114,13705.385717
-110.0,110,13715.609053
-115.0,115,13726.195439
-108.0,108,13736.54579
-111.0,111,13747.482008
-104.0,104,13757.853476
-113.0,113,13767.94587
-103.0,103,13777.319067
-108.0,108,13787.4682
-106.0,106,13797.90127
-106.0,106,13807.884012
-105.0,105,13818.510836
-103.0,103,13828.555109
-112.0,112,13840.203088
-108.0,108,13850.136935
-92.0,92,13859.454682
-102.0,102,13869.31865
-85.0,85,13877.664359
-107.0,107,13887.410342
-110.0,110,13898.546141
-109.0,109,13909.257014
-107.0,107,13920.147311
-107.0,107,13930.525115
-106.0,106,13940.365251
-93.0,93,13948.822574
-97.0,97,13957.726585
-104.0,104,13967.440479
-107.0,107,13977.86241
-106.0,106,13988.195279
-89.0,89,13996.910529
-106.0,106,14007.921503
-88.0,88,14015.910841
-107.0,107,14026.625685
-115.0,115,14037.860756
-103.0,103,14048.165567
-107.0,107,14058.145033
-106.0,106,14068.061025
-108.0,108,14078.45577
-86.0,86,14086.734447
-102.0,102,14096.653931
-104.0,104,14106.729773
-88.0,88,14115.478288
-103.0,103,14125.987481
-105.0,105,14136.34286
-104.0,104,14147.226904
-104.0,104,14157.408126
-86.0,86,14165.533245
-89.0,89,14174.554514
-102.0,102,14184.118525
-107.0,107,14194.295298
-106.0,106,14204.726993
-98.0,98,14214.111328
-108.0,108,14224.559107
-103.0,103,14234.895669
-106.0,106,14243.957866
-106.0,106,14254.0277
-88.0,88,14262.679558
-104.0,104,14271.864857
-104.0,104,14282.343728
-93.0,93,14291.226116
-105.0,105,14302.161938
-109.0,109,14312.588949
-106.0,106,14323.060388
-101.0,101,14332.266646
-108.0,108,14342.851573
-92.0,92,14351.898196
-107.0,107,14362.246637
-107.0,107,14372.072429
-103.0,103,14382.206415
-104.0,104,14392.462543
-102.0,102,14401.69869
-107.0,107,14411.640104
-105.0,105,14421.713128
-107.0,107,14431.953382
-107.0,107,14442.418273
-104.0,104,14452.067781
-106.0,106,14461.449943
-106.0,106,14470.907511
-113.0,113,14481.92269
-105.0,105,14492.264798
-106.0,106,14502.23054
-108.0,108,14512.525363
-106.0,106,14522.659586
-104.0,104,14532.734788
-96.0,96,14542.508898
-105.0,105,14552.755775
-84.0,84,14560.72154
-110.0,110,14571.259319
-85.0,85,14579.592004
-94.0,94,14588.893724
-107.0,107,14599.034063
-99.0,99,14609.024811
-113.0,113,14619.568627
-91.0,91,14627.921211
-104.0,104,14637.623755
-90.0,90,14646.371138
-109.0,109,14656.798828
-88.0,88,14665.510035
-106.0,106,14674.777427
-86.0,86,14682.686368
-112.0,112,14693.503498
-102.0,102,14703.34094
-92.0,92,14712.400862
-88.0,88,14720.533893
-110.0,110,14730.62331
-107.0,107,14741.099139
-110.0,110,14750.899745
-106.0,106,14761.062379
-105.0,105,14770.599027
-105.0,105,14780.993904
-148.0,148,14795.204214
-91.0,91,14803.909981
-107.0,107,14814.243276
-104.0,104,14823.904992
-87.0,87,14831.466579
-152.0,152,14845.02353
-104.0,104,14854.850178
-106.0,106,14864.271999
-84.0,84,14871.988869
-93.0,93,14880.264776
-111.0,111,14890.613403
-105.0,105,14900.600912
-104.0,104,14910.4281
-85.0,85,14918.153086
-108.0,108,14928.777793
-151.0,151,14942.767904
-87.0,87,14951.364886
-109.0,109,14961.772495
-97.0,97,14970.617806
-107.0,107,14980.435641
-165.0,165,14996.106701
-107.0,107,15006.128615
-109.0,109,15016.029874
-104.0,104,15026.045687
-105.0,105,15035.390416
-104.0,104,15045.523016
-104.0,104,15056.187724
-97.0,97,15065.342757
-85.0,85,15072.887738
-104.0,104,15082.609179
-96.0,96,15091.863786
-150.0,150,15106.880266
-87.0,87,15114.78533
-108.0,108,15125.128363
-111.0,111,15135.364428
-110.0,110,15145.818911
-106.0,106,15155.786492
-103.0,103,15166.114671
-107.0,107,15176.444529
-104.0,104,15186.072576
-106.0,106,15196.168987
-111.0,111,15206.862078
-114.0,114,15218.156235
-108.0,108,15227.743495
-104.0,104,15237.527323
-101.0,101,15246.843945
-109.0,109,15256.376302
-107.0,107,15265.964338
-165.0,165,15281.858021
-106.0,106,15291.635668
-158.0,158,15307.385046
-105.0,105,15317.495805
-104.0,104,15327.038497
-102.0,102,15336.424478
-92.0,92,15344.930192
-105.0,105,15355.419282
-103.0,103,15365.185151
-104.0,104,15375.020585
-106.0,106,15385.297933
-98.0,98,15394.250705
-110.0,110,15404.152412
-104.0,104,15413.843781
-149.0,149,15428.073929
-109.0,109,15438.346099
-105.0,105,15448.75217
-151.0,151,15463.336106
-199.0,199,15481.990557
-105.0,105,15492.409588
-106.0,106,15501.955307
-129.0,129,15513.498387
-107.0,107,15523.375066
-115.0,115,15533.941522
-89.0,89,15542.408473
-105.0,105,15552.457733
-92.0,92,15561.664258
-111.0,111,15572.006671
-106.0,106,15581.728279
-107.0,107,15591.940267
-106.0,106,15601.979939
-109.0,109,15611.871079
-107.0,107,15621.517667
-108.0,108,15631.843672
-111.0,111,15642.519691
-108.0,108,15652.631464
-109.0,109,15663.096366
-105.0,105,15673.020876
-91.0,91,15681.917919
-104.0,104,15690.97931
-106.0,106,15700.98056
-108.0,108,15711.600326
-89.0,89,15719.957394
-117.0,117,15730.843641
-106.0,106,15740.631745
-85.0,85,15748.133618
-106.0,106,15756.998312
-89.0,89,15764.913723
-105.0,105,15775.39208
-108.0,108,15784.841549
-105.0,105,15794.233054
-87.0,87,15802.22675
-105.0,105,15812.277408
-106.0,106,15822.450706
-87.0,87,15830.390593
-104.0,104,15840.66334
-106.0,106,15851.243359
-109.0,109,15861.295551
-107.0,107,15871.055084
-107.0,107,15880.572431
-109.0,109,15890.873334
-112.0,112,15901.131876
-105.0,105,15910.667263
-107.0,107,15920.308202
-104.0,104,15929.280265
-86.0,86,15937.509578
-87.0,87,15945.330392
-95.0,95,15953.864922
-110.0,110,15963.767394
-107.0,107,15973.59555
-105.0,105,15982.80904
-106.0,106,15991.925749
-95.0,95,16000.770724
-105.0,105,16010.453868
-110.0,110,16020.913656
-85.0,85,16028.645431
-107.0,107,16039.031814
-108.0,108,16048.860888
-104.0,104,16058.068309
-108.0,108,16068.315569
-106.0,106,16078.699595
-109.0,109,16088.119554
-86.0,86,16096.585159
-85.0,85,16104.183526
-107.0,107,16114.155476
-85.0,85,16122.215052
-105.0,105,16131.760281
-85.0,85,16140.290231
-108.0,108,16150.433972
-106.0,106,16160.046616
-115.0,115,16170.581465
-109.0,109,16180.948721
-116.0,116,16192.167964
-109.0,109,16201.555043
-88.0,88,16209.036066
-110.0,110,16219.334493
-106.0,106,16229.273713
-107.0,107,16239.127246
-83.0,83,16246.978778
-113.0,113,16258.072759
-112.0,112,16268.401737
-105.0,105,16278.191251
-90.0,90,16286.846747
-105.0,105,16296.497039
-105.0,105,16305.661757
-106.0,106,16315.454949
-89.0,89,16323.700554
-113.0,113,16333.380841
-106.0,106,16342.879473
-89.0,89,16350.87264
-108.0,108,16361.393681
-108.0,108,16372.091671
-88.0,88,16380.835309
-112.0,112,16392.462214
-110.0,110,16403.241599
-105.0,105,16412.703743
-108.0,108,16423.049783
-105.0,105,16433.716366
-106.0,106,16444.1455
-87.0,87,16452.218116
-106.0,106,16462.572818
-112.0,112,16473.967937
-104.0,104,16483.916149
-111.0,111,16493.949505
-98.0,98,16502.763827
-90.0,90,16510.929679
-88.0,88,16519.107829
-110.0,110,16529.532168
-84.0,84,16537.345769
-107.0,107,16547.842499
-106.0,106,16557.536099
-109.0,109,16567.648464
-94.0,94,16575.990379
-95.0,95,16584.739314
-107.0,107,16594.262504
-111.0,111,16604.62274
-105.0,105,16613.904745
-110.0,110,16624.693529
-88.0,88,16632.609164
-103.0,103,16642.46575
-87.0,87,16650.854777
-106.0,106,16660.538532
-84.0,84,16668.623847
-104.0,104,16677.756646
-106.0,106,16687.386508
-107.0,107,16697.362596
-106.0,106,16707.521367
-105.0,105,16717.796677
-107.0,107,16727.853257
-95.0,95,16736.50367
-105.0,105,16746.858809
-86.0,86,16754.652431
-104.0,104,16763.922374
-104.0,104,16773.8766
-108.0,108,16784.145526
-106.0,106,16794.323619
-106.0,106,16804.251648
-106.0,106,16813.454351
-102.0,102,16823.178004
-106.0,106,16832.634283
-86.0,86,16840.153159
-86.0,86,16847.385397
-104.0,104,16856.610938
-110.0,110,16866.444465
-107.0,107,16876.572025
-111.0,111,16886.71115
-104.0,104,16895.752787
-105.0,105,16905.297958
-107.0,107,16914.805022
-105.0,105,16924.417166
-89.0,89,16932.725798
-108.0,108,16942.269046
-105.0,105,16952.076522
-103.0,103,16962.234759
-87.0,87,16970.124207
-107.0,107,16980.221735
-88.0,88,16988.350983
-104.0,104,16998.175464
-104.0,104,17008.298131
-158.0,158,17022.509941
-91.0,91,17031.317878
-107.0,107,17041.458185
-102.0,102,17050.830293
-106.0,106,17060.602963
-109.0,109,17071.101592
-105.0,105,17081.046602
-107.0,107,17090.687325
-173.0,173,17107.195434
-102.0,102,17116.624577
-97.0,97,17125.685965
-101.0,101,17134.992396
-102.0,102,17143.752578
-110.0,110,17153.019707
-103.0,103,17161.6977
-105.0,105,17171.612819
-103.0,103,17180.98513
-118.0,118,17191.957349
-91.0,91,17199.671488
-103.0,103,17209.017151
-106.0,106,17218.778151
-123.0,123,17230.322486
-100.0,100,17240.346223
-99.0,99,17248.917868
-142.0,142,17262.221236
-183.0,183,17278.256571
-110.0,110,17287.602825
-109.0,109,17297.984501
-104.0,104,17305.938026
-113.0,113,17316.830164
-105.0,105,17325.880495
-86.0,86,17334.466311
-110.0,110,17344.335552
-105.0,105,17353.874831
-105.0,105,17363.478009
-104.0,104,17372.678588
-109.0,109,17382.787384
-91.0,91,17391.425447
-104.0,104,17400.947831
-89.0,89,17409.01158
-107.0,107,17418.754331
-86.0,86,17426.794641
-105.0,105,17436.604553
-105.0,105,17446.525012
-106.0,106,17455.538192
-103.0,103,17465.320327
-120.0,120,17475.996938
-105.0,105,17485.997742
-105.0,105,17495.605909
-86.0,86,17503.842486
-105.0,105,17513.286516
-89.0,89,17521.848201
-103.0,103,17531.16874
-106.0,106,17541.269627
-103.0,103,17550.975801
-106.0,106,17560.668494
-89.0,89,17569.400115
-106.0,106,17579.369149
-105.0,105,17588.742684
-106.0,106,17599.028024
-85.0,85,17607.139981
-106.0,106,17616.952129
-103.0,103,17625.636706
-103.0,103,17635.21959
-117.0,117,17646.244418
-110.0,110,17655.981935
-105.0,105,17665.855798
-106.0,106,17675.287651
-91.0,91,17683.453836
-107.0,107,17693.393099
-109.0,109,17704.09504
-108.0,108,17714.774475
-94.0,94,17724.232913
-88.0,88,17732.537564
-91.0,91,17740.710361
-94.0,94,17749.87732
-105.0,105,17759.768052
-102.0,102,17768.901433
-103.0,103,17777.968066
-97.0,97,17786.803475
-86.0,86,17794.497026
-106.0,106,17804.142307
-105.0,105,17813.865829
-111.0,111,17824.465968
-90.0,90,17832.592302
-105.0,105,17841.949973
-104.0,104,17851.758917
-91.0,91,17860.238066
-108.0,108,17870.814651
-92.0,92,17880.033543
-104.0,104,17889.804947
-105.0,105,17899.714828
-101.0,101,17909.901815
-106.0,106,17920.566183
-104.0,104,17930.371005
-108.0,108,17940.266843
-114.0,114,17951.084973
-88.0,88,17959.248693
-105.0,105,17969.490747
-106.0,106,17979.489667
-88.0,88,17988.007342
-109.0,109,17999.162946
-103.0,103,18008.466132
-92.0,92,18017.030007
-110.0,110,18027.32745
-103.0,103,18036.83057
-106.0,106,18047.219241
-86.0,86,18055.653109
-91.0,91,18064.062651
-90.0,90,18072.341294
-100.0,100,18081.923846
-92.0,92,18090.377963
-104.0,104,18100.167444
-105.0,105,18110.502882
-105.0,105,18119.326003
-109.0,109,18129.415155
-93.0,93,18138.193506
-104.0,104,18146.687697
-106.0,106,18156.772971
-88.0,88,18164.476491
-111.0,111,18174.151258
-85.0,85,18182.254421
-106.0,106,18191.938304
-86.0,86,18200.468995
-106.0,106,18210.333817
-106.0,106,18220.510337
-107.0,107,18230.173091
-107.0,107,18240.467573
-111.0,111,18250.376612
-91.0,91,18259.024648
-85.0,85,18266.706428
-107.0,107,18277.676354
-108.0,108,18287.438574
-108.0,108,18296.701392
-106.0,106,18306.381975
-89.0,89,18314.706216
-112.0,112,18324.439822
-105.0,105,18333.51459
-110.0,110,18342.693075
-104.0,104,18352.113705
-110.0,110,18362.25453
-85.0,85,18369.924399
-106.0,106,18379.854064
-151.0,151,18392.948661
-90.0,90,18401.552362
-106.0,106,18410.636946
-107.0,107,18419.95704
-89.0,89,18428.331485
-106.0,106,18438.40211
-107.0,107,18448.465801
-88.0,88,18456.464399
-104.0,104,18466.448872
-151.0,151,18480.203781
-118.0,118,18490.451962
-146.0,146,18503.991351
-158.0,158,18518.232886
-145.0,145,18532.093757
-98.0,98,18541.758084
-110.0,110,18551.097739
-105.0,105,18561.12702
-104.0,104,18570.794624
-146.0,146,18584.12693
-117.0,117,18594.755656
-104.0,104,18604.318563
-158.0,158,18617.62164
-90.0,90,18625.817555
-167.0,167,18641.413157
-143.0,143,18654.629836
-144.0,144,18667.349556
-97.0,97,18675.926282
-86.0,86,18683.808248
-106.0,106,18693.967935
-92.0,92,18701.906086
-106.0,106,18711.376742
-114.0,114,18721.488061
-112.0,112,18732.180354
-105.0,105,18742.005616
-112.0,112,18753.270196
-105.0,105,18763.547779
-144.0,144,18777.1388
-106.0,106,18787.305205
-90.0,90,18795.792593
-89.0,89,18804.146429
-162.0,162,18818.708226
-145.0,145,18832.616707
-150.0,150,18846.138464
-84.0,84,18854.183439
-113.0,113,18864.261671
-144.0,144,18877.413985
-105.0,105,18887.394983
-107.0,107,18897.282174
-107.0,107,18907.200706
-88.0,88,18914.37639
-125.0,125,18924.652044
-115.0,115,18935.297171
-88.0,88,18943.68417
-200.0,200,18961.518164
-86.0,86,18969.428648
-184.0,184,18986.205806
-105.0,105,18995.881831
-85.0,85,19003.590841
-127.0,127,19015.07936
-152.0,152,19029.132122
-105.0,105,19038.623697
-84.0,84,19046.189114
-104.0,104,19055.284646
-86.0,86,19062.669865
-90.0,90,19071.190188
-104.0,104,19080.674237
-94.0,94,19089.247991
-93.0,93,19098.034362
-108.0,108,19108.308946
-110.0,110,19118.836701
-105.0,105,19127.959254
-117.0,117,19138.835597
-117.0,117,19149.740161
-99.0,99,19159.187633
-107.0,107,19168.560835
-107.0,107,19178.809012
-108.0,108,19189.232427
-106.0,106,19200.422328
-104.0,104,19209.960997
-90.0,90,19219.447884
-110.0,110,19229.695294
-106.0,106,19239.72603
-94.0,94,19248.522652
-108.0,108,19258.484412
-86.0,86,19266.389213
-106.0,106,19276.25362
-103.0,103,19284.945011
-105.0,105,19294.480451
-103.0,103,19304.246553
-90.0,90,19312.989509
-92.0,92,19321.530738
-108.0,108,19332.691854
-106.0,106,19343.483349
-88.0,88,19352.487662
-107.0,107,19363.35227
-99.0,99,19371.759707
-91.0,91,19380.781093
-104.0,104,19391.362354
-104.0,104,19401.194731
-88.0,88,19410.220128
-104.0,104,19421.109652
-107.0,107,19431.67031
-101.0,101,19441.223692
-109.0,109,19452.026104
-101.0,101,19461.923511
-111.0,111,19473.47454
-108.0,108,19483.945283
-87.0,87,19492.055041
-104.0,104,19501.959094
-103.0,103,19512.730741
-103.0,103,19522.965312
-103.0,103,19533.961053
-109.0,109,19544.27875
-106.0,106,19553.63107
-103.0,103,19564.707833
-107.0,107,19575.018522
-105.0,105,19585.529989
-93.0,93,19595.179268
-100.0,100,19605.199992
-104.0,104,19615.879191
-105.0,105,19626.208525
-107.0,107,19637.161028
-105.0,105,19647.647314
-101.0,101,19657.836871
-106.0,106,19668.533616
-107.0,107,19678.899003
-121.0,121,19690.235361
-106.0,106,19700.587697
-106.0,106,19711.097511
-108.0,108,19722.06398
-99.0,99,19731.03049
-103.0,103,19741.486628
-103.0,103,19751.934908
-101.0,101,19761.995039
-100.0,100,19771.980843
-86.0,86,19780.294427
-95.0,95,19789.719148
-105.0,105,19800.65852
-91.0,91,19809.904743
-90.0,90,19817.717414
-105.0,105,19828.124699
-98.0,98,19838.01391
-108.0,108,19849.058617
-87.0,87,19858.167369
-84.0,84,19866.058333
-104.0,104,19876.811029
-107.0,107,19887.495092
-100.0,100,19897.582448
-111.0,111,19907.273179
-105.0,105,19918.191931
-109.0,109,19928.812831
-93.0,93,19938.261302
-106.0,106,19948.450086
-89.0,89,19957.684091
-104.0,104,19967.86278
-107.0,107,19978.590818
-108.0,108,19989.041097
-85.0,85,19998.025274
-105.0,105,20008.230131
-108.0,108,20019.186406
-101.0,101,20029.576393
-88.0,88,20038.58779
-107.0,107,20049.765552
-108.0,108,20060.560435
-113.0,113,20071.662637
-151.0,151,20086.700482
-115.0,115,20096.697434
-111.0,111,20108.184865
-104.0,104,20117.63714
-91.0,91,20126.311809
-107.0,107,20136.853913
-105.0,105,20145.885072
-104.0,104,20155.998562
-105.0,105,20166.013891
-88.0,88,20175.030703
-109.0,109,20184.718182
-105.0,105,20194.686555
-104.0,104,20205.411572
-91.0,91,20214.135642
-105.0,105,20224.506956
-94.0,94,20233.758384
-91.0,91,20242.941208
-85.0,85,20251.085554
-105.0,105,20261.153039
-119.0,119,20273.31773
-103.0,103,20282.817878
-108.0,108,20292.618129
-93.0,93,20301.262428
-107.0,107,20311.197805
-117.0,117,20322.66687
-104.0,104,20332.621665
-161.0,161,20348.70729
-113.0,113,20359.629523
-107.0,107,20370.191662
-85.0,85,20378.718215
-94.0,94,20387.728101
-106.0,106,20397.791981
-111.0,111,20407.87792
-91.0,91,20416.499352
-98.0,98,20426.774631
-108.0,108,20437.102908
-100.0,100,20447.273593
-88.0,88,20455.378834
-150.0,150,20468.864676
-108.0,108,20479.207028
-100.0,100,20487.99654
-87.0,87,20495.81366
-106.0,106,20505.832813
-104.0,104,20515.522669
-155.0,155,20529.678204
-108.0,108,20539.713721
-105.0,105,20550.22351
-99.0,99,20559.567224
-108.0,108,20569.915707
-95.0,95,20578.76645
-107.0,107,20589.943085
-106.0,106,20599.829319
-106.0,106,20610.038659
-107.0,107,20620.169086
-107.0,107,20630.109277
-109.0,109,20640.453909
-111.0,111,20651.198256
-104.0,104,20661.036043
-97.0,97,20670.192123
-107.0,107,20681.046149
-104.0,104,20691.012714
-104.0,104,20701.157995
-111.0,111,20711.436482
-106.0,106,20721.536682
-85.0,85,20729.300205
-147.0,147,20741.709528
-105.0,105,20751.604857
-105.0,105,20761.653658
-109.0,109,20771.264304
-106.0,106,20781.044598
-105.0,105,20789.963489
-110.0,110,20799.987051
-112.0,112,20810.370707
-83.0,83,20818.505684
-107.0,107,20828.043854
-100.0,100,20836.699439
-101.0,101,20845.909955
-104.0,104,20855.445704
-86.0,86,20863.768271
-111.0,111,20873.39708
-104.0,104,20883.511592
-103.0,103,20893.583056
-104.0,104,20902.803641
-108.0,108,20912.598943
-105.0,105,20922.748047
-104.0,104,20932.534382
-110.0,110,20942.56442
-88.0,88,20950.789542
-107.0,107,20961.025713
-112.0,112,20971.356874
-106.0,106,20981.628858
-103.0,103,20990.64449
-118.0,118,21001.775363
-116.0,116,21012.982914
-105.0,105,21023.067784
-104.0,104,21032.577625
-89.0,89,21041.094408
-105.0,105,21051.067129
-90.0,90,21060.029578
-104.0,104,21069.443178
-88.0,88,21077.945203
-83.0,83,21085.442729
-87.0,87,21093.783367
-95.0,95,21102.282008
-113.0,113,21112.515129
-106.0,106,21122.772689
-106.0,106,21132.587921
-103.0,103,21142.010849
-87.0,87,21150.143735
-107.0,107,21160.347843
-95.0,95,21168.922294
-109.0,109,21178.487031
-106.0,106,21187.796122
-105.0,105,21197.665734
-108.0,108,21207.757368
-106.0,106,21217.806617
-92.0,92,21226.279773
-113.0,113,21236.722627
-105.0,105,21246.595213
-88.0,88,21255.410021
-108.0,108,21265.464896
-113.0,113,21276.420567
-104.0,104,21286.345227
-106.0,106,21295.103493
-106.0,106,21305.098997
-105.0,105,21314.635259
-107.0,107,21324.411834
-105.0,105,21333.913981
-103.0,103,21343.709333
-104.0,104,21353.140718
-107.0,107,21362.671686
-108.0,108,21373.022814
-103.0,103,21382.355328
-111.0,111,21391.807156
-103.0,103,21401.075175
-104.0,104,21410.102185
-103.0,103,21419.243513
-100.0,100,21428.303656
-107.0,107,21437.71417
-91.0,91,21446.100909
-105.0,105,21455.213516
-105.0,105,21465.314221
-102.0,102,21475.104845
-101.0,101,21484.193388
-108.0,108,21494.583285
-85.0,85,21502.893867
-106.0,106,21512.444255
-92.0,92,21521.332212
-103.0,103,21530.515009
-90.0,90,21538.719706
-105.0,105,21548.025025
-107.0,107,21558.348973
-106.0,106,21568.486722
-105.0,105,21577.102715
-84.0,84,21584.733709
-85.0,85,21593.147161
-107.0,107,21603.749846
-105.0,105,21613.387957
-92.0,92,21621.466624
-105.0,105,21631.29429
-104.0,104,21641.012436
-84.0,84,21648.581579
-102.0,102,21658.239667
-109.0,109,21668.474849
-92.0,92,21677.010221
-105.0,105,21686.687777
-105.0,105,21696.093046
-105.0,105,21705.725842
-104.0,104,21714.712979
-105.0,105,21724.55794
-92.0,92,21732.851453
-107.0,107,21742.761753
-106.0,106,21752.49227
-103.0,103,21762.320039
-108.0,108,21772.059315
-103.0,103,21781.116374
-107.0,107,21790.707833
-84.0,84,21798.094937
-105.0,105,21807.79156
-107.0,107,21817.357383
-107.0,107,21827.097762
-105.0,105,21836.994175
-87.0,87,21844.950244
-105.0,105,21855.34639
-104.0,104,21864.911085
-86.0,86,21872.879131
-113.0,113,21883.325695
-85.0,85,21890.763477
-102.0,102,21900.637734
-107.0,107,21910.776534
-104.0,104,21920.636046
-106.0,106,21930.288271
-84.0,84,21937.647627
-109.0,109,21947.87031
-111.0,111,21958.342773
-104.0,104,21967.378703
-106.0,106,21977.130841
-104.0,104,21987.139628
-107.0,107,21997.052429
-93.0,93,22005.429878
-106.0,106,22015.394601
-86.0,86,22023.658602
-105.0,105,22032.458353
-93.0,93,22040.997444
-92.0,92,22049.258682
-106.0,106,22058.586969
-84.0,84,22066.301648
-92.0,92,22074.387532
-105.0,105,22082.816151
-112.0,112,22093.546941
-108.0,108,22103.242317
-86.0,86,22110.609788
-105.0,105,22119.540407
-86.0,86,22126.854487
-150.0,150,22140.250553
-105.0,105,22149.819911
-146.0,146,22163.163623
-95.0,95,22171.945401
-97.0,97,22181.26051
-93.0,93,22190.549218
-104.0,104,22200.099236
-105.0,105,22210.125266
-104.0,104,22219.225498
-106.0,106,22228.736072
-104.0,104,22237.30365
-105.0,105,22247.066111
-105.0,105,22257.172283
-106.0,106,22266.453322
-145.0,145,22279.157263
-150.0,150,22293.667785
-147.0,147,22307.267149
-106.0,106,22316.49799
-106.0,106,22326.811923
-111.0,111,22337.048032
-85.0,85,22345.0013
-108.0,108,22354.0988
-105.0,105,22363.944266
-108.0,108,22373.837101
-106.0,106,22383.526988
-104.0,104,22392.498243
-105.0,105,22401.653049
-107.0,107,22411.982255
-105.0,105,22422.13817
-88.0,88,22430.555624
-84.0,84,22438.171499
-109.0,109,22448.540956
-104.0,104,22458.19378
-107.0,107,22467.717735
-86.0,86,22475.950405
-105.0,105,22485.716759
-174.0,174,22501.625226
-105.0,105,22512.230618
-108.0,108,22523.051162
-109.0,109,22533.102496
-106.0,106,22543.029251
-107.0,107,22552.864923
-88.0,88,22561.990384
-109.0,109,22571.697385
-106.0,106,22581.052902
-104.0,104,22590.794759
-97.0,97,22599.536867
-105.0,105,22610.308732
-107.0,107,22620.393115
-90.0,90,22629.023546
-148.0,148,22643.548166
-105.0,105,22652.739598
-107.0,107,22662.105191
-105.0,105,22671.666661
-104.0,104,22681.280916
-89.0,89,22689.347186
-105.0,105,22699.407708
-107.0,107,22709.519288
-115.0,115,22721.258625
-86.0,86,22728.550879
-109.0,109,22738.826237
-105.0,105,22748.678867
-100.0,100,22758.24335
-87.0,87,22766.39367
-105.0,105,22776.415831
-107.0,107,22785.832429
-108.0,108,22796.483624
-94.0,94,22805.308117
-105.0,105,22815.007546
-96.0,96,22823.937887
-103.0,103,22833.626099
-108.0,108,22843.234099
-106.0,106,22852.741452
-88.0,88,22860.554559
-110.0,110,22870.277653
-104.0,104,22879.730307
-127.0,127,22890.384019
-103.0,103,22899.750987
-89.0,89,22907.535867
-103.0,103,22916.531914
-102.0,102,22926.567067
-105.0,105,22936.788958
-105.0,105,22947.081636
-110.0,110,22957.059062
-90.0,90,22965.367315
-106.0,106,22975.587946
-102.0,102,22984.990612
-101.0,101,22993.972047
-93.0,93,23002.468562
-103.0,103,23012.504715
-107.0,107,23022.073949
-108.0,108,23032.319206
-86.0,86,23040.05739
-105.0,105,23049.514624
-109.0,109,23059.414581
-100.0,100,23068.8665
-111.0,111,23079.378942
-105.0,105,23089.496394
-104.0,104,23099.246552
-104.0,104,23108.78871
-104.0,104,23118.774027
-106.0,106,23127.971997
-90.0,90,23136.393239
-104.0,104,23146.646247
-105.0,105,23156.657711
-87.0,87,23164.650304
-86.0,86,23172.628124
-106.0,106,23182.369748
-112.0,112,23192.992006
-104.0,104,23202.756633
-105.0,105,23211.112962
-93.0,93,23220.182912
-98.0,98,23228.93529
-108.0,108,23239.043916
-105.0,105,23248.950355
-106.0,106,23259.107992
-111.0,111,23269.621338
-104.0,104,23279.347998
-104.0,104,23289.092597
-100.0,100,23297.741277
-108.0,108,23307.601822
-104.0,104,23317.292822
-105.0,105,23327.193961
-104.0,104,23337.29464
-102.0,102,23346.279107
-108.0,108,23356.729487
-105.0,105,23366.627306
-103.0,103,23375.940322
-108.0,108,23386.195858
-106.0,106,23395.556342
-104.0,104,23405.099751
-103.0,103,23414.369946
-107.0,107,23424.153056
-109.0,109,23434.383202
-86.0,86,23442.396556
-105.0,105,23451.935202
-109.0,109,23461.700363
-105.0,105,23471.301287
-103.0,103,23480.546657
-106.0,106,23489.554045
-102.0,102,23499.022376
-104.0,104,23507.667557
-107.0,107,23518.027155
-113.0,113,23528.190745
-108.0,108,23537.896735
-90.0,90,23546.870851
-101.0,101,23556.161755
-90.0,90,23563.999594
-103.0,103,23573.826689
-89.0,89,23581.612885
-87.0,87,23590.14124
-106.0,106,23599.876466
-109.0,109,23609.633924
-110.0,110,23619.770343
-104.0,104,23628.791014
-88.0,88,23636.718011
-104.0,104,23645.841017
-87.0,87,23654.113724
-106.0,106,23663.597562
-90.0,90,23671.918892
-104.0,104,23681.994745
-104.0,104,23691.913611
-86.0,86,23700.332752
-105.0,105,23710.437824
-105.0,105,23720.811321
-105.0,105,23730.405553
-105.0,105,23740.17873
-107.0,107,23750.730091
-105.0,105,23761.178203
-104.0,104,23770.347208
-105.0,105,23780.167086
-106.0,106,23790.624685
-115.0,115,23801.371681
-102.0,102,23810.876896
-94.0,94,23820.255603
-104.0,104,23830.231729
-105.0,105,23840.884367
-106.0,106,23851.37369
-92.0,92,23860.639653
-106.0,106,23871.09263
-107.0,107,23881.631195
-103.0,103,23891.756249
-107.0,107,23901.421593
-84.0,84,23909.17677
-105.0,105,23918.975321
-106.0,106,23929.325215
-86.0,86,23936.966158
-104.0,104,23946.942848
-86.0,86,23955.575728
-94.0,94,23964.194439
-89.0,89,23972.991812
-91.0,91,23981.468754
-86.0,86,23989.540051
-104.0,104,23998.126978
-93.0,93,24007.054619
-147.0,147,24021.057748
-88.0,88,24028.915352
-109.0,109,24039.232321
-106.0,106,24049.307911
-91.0,91,24057.902143
-107.0,107,24067.264111
-104.0,104,24076.432993
-99.0,99,24085.242575
-93.0,93,24094.014988
-101.0,101,24103.6266
-104.0,104,24113.58595
-141.0,141,24127.689747
-106.0,106,24137.666572
-110.0,110,24147.736943
-108.0,108,24157.926229
-110.0,110,24167.986569
-116.0,116,24178.738994
-89.0,89,24187.22867
-109.0,109,24197.744754
-93.0,93,24206.739702
-114.0,114,24216.876471
-91.0,91,24225.812804
-108.0,108,24235.910553
-118.0,118,24246.63271
-125.0,125,24258.02957
-106.0,106,24268.097495
-96.0,96,24277.66043
-86.0,86,24285.790672
-103.0,103,24294.6725
-108.0,108,24305.493993
-106.0,106,24315.638583
-104.0,104,24325.020678
-108.0,108,24335.032555
-105.0,105,24344.838542
-88.0,88,24353.131123
-90.0,90,24361.580695
-92.0,92,24370.635562
-110.0,110,24380.791203
-105.0,105,24390.184115
-109.0,109,24399.816216
-86.0,86,24407.920037
-85.0,85,24415.939558
-103.0,103,24424.77619
-86.0,86,24432.446014
-88.0,88,24440.640551
-104.0,104,24450.714091
-84.0,84,24458.870274
-90.0,90,24466.95123
-104.0,104,24476.60715
-103.0,103,24486.578158
-112.0,112,24497.484715
-109.0,109,24507.608301
-92.0,92,24516.525302
-106.0,106,24525.97731
-103.0,103,24535.502182
-103.0,103,24545.018335
-84.0,84,24552.89518
-108.0,108,24563.842385
-163.0,163,24578.783982
-109.0,109,24589.532732
-91.0,91,24597.801251
-104.0,104,24607.862853
-109.0,109,24618.687573
-84.0,84,24626.823865
-108.0,108,24637.253515
-91.0,91,24645.682626
-103.0,103,24654.906282
-105.0,105,24664.480897
-111.0,111,24674.961783
-185.0,185,24691.649059
-103.0,103,24701.396233
-110.0,110,24711.670133
-111.0,111,24722.360393
-84.0,84,24730.779316
-87.0,87,24738.673698
-109.0,109,24749.040255
-106.0,106,24759.199752
-93.0,93,24768.114392
-89.0,89,24775.562998
-90.0,90,24784.592487
-107.0,107,24794.95124
-111.0,111,24805.65853
-108.0,108,24816.091089
-110.0,110,24826.181791
-106.0,106,24835.95036
-109.0,109,24845.171553
-105.0,105,24854.987099
-110.0,110,24865.184098
-111.0,111,24875.646182
-107.0,107,24885.605305
-106.0,106,24895.281896
-104.0,104,24904.645076
-98.0,98,24912.917073
-107.0,107,24922.635872
-85.0,85,24930.341458
-105.0,105,24940.562791
-105.0,105,24950.626883
-105.0,105,24960.08288
-107.0,107,24970.078993
-105.0,105,24979.702734
-106.0,106,24989.324166
-88.0,88,24996.858802
-83.0,83,25004.472693
-108.0,108,25014.156549
-105.0,105,25023.847552
-102.0,102,25033.184971
-119.0,119,25043.769461
-107.0,107,25053.702844
-106.0,106,25063.776688
-108.0,108,25072.878273
-88.0,88,25081.296024
-103.0,103,25090.583132
-107.0,107,25100.090986
-106.0,106,25109.73353
-85.0,85,25117.944566
-104.0,104,25128.102844
-91.0,91,25136.226573
-87.0,87,25144.26055
-95.0,95,25152.33483
-105.0,105,25161.851293
-105.0,105,25171.61093
-105.0,105,25180.964227
-89.0,89,25188.778924
-106.0,106,25198.504876
-100.0,100,25207.678486
-106.0,106,25217.440037
-91.0,91,25225.614452
-101.0,101,25235.626624
-93.0,93,25244.567595
-87.0,87,25252.022201
-105.0,105,25261.229369
-101.0,101,25269.428241
-106.0,106,25278.829072
-86.0,86,25286.762795
-106.0,106,25295.887613
-95.0,95,25304.828691
-108.0,108,25314.922683
-103.0,103,25324.677297
-107.0,107,25334.352315
-85.0,85,25342.390898
-86.0,86,25350.253571
-93.0,93,25359.010085
-95.0,95,25367.397459
-108.0,108,25377.697234
-91.0,91,25384.961177
-102.0,102,25393.844863
-91.0,91,25402.308731
-98.0,98,25411.419126
-103.0,103,25419.796065
-104.0,104,25428.875992
-88.0,88,25436.394664
-109.0,109,25446.186532
-104.0,104,25455.848917
-103.0,103,25464.595446
-105.0,105,25474.761376
-107.0,107,25484.225534
-105.0,105,25493.489891
-85.0,85,25501.744935
-94.0,94,25510.454814
-85.0,85,25518.069242
-103.0,103,25527.242422
-86.0,86,25534.668055
-106.0,106,25543.847165
-104.0,104,25554.193895
-92.0,92,25562.529059
-105.0,105,25572.974325
-100.0,100,25582.498582
-107.0,107,25592.631582
-89.0,89,25601.193728
-111.0,111,25612.297536
-105.0,105,25622.412944
-105.0,105,25631.568006
-105.0,105,25641.193879
-108.0,108,25651.096448
-109.0,109,25661.091607
-106.0,106,25670.011435
-105.0,105,25679.889483
-106.0,106,25689.834438
-103.0,103,25699.189788
-151.0,151,25713.361542
-105.0,105,25723.351778
-90.0,90,25732.137411
-109.0,109,25741.959104
-109.0,109,25752.160413
-113.0,113,25762.982085
-108.0,108,25773.008082
-104.0,104,25782.613764
-110.0,110,25792.965614
-100.0,100,25802.070501
-85.0,85,25809.961421
-109.0,109,25820.474222
-108.0,108,25830.298241
-94.0,94,25839.101318
-104.0,104,25848.7139
-106.0,106,25858.704701
-96.0,96,25867.643841
-101.0,101,25877.06973
-89.0,89,25885.148484
-105.0,105,25894.54232
-167.0,167,25909.404768
-100.0,100,25918.242776
-109.0,109,25928.108308
-148.0,148,25942.006434
-86.0,86,25950.345037
-102.0,102,25960.003282
-106.0,106,25970.450448
-113.0,113,25980.951282
-99.0,99,25990.32911
-92.0,92,25998.917812
-95.0,95,26007.748844
-104.0,104,26016.956301
-167.0,167,26032.135077
-156.0,156,26047.075614
-90.0,90,26055.916378
-86.0,86,26063.611525
-109.0,109,26073.567847
-106.0,106,26082.14727
-92.0,92,26090.591246
-104.0,104,26100.684539
-91.0,91,26109.072324
-98.0,98,26118.553279
-113.0,113,26129.094268
-90.0,90,26137.167029
-123.0,123,26148.463064
-148.0,148,26162.156116
-115.0,115,26172.986862
-127.0,127,26183.921079
-122.0,122,26195.12109
-107.0,107,26204.909309
-149.0,149,26218.560701
-105.0,105,26227.84443
-151.0,151,26241.73783
-95.0,95,26251.076673
-87.0,87,26259.463565
-105.0,105,26268.680571
-107.0,107,26279.393015
-105.0,105,26289.718992
-106.0,106,26299.687329
-148.0,148,26313.050282
-104.0,104,26322.491712
-105.0,105,26332.488952
-127.0,127,26343.878889
-111.0,111,26354.215534
-106.0,106,26364.638475
-93.0,93,26373.586793
-105.0,105,26382.765835
-110.0,110,26393.152189
-145.0,145,26406.985098
-96.0,96,26415.815073
-109.0,109,26426.178404
-146.0,146,26440.268734
-154.0,154,26454.426964
-98.0,98,26463.570726
-104.0,104,26472.49699
-154.0,154,26486.140434
-108.0,108,26496.307786
-107.0,107,26506.193694
-97.0,97,26515.420583
-109.0,109,26525.928789
-86.0,86,26533.848046
-124.0,124,26545.72237
-106.0,106,26555.729249
-149.0,149,26569.836897
-106.0,106,26579.21764
-108.0,108,26588.993117
-105.0,105,26598.808613
-161.0,161,26614.588176
-83.0,83,26622.568691
-157.0,157,26637.621971
-107.0,107,26648.020073
-107.0,107,26657.048191
-107.0,107,26667.610729
-112.0,112,26678.976354
-102.0,102,26688.632665
-106.0,106,26698.16491
-150.0,150,26712.580914
-113.0,113,26723.136282
-85.0,85,26731.098778
-106.0,106,26740.704036
-106.0,106,26750.96079
-88.0,88,26759.751149
-107.0,107,26769.451086
-108.0,108,26779.565577
-113.0,113,26789.612826
-166.0,166,26806.013655
-103.0,103,26815.052812
-117.0,117,26825.80659
-105.0,105,26835.643806
-116.0,116,26846.823773
-107.0,107,26856.05338
-88.0,88,26863.785426
-109.0,109,26874.20518
-158.0,158,26888.608355
-84.0,84,26896.6951
-147.0,147,26910.493644
-93.0,93,26918.142878
-108.0,108,26927.761836
-96.0,96,26936.598933
-89.0,89,26945.524529
-125.0,125,26957.702707
-85.0,85,26965.623271
-106.0,106,26975.437609
-107.0,107,26985.254889
-95.0,95,26993.093202
-87.0,87,27000.632508
-96.0,96,27009.65696
-146.0,146,27022.768009
-84.0,84,27029.833063
-105.0,105,27038.862372
-106.0,106,27048.893956
-108.0,108,27058.774386
-146.0,146,27072.532722
-108.0,108,27081.900966
-103.0,103,27091.929897
-148.0,148,27105.06799
-119.0,119,27115.172034
-110.0,110,27126.531966
-94.0,94,27135.793714
-92.0,92,27144.348126
-87.0,87,27152.552679
-98.0,98,27162.320698
-92.0,92,27171.113007
-91.0,91,27180.271971
-116.0,116,27191.409198
-117.0,117,27201.432076
-112.0,112,27212.100624
-85.0,85,27220.319592
-107.0,107,27230.823052
-107.0,107,27241.94075
-105.0,105,27252.826555
-87.0,87,27261.506021
-106.0,106,27271.417533
-105.0,105,27280.813293
-108.0,108,27291.103135
-105.0,105,27300.342629
-116.0,116,27312.048815
-107.0,107,27322.875225
-107.0,107,27332.42836
-109.0,109,27342.895379
-107.0,107,27352.819972
-111.0,111,27363.866346
-103.0,103,27373.194444
-105.0,105,27383.337857
-105.0,105,27393.882843
-87.0,87,27402.183675
-101.0,101,27410.93229
-107.0,107,27421.511771
-109.0,109,27431.486263
-106.0,106,27441.479438
-108.0,108,27451.394882
-106.0,106,27460.979274
-106.0,106,27471.077425
-109.0,109,27481.054395
-103.0,103,27491.146147
-107.0,107,27501.119978
-88.0,88,27509.486839
-110.0,110,27519.533233
-83.0,83,27527.112577
-103.0,103,27536.468965
-106.0,106,27546.459416
-85.0,85,27554.394842
-161.0,161,27569.282315
-133.0,133,27581.824415
-93.0,93,27591.118106
-108.0,108,27601.781243
-106.0,106,27611.398131
-86.0,86,27619.613339
-106.0,106,27629.037552
-87.0,87,27637.143575
-108.0,108,27648.096965
-102.0,102,27656.786547
-92.0,92,27665.065211
-108.0,108,27674.728526
-111.0,111,27685.300496
-102.0,102,27693.849213
-106.0,106,27703.90233
-87.0,87,27712.063466
-104.0,104,27721.856733
-91.0,91,27730.608533
-101.0,101,27740.262503
-89.0,89,27748.950889
-106.0,106,27758.927158
-92.0,92,27767.497626
-86.0,86,27775.526552
-105.0,105,27785.299111
-97.0,97,27794.424894
-112.0,112,27804.68059
-100.0,100,27813.523188
-112.0,112,27824.502205
-111.0,111,27835.238949
-111.0,111,27845.782559
